v,k,t,size,low_bd,schoenheim,gap,gap_schoenheim,"C(v,t)","C(k,t)",last_improvement,years_stale,n_improvements,eligible,sweet
32,8,4,620,552,532,68,88,35960,70,1996-11-14,29.3,1,1,1
24,6,4,784,720,720,64,64,10626,15,1996-11-14,29.3,1,1,1
22,6,4,580,539,539,41,41,7315,15,1996-11-14,29.3,1,1,1
22,5,4,1573,1549,1549,24,24,7315,5,1996-11-14,29.3,1,1,1
24,12,5,86,72,68,14,18,42504,792,1996-11-14,29.3,1,1,1
20,12,5,42,32,24,10,18,15504,792,1996-11-14,29.3,1,1,1
30,16,5,62,53,53,9,9,142506,4368,1996-11-14,29.3,1,1,1
28,9,3,56,50,44,6,12,3276,84,1996-11-14,29.3,1,1,1
30,9,3,66,60,50,6,16,4060,84,1996-11-14,29.3,1,1,1
30,12,3,30,25,20,5,10,4060,220,1996-11-14,29.3,1,1,1
20,12,4,20,15,12,5,8,4845,495,1996-11-14,29.3,1,1,1
21,5,3,151,147,147,4,4,1330,10,1996-11-14,29.3,1,1,1
24,6,3,116,112,112,4,4,2024,20,1996-11-14,29.3,1,1,1
29,9,3,59,55,46,4,13,3654,84,1996-11-14,29.3,1,1,1
21,11,4,31,27,27,4,4,5985,330,1996-11-14,29.3,1,1,1
23,12,4,31,27,27,4,4,8855,495,1996-11-14,29.3,1,1,1
27,14,4,31,27,27,4,4,17550,1001,1996-11-14,29.3,1,1,1
25,16,4,17,13,11,4,6,12650,1820,1996-11-14,29.3,1,1,1
22,15,5,22,18,17,4,5,26334,3003,1996-11-14,29.3,1,1,1
23,16,5,20,16,13,4,7,33649,4368,1996-11-14,29.3,1,1,1
24,16,5,24,20,17,4,7,42504,4368,1996-11-14,29.3,1,1,1
23,10,3,24,21,19,3,5,1771,120,1996-11-14,29.3,1,1,1
29,15,4,31,28,28,3,3,23751,1365,1996-11-14,29.3,1,1,1
31,16,5,62,59,59,3,3,169911,4368,1996-11-14,29.3,1,1,1
21,10,3,18,16,15,2,3,1330,120,1996-11-14,29.3,1,1,1
22,10,3,19,17,16,2,3,1540,120,1996-11-14,29.3,1,1,1
22,13,3,11,9,7,2,4,1540,286,1996-11-14,29.3,1,1,1
24,14,3,11,9,7,2,4,2024,364,1996-11-14,29.3,1,1,1
26,15,3,11,9,7,2,4,2600,455,1996-11-14,29.3,1,1,1
28,16,3,11,9,7,2,4,3276,560,1996-11-14,29.3,1,1,1
21,14,4,14,12,11,2,3,5985,1001,1996-11-14,29.3,1,1,1
22,14,4,17,15,11,2,6,7315,1001,1996-11-14,29.3,1,1,1
23,15,4,15,13,11,2,4,8855,1365,1996-11-14,29.3,1,1,1
31,16,4,30,28,28,2,2,31465,1820,1996-11-14,29.3,1,1,1
20,14,5,18,16,13,2,5,15504,2002,1996-11-14,29.3,1,1,1
21,15,5,16,14,12,2,4,20349,3003,1996-11-14,29.3,1,1,1
26,9,3,39,38,38,1,1,2600,84,1996-11-14,29.3,1,1,1
20,10,3,15,14,14,1,1,1140,120,1996-11-14,29.3,1,1,1
31,10,3,48,47,44,1,4,4495,120,1996-11-14,29.3,1,1,1
22,11,3,15,14,14,1,1,1540,165,1996-11-14,29.3,1,1,1
20,12,3,10,9,7,1,3,1140,220,1996-11-14,29.3,1,1,1
23,12,3,14,13,12,1,2,1771,220,1996-11-14,29.3,1,1,1
25,13,3,14,13,12,1,2,2300,286,1996-11-14,29.3,1,1,1
26,13,3,15,14,14,1,1,2600,286,1996-11-14,29.3,1,1,1
23,14,3,10,9,7,1,3,1771,364,1996-11-14,29.3,1,1,1
26,14,3,13,12,8,1,5,2600,364,1996-11-14,29.3,1,1,1
28,14,3,15,14,14,1,1,3276,364,1996-11-14,29.3,1,1,1
25,15,3,10,9,7,1,3,2300,455,1996-11-14,29.3,1,1,1
30,15,3,15,14,14,1,1,4060,455,1996-11-14,29.3,1,1,1
24,12,4,31,30,30,1,1,10626,495,1996-11-14,29.3,1,1,1
28,14,4,31,30,30,1,1,20475,1001,1996-11-14,29.3,1,1,1
22,15,4,12,11,9,1,3,7315,1365,1996-11-14,29.3,1,1,1
30,15,4,31,30,30,1,1,27405,1365,1996-11-14,29.3,1,1,1
23,16,4,11,10,8,1,3,8855,1820,1996-11-14,29.3,1,1,1
24,16,4,12,11,11,1,1,10626,1820,1996-11-14,29.3,1,1,1
22,16,5,14,13,10,1,4,26334,4368,1996-11-14,29.3,1,1,1
21,6,3,77,74,70,3,7,1330,20,1997-01-21,29.1,2,1,1
26,16,4,18,15,12,3,6,14950,1820,1997-01-15,29.1,2,1,1
30,16,3,13,12,8,1,5,4060,560,1997-03-27,28.9,2,1,1
28,16,4,24,20,14,4,10,20475,1820,1997-04-25,28.8,2,1,1
20,7,3,45,43,38,2,7,1140,35,1997-08-06,28.6,3,1,1
25,12,3,17,15,15,2,2,2300,220,1997-10-06,28.4,2,1,1
26,8,5,1452,1300,1300,152,152,65780,56,1997-10-31,28.3,2,1,1
25,7,4,440,400,400,40,40,12650,35,1997-10-31,28.3,2,1,1
20,5,3,133,124,116,9,17,1140,10,1997-10-31,28.3,4,1,1
22,5,3,172,163,163,9,9,1540,10,1997-11-13,28.3,4,1,1
23,5,3,187,180,180,7,7,1771,10,1997-10-31,28.3,2,1,1
22,7,4,252,233,220,19,32,7315,35,1998-01-08,28.1,2,1,1
28,15,5,62,51,51,11,11,98280,3003,1998-06-29,27.7,2,1,1
29,14,4,43,34,34,9,9,23751,1001,1998-06-29,27.7,2,1,1
29,13,3,21,17,16,4,5,3654,286,1998-07-01,27.7,3,1,1
28,13,3,19,16,16,3,3,3276,286,1998-06-29,27.7,2,1,1
25,7,3,83,75,72,8,11,2300,35,1998-11-24,27.3,5,1,1
26,11,3,26,24,19,2,7,2600,165,1998-11-13,27.3,2,1,1
27,14,3,14,13,12,1,2,2925,364,1999-08-17,26.5,2,1,1
22,10,4,54,47,42,7,12,7315,210,1999-12-21,26.2,2,1,1
26,10,3,33,29,24,4,9,2600,120,1999-12-21,26.2,2,1,1
30,10,3,46,42,39,4,7,4060,120,1999-12-21,26.2,2,1,1
21,9,3,24,21,19,3,5,1330,84,1999-12-21,26.2,2,1,1
29,15,5,67,58,58,9,9,118755,3003,2000-01-19,26.1,3,1,1
26,13,4,37,30,30,7,7,14950,715,2000-04-27,25.8,3,1,1
27,13,4,42,36,34,6,8,17550,715,2000-04-27,25.8,3,1,1
32,10,3,60,52,45,8,15,4960,120,2000-06-15,25.7,3,1,1
24,9,3,35,32,32,3,3,2024,84,2000-05-31,25.7,3,1,1
32,11,3,40,38,38,2,2,4960,165,2000-06-15,25.7,3,1,1
24,13,3,13,12,8,1,5,2024,286,2000-06-15,25.7,2,1,1
25,14,3,12,11,8,1,4,2300,364,2000-06-15,25.7,2,1,1
25,6,4,992,925,921,67,71,12650,15,2000-07-31,25.6,4,1,1
32,8,3,106,104,92,2,14,4960,56,2000-09-12,25.5,2,1,1
20,8,4,93,83,83,10,10,4845,70,2000-12-08,25.2,3,1,1
21,8,3,35,32,32,3,3,1330,56,2001-01-19,25.1,4,1,1
25,8,3,57,54,44,3,13,2300,56,2001-01-19,25.1,4,1,1
23,9,3,32,29,23,3,9,1771,84,2001-01-24,25.1,4,1,1
22,8,3,38,36,33,2,5,1540,56,2001-01-19,25.1,3,1,1
23,8,3,40,38,38,2,2,1771,56,2001-01-18,25.1,2,1,1
21,7,3,49,48,42,1,7,1330,35,2001-01-17,25.1,4,1,1
20,9,3,21,20,18,1,3,1140,84,2001-01-24,25.1,3,1,1
24,8,3,50,45,42,5,8,2024,56,2001-04-19,24.9,4,1,1
21,12,4,25,20,14,5,11,5985,495,2001-04-18,24.9,2,1,1
20,11,4,28,24,22,4,6,4845,330,2001-04-18,24.9,3,1,1
30,7,3,142,125,125,17,17,4060,35,2001-05-21,24.8,4,1,1
26,16,5,41,25,20,16,21,65780,4368,2001-05-03,24.8,2,1,1
31,7,3,153,138,133,15,20,4495,35,2001-05-03,24.8,2,1,1
24,14,5,49,35,26,14,23,42504,2002,2001-05-07,24.8,4,1,1
25,15,4,21,15,12,6,9,12650,1365,2001-05-03,24.8,2,1,1
20,10,4,36,32,30,4,6,4845,210,2001-05-03,24.8,3,1,1
28,15,4,29,25,23,4,6,20475,1365,2001-05-21,24.8,3,1,1
28,15,3,13,12,8,1,5,3276,455,2001-05-21,24.8,3,1,1
27,16,4,22,16,12,6,10,17550,1820,2001-07-05,24.7,2,1,1
25,11,3,23,19,19,4,4,2300,165,2001-06-12,24.7,2,1,1
30,11,3,37,33,33,4,4,4060,165,2001-06-19,24.7,3,1,1
32,15,3,18,15,15,3,3,4960,455,2001-06-12,24.7,2,1,1
31,11,3,39,37,34,2,5,4495,165,2001-06-19,24.7,2,1,1
30,16,4,29,27,23,2,6,27405,1820,2001-07-05,24.7,2,1,1
32,6,3,300,267,267,33,33,4960,20,2001-07-30,24.6,4,1,1
31,6,3,273,248,248,25,25,4495,20,2001-07-30,24.6,4,1,1
21,11,5,79,62,58,17,21,20349,462,2001-07-31,24.6,5,1,1
30,6,3,225,210,205,15,20,4060,20,2001-07-30,24.6,4,1,1
22,11,4,38,32,30,6,8,7315,330,2001-07-31,24.6,2,1,1
21,9,4,75,66,54,9,21,5985,126,2001-08-15,24.5,10,1,1
24,5,3,231,222,221,9,10,2024,10,2001-09-24,24.4,3,1,1
31,4,3,1165,1163,1163,2,2,4495,4,2001-09-24,24.4,3,1,1
26,12,3,18,17,16,1,2,2600,220,2001-09-24,24.4,2,1,1
26,11,4,82,67,48,15,34,14950,330,2003-01-27,23.1,5,1,1
23,11,4,42,36,34,6,8,8855,330,2003-01-27,23.1,2,1,1
25,9,3,38,34,34,4,4,2300,84,2004-07-26,21.6,2,1,1
27,12,3,22,18,18,4,4,2925,220,2004-07-26,21.6,3,1,1
22,12,4,28,24,22,4,6,7315,495,2004-07-21,21.6,2,1,1
24,13,4,28,24,23,4,5,10626,715,2004-07-20,21.6,4,1,1
24,14,4,23,19,14,4,9,10626,1001,2004-07-20,21.6,2,1,1
28,12,3,24,21,19,3,5,3276,220,2004-07-26,21.6,2,1,1
31,14,3,21,18,16,3,5,4495,364,2004-07-26,21.6,3,1,1
21,13,4,18,15,12,3,6,5985,715,2004-07-21,21.6,2,1,1
26,14,4,28,25,23,3,5,14950,1001,2004-07-26,21.6,2,1,1
24,15,4,18,15,12,3,6,10626,1365,2004-07-20,21.6,2,1,1
24,11,3,20,18,16,2,4,2024,165,2004-07-20,21.6,3,1,1
29,16,3,12,11,8,1,4,3654,560,2004-07-26,21.6,3,1,1
31,13,4,80,60,48,20,32,31465,715,2004-08-23,21.5,4,1,1
25,10,3,30,28,20,2,10,2300,120,2004-08-23,21.5,3,1,1
29,12,3,27,25,20,2,7,3654,220,2004-08-23,21.5,4,1,1
23,13,4,25,20,15,5,10,8855,715,2004-09-20,21.4,4,1,1
31,13,3,26,22,20,4,6,4495,286,2004-09-18,21.4,2,1,1
30,13,3,24,21,19,3,5,4060,286,2004-10-14,21.4,3,1,1
22,13,4,22,19,12,3,10,7315,715,2004-09-20,21.4,4,1,1
25,13,4,30,28,27,2,3,12650,715,2004-09-20,21.4,2,1,1
29,10,3,42,41,38,1,4,3654,120,2004-10-14,21.4,4,1,1
32,14,4,67,51,46,16,21,35960,1001,2005-05-05,20.8,4,1,1
29,11,3,33,29,24,4,9,3654,165,2005-05-16,20.8,5,1,1
32,13,3,29,25,20,4,9,4960,286,2005-05-16,20.8,4,1,1
28,10,3,36,34,34,2,2,3276,120,2005-05-05,20.8,3,1,1
27,11,3,27,25,20,2,7,2925,165,2005-05-11,20.8,5,1,1
20,11,3,12,11,8,1,4,1140,165,2005-05-16,20.8,3,1,1
25,12,4,47,38,34,9,13,12650,495,2005-06-12,20.7,4,1,1
26,7,3,94,86,78,8,16,2600,35,2005-06-12,20.7,7,1,1
22,7,3,59,54,44,5,15,1540,35,2005-07-01,20.7,5,1,1
23,14,4,20,15,12,5,8,8855,1001,2005-06-12,20.7,3,1,1
26,15,4,24,20,14,4,10,14950,1365,2005-06-12,20.7,4,1,1
23,11,5,131,99,88,32,43,33649,462,2005-07-25,20.6,10,1,1
25,5,3,256,240,240,16,16,2300,10,2005-10-27,20.3,3,1,1
27,8,4,350,291,264,59,86,17550,70,2005-12-12,20.2,11,1,1
25,8,4,263,216,216,47,47,12650,70,2005-12-12,20.2,7,1,1
29,13,5,218,132,105,86,113,118755,1287,2006-02-24,20.0,12,1,1
30,14,5,162,101,93,61,69,142506,2002,2006-02-24,20.0,4,1,1
29,14,5,137,81,81,56,56,118755,2002,2006-02-24,20.0,5,1,1
27,13,5,125,88,88,37,37,80730,1287,2006-02-24,20.0,10,1,1
21,10,5,145,114,91,31,54,20349,252,2006-02-24,20.0,6,1,1
22,13,5,48,34,24,14,24,26334,1287,2006-02-24,20.0,6,1,1
20,9,4,63,54,43,9,20,4845,126,2006-04-11,19.9,5,1,1
20,6,3,71,64,64,7,7,1140,20,2006-04-11,19.9,3,1,1
28,11,5,424,263,263,161,161,98280,462,2006-05-02,19.8,19,1,1
27,11,5,354,219,219,135,135,80730,462,2006-05-02,19.8,7,1,1
27,12,5,208,151,108,57,100,80730,792,2006-05-02,19.8,10,1,1
24,9,4,122,102,102,20,20,10626,126,2006-05-02,19.8,11,1,1
31,12,5,429,290,269,139,160,169911,792,2006-06-26,19.7,12,1,1
21,7,4,235,192,192,43,43,5985,35,2006-06-08,19.7,5,1,1
31,5,3,504,465,465,39,39,4495,10,2006-06-26,19.7,6,1,1
20,6,4,382,344,344,38,38,4845,15,2006-06-12,19.7,3,1,1
20,7,4,198,164,163,34,35,4845,35,2006-06-12,19.7,8,1,1
27,14,5,76,58,58,18,18,80730,2002,2006-06-26,19.7,4,1,1
28,14,5,88,72,68,16,20,98280,2002,2006-06-26,19.7,4,1,1
25,13,5,73,58,58,15,15,53130,1287,2006-06-26,19.7,6,1,1
32,7,3,165,143,142,22,23,4960,35,2007-02-08,19.1,4,1,1
32,7,4,1387,1135,1134,252,253,35960,35,2007-03-05,19.0,16,1,1
31,7,4,1122,930,908,192,214,31465,35,2007-03-05,19.0,13,1,1
27,15,5,57,45,42,12,15,80730,3003,2007-03-05,19.0,5,1,1
23,9,4,107,92,85,15,22,8855,126,2007-07-09,18.6,9,1,1
26,7,4,551,465,450,86,101,14950,35,2007-11-30,18.3,5,1,1
23,12,5,81,62,58,19,23,33649,792,2007-11-30,18.3,3,1,1
31,8,3,104,93,86,11,18,4495,56,2007-11-05,18.3,5,1,1
25,14,5,56,43,42,13,14,53130,2002,2007-12-11,18.2,5,1,1
26,12,4,51,42,42,9,9,14950,495,2007-12-06,18.2,2,1,1
26,14,5,60,52,51,8,9,65780,2002,2007-12-03,18.2,5,1,1
23,7,5,1948,1771,1771,177,177,33649,21,2008-02-05,18.1,19,1,1
20,7,5,980,852,852,128,128,15504,21,2008-02-05,18.1,7,1,1
21,5,4,1247,1197,1197,50,50,5985,5,2008-01-18,18.1,2,1,1
24,11,5,194,138,101,56,93,42504,462,2008-02-28,18.0,9,1,1
21,8,4,124,113,100,11,24,5985,70,2008-03-06,18.0,7,1,1
21,10,4,49,42,38,7,11,5985,210,2008-02-22,18.0,5,1,1
22,12,5,63,50,50,13,13,26334,792,2008-05-12,17.8,5,1,1
29,6,4,1802,1653,1653,149,149,23751,15,2008-07-02,17.7,2,1,1
27,7,4,635,502,502,133,133,17550,35,2008-07-02,17.7,3,1,1
28,7,4,793,668,668,125,125,20475,35,2008-07-02,17.7,8,1,1
30,13,5,252,157,130,95,122,142506,1287,2008-10-04,17.4,15,1,1
23,8,5,755,670,633,85,122,33649,56,2008-09-26,17.4,4,1,1
26,12,5,173,120,100,53,73,65780,792,2008-09-22,17.4,10,1,1
28,13,5,169,117,93,52,76,98280,1287,2008-09-26,17.4,15,1,1
28,10,4,154,110,110,44,44,20475,210,2008-10-01,17.4,6,1,1
29,10,4,186,145,128,41,58,23751,210,2008-09-26,17.4,7,1,1
26,10,4,118,89,89,29,29,14950,210,2008-09-22,17.4,6,1,1
26,13,5,102,76,68,26,34,65780,1287,2008-09-22,17.4,7,1,1
30,15,5,94,68,68,26,26,142506,3003,2008-09-22,17.4,6,1,1
29,11,4,115,90,90,25,25,23751,330,2008-09-22,17.4,10,1,1
27,11,4,95,72,59,23,36,17550,330,2008-09-22,17.4,8,1,1
30,12,4,96,73,60,23,36,27405,495,2008-09-22,17.4,5,1,1
28,11,4,104,84,84,20,20,20475,330,2008-09-22,17.4,8,1,1
24,10,4,87,70,56,17,31,10626,210,2008-09-22,17.4,8,1,1
25,10,4,97,80,80,17,17,12650,210,2008-09-22,17.4,10,1,1
28,12,4,76,59,47,17,29,20475,495,2008-09-22,17.4,3,1,1
24,13,5,66,50,50,16,16,42504,1287,2008-09-22,17.4,3,1,1
28,13,4,54,39,39,15,15,20475,715,2008-09-22,17.4,4,1,1
20,11,5,64,50,50,14,14,15504,462,2008-09-22,17.4,4,1,1
26,15,5,52,39,26,13,26,65780,3003,2008-09-22,17.4,4,1,1
28,16,5,52,39,27,13,25,98280,4368,2008-09-22,17.4,4,1,1
29,13,4,59,47,43,12,16,23751,715,2008-09-22,17.4,7,1,1
21,12,5,54,42,39,12,15,20349,792,2008-09-22,17.4,6,1,1
21,13,5,37,25,20,12,17,20349,1287,2008-09-22,17.4,2,1,1
24,15,5,36,24,20,12,16,42504,3003,2008-09-22,17.4,5,1,1
25,15,5,44,32,24,12,20,53130,3003,2008-09-22,17.4,2,1,1
27,16,5,46,34,24,12,22,80730,4368,2008-09-22,17.4,3,1,1
24,11,4,57,46,42,11,15,10626,330,2008-09-22,17.4,7,1,1
30,14,4,48,37,35,11,13,27405,1001,2008-09-22,17.4,4,1,1
23,13,5,54,43,39,11,15,33649,1287,2008-09-22,17.4,5,1,1
30,8,3,93,83,79,10,14,4060,56,2008-09-26,17.4,6,1,1
29,8,3,86,77,73,9,13,3654,56,2008-09-23,17.4,9,1,1
27,12,4,63,54,43,9,20,17550,495,2008-09-22,17.4,5,1,1
22,14,5,33,24,19,9,14,26334,2002,2008-09-22,17.4,2,1,1
25,16,5,32,24,19,8,13,53130,4368,2008-09-22,17.4,3,1,1
20,13,5,31,24,19,7,12,15504,1287,2008-09-22,17.4,3,1,1
23,15,5,29,23,17,6,12,33649,3003,2008-09-22,17.4,3,1,1
26,8,3,64,59,49,5,15,2600,56,2008-09-22,17.4,6,1,1
29,16,4,27,22,15,5,12,23751,1820,2008-09-22,17.4,4,1,1
27,8,3,69,65,65,4,4,2925,56,2008-09-22,17.4,8,1,1
25,14,4,26,22,15,4,11,12650,1001,2008-09-22,17.4,4,1,1
27,15,4,26,22,15,4,11,17550,1365,2008-09-22,17.4,4,1,1
28,8,3,73,70,70,3,3,3276,56,2008-09-22,17.4,6,1,1
28,11,3,31,28,23,3,8,3276,165,2008-09-22,17.4,4,1,1
23,7,3,65,63,63,2,2,1771,35,2008-09-26,17.4,7,1,1
27,10,3,35,33,33,2,2,2925,120,2008-09-22,17.4,3,1,1
22,9,3,28,27,20,1,8,1540,84,2008-09-18,17.4,5,1,1
27,16,3,10,9,7,1,3,2925,560,2008-09-22,17.4,2,1,1
33,9,3,80,74,74,6,6,5456,84,2008-11-17,17.3,1,1,1
30,20,4,13,11,11,2,2,27405,4845,2008-11-26,17.3,2,1,1
29,20,4,11,10,8,1,3,23751,4845,2008-11-26,17.3,3,1,1
33,8,4,785,590,586,195,199,40920,70,2008-11-30,17.2,2,1,1
55,7,3,969,779,778,190,191,26235,35,2008-12-05,17.2,1,1,1
54,6,3,1383,1251,1242,132,141,24804,20,2008-12-04,17.2,1,1,1
53,6,3,1313,1202,1202,111,111,23426,20,2008-12-29,17.2,1,1,1
53,7,3,830,727,727,103,103,23426,35,2008-12-05,17.2,1,1,1
49,7,3,657,560,560,97,97,18424,35,2008-12-05,17.2,2,1,1
37,6,3,473,401,401,72,72,7770,20,2008-12-19,17.2,2,1,1
34,5,3,689,619,619,70,70,5984,10,2009-01-01,17.2,4,1,1
42,6,3,644,574,574,70,70,11480,20,2008-12-04,17.2,1,1,1
36,5,3,821,756,756,65,65,7140,10,2009-01-01,17.2,4,1,1
34,6,3,364,306,301,58,63,5984,20,2008-12-19,17.2,4,1,1
40,6,3,574,520,520,54,54,9880,20,2008-12-23,17.2,3,1,1
43,6,3,716,667,667,49,49,12341,20,2008-12-04,17.2,1,1,1
33,6,3,333,286,286,47,47,5456,20,2008-12-04,17.2,3,1,1
39,6,3,539,494,494,45,45,9139,20,2008-12-04,17.2,2,1,1
36,6,3,420,378,378,42,42,7140,20,2008-12-19,17.2,3,1,1
40,8,3,231,195,195,36,36,9880,56,2008-12-06,17.2,1,1,1
35,7,3,233,200,200,33,33,6545,35,2008-12-05,17.2,1,1,1
36,16,4,62,48,43,14,19,58905,1820,2008-12-30,17.2,4,1,1
37,16,4,70,56,47,14,23,66045,1820,2008-12-30,17.2,1,1,1
49,8,3,350,337,337,13,13,18424,56,2008-11-30,17.2,1,1,1
32,17,5,62,53,53,9,9,201376,6188,2008-11-30,17.2,1,1,1
35,11,3,56,48,45,8,11,6545,165,2008-12-04,17.2,1,1,1
28,17,4,21,15,12,6,9,20475,2380,2008-12-22,17.2,3,1,1
26,17,5,26,20,17,6,9,65780,6188,2008-12-29,17.2,2,1,1
30,20,5,26,20,17,6,9,142506,15504,2008-12-18,17.2,2,1,1
27,17,4,18,15,12,3,6,17550,2380,2008-11-30,17.2,2,1,1
24,17,5,18,15,12,3,6,42504,6188,2008-12-29,17.2,2,1,1
33,17,5,62,59,59,3,3,237336,6188,2008-11-30,17.2,1,1,1
31,22,5,18,15,12,3,6,169911,26334,2009-01-03,17.2,1,1,1
40,21,3,14,12,8,2,6,9880,1330,2008-12-08,17.2,1,1,1
26,17,4,15,13,11,2,4,14950,2380,2008-12-07,17.2,2,1,1
33,17,4,30,28,28,2,2,40920,2380,2008-11-30,17.2,1,1,1
31,21,4,12,10,9,2,3,31465,5985,2008-12-18,17.2,3,1,1
25,18,5,16,14,12,2,4,53130,8568,2008-12-29,17.2,3,1,1
25,17,4,11,10,9,1,2,12650,2380,2008-12-07,17.2,3,1,1
32,22,4,11,10,8,1,3,35960,7315,2008-12-13,17.2,2,1,1
22,17,5,11,10,8,1,3,26334,6188,2008-11-29,17.2,1,1,1
28,21,5,12,11,10,1,2,98280,20349,2008-12-29,17.2,1,1,1
36,8,4,1284,900,900,384,384,58905,70,2009-01-12,17.1,2,1,1
46,16,5,755,380,380,375,375,1370754,4368,2009-01-21,17.1,1,1,1
33,7,4,1624,1259,1259,365,365,40920,35,2009-01-12,17.1,6,1,1
47,16,5,759,406,406,353,353,1533939,4368,2009-01-22,17.1,1,1,1
48,16,5,759,471,435,288,324,1712304,4368,2009-01-21,17.1,1,1,1
34,8,4,920,765,765,155,155,46376,70,2009-01-09,17.1,3,1,1
54,16,4,350,216,179,134,171,316251,1820,2009-01-21,17.1,8,1,1
44,14,4,252,167,148,85,104,135751,1001,2009-01-21,17.1,3,1,1
45,14,4,253,187,164,66,89,148995,1001,2009-01-13,17.1,4,1,1
46,14,4,253,207,171,46,82,163185,1001,2009-01-05,17.1,1,1,1
54,9,3,361,318,318,43,43,24804,84,2009-01-27,17.1,4,1,1
34,16,5,129,90,90,39,39,278256,4368,2009-02-03,17.1,5,1,1
53,8,3,480,444,444,36,36,23426,56,2009-01-14,17.1,4,1,1
58,22,4,115,80,66,35,49,424270,7315,2009-01-21,17.1,5,1,1
50,20,4,97,65,53,32,44,230300,4845,2009-01-21,17.1,4,1,1
48,18,4,122,91,67,31,55,194580,3060,2009-01-21,17.1,4,1,1
49,20,4,95,64,52,31,43,211876,4845,2009-02-04,17.1,6,1,1
54,22,4,95,64,52,31,43,316251,7315,2009-01-12,17.1,1,1,1
46,18,4,107,77,62,30,45,163185,3060,2009-01-12,17.1,2,1,1
56,22,4,104,74,62,30,42,367290,7315,2009-01-13,17.1,1,1,1
60,24,4,93,65,53,28,40,487635,10626,2009-01-13,17.1,1,1,1
48,20,4,87,60,48,27,39,194580,4845,2009-01-12,17.1,2,1,1
40,9,3,164,138,134,26,30,9880,84,2009-01-27,17.1,4,1,1
41,9,3,169,146,137,23,32,10660,84,2009-01-27,17.1,5,1,1
40,16,4,93,73,60,20,33,91390,1820,2009-01-13,17.1,5,1,1
54,24,4,63,43,43,20,20,316251,10626,2009-01-12,17.1,1,1,1
58,17,3,72,55,52,17,20,30856,680,2009-01-20,17.1,3,1,1
43,20,4,54,37,35,17,19,123410,4845,2009-01-20,17.1,3,1,1
48,22,4,57,40,35,17,22,194580,7315,2009-01-05,17.1,1,1,1
51,24,4,51,34,34,17,17,249900,10626,2009-01-22,17.1,4,1,1
28,17,5,44,27,20,17,24,98280,6188,2009-01-20,17.1,3,1,1
35,20,5,54,37,27,17,27,324632,15504,2009-01-22,17.1,3,1,1
37,22,5,44,27,21,17,23,435897,26334,2009-02-04,17.1,3,1,1
42,24,5,54,37,27,17,27,850668,42504,2009-01-07,17.1,2,1,1
33,20,5,43,27,20,16,23,237336,15504,2009-01-05,17.1,3,1,1
35,21,5,43,27,20,16,23,324632,20349,2009-02-04,17.1,4,1,1
39,23,5,44,28,24,16,20,575757,33649,2009-02-03,17.1,2,1,1
49,14,3,78,63,53,15,25,18424,364,2009-01-12,17.1,3,1,1
54,16,3,69,54,51,15,18,24804,560,2009-01-21,17.1,2,1,1
59,17,3,74,59,53,15,21,32509,680,2009-01-21,17.1,5,1,1
33,15,4,57,42,42,15,15,40920,1365,2009-01-12,17.1,3,1,1
31,19,5,40,25,20,15,20,169911,11628,2009-01-07,17.1,3,1,1
34,21,5,40,25,20,15,20,278256,20349,2009-02-04,17.1,2,1,1
37,21,5,54,39,27,15,27,435897,20349,2009-01-22,17.1,2,1,1
38,23,5,42,27,20,15,22,501942,33649,2009-02-04,17.1,3,1,1
40,24,5,42,27,20,15,22,658008,42504,2009-01-21,17.1,2,1,1
50,15,3,68,54,47,14,21,19600,455,2009-01-07,17.1,1,1,1
44,20,4,54,40,36,14,18,135751,4845,2009-01-13,17.1,3,1,1
52,24,4,51,37,35,14,16,270725,10626,2009-01-21,17.1,3,1,1
29,17,5,49,35,24,14,25,118755,6188,2009-01-07,17.1,3,1,1
35,22,5,38,24,20,14,18,324632,26334,2009-02-05,17.1,2,1,1
36,22,5,40,26,20,14,20,376992,26334,2009-02-03,17.1,2,1,1
39,24,5,39,25,20,14,19,575757,42504,2009-02-08,17.1,2,1,1
52,12,3,130,117,104,13,26,22100,220,2009-01-21,17.1,5,1,1
51,15,3,68,55,51,13,17,20825,455,2009-01-05,17.1,1,1,1
34,15,4,63,50,44,13,19,46376,1365,2009-01-12,17.1,5,1,1
30,19,5,37,24,19,13,18,142506,11628,2009-02-04,17.1,5,1,1
37,23,5,38,25,20,13,18,435897,33649,2009-02-07,17.1,3,1,1
38,24,5,37,24,19,13,18,501942,42504,2009-01-21,17.1,2,1,1
36,20,5,54,42,27,12,27,376992,15504,2009-01-21,17.1,1,1,1
38,22,5,49,37,26,12,23,501942,26334,2009-01-21,17.1,1,1,1
36,23,5,36,24,19,12,17,376992,33649,2009-02-03,17.1,2,1,1
41,13,3,56,45,45,11,11,10660,286,2009-01-20,17.1,2,1,1
35,15,4,70,59,47,11,23,52360,1365,2009-01-05,17.1,4,1,1
34,20,5,45,34,24,11,21,278256,15504,2009-02-08,17.1,4,1,1
45,13,3,73,63,52,10,21,14190,286,2009-01-11,17.1,1,1,1
56,16,3,73,63,53,10,20,27720,560,2009-01-07,17.1,1,1,1
32,20,5,34,24,20,10,14,201376,15504,2009-01-21,17.1,4,1,1
32,21,5,30,20,17,10,13,201376,20349,2009-01-06,17.1,2,1,1
33,21,5,34,24,19,10,15,237336,20349,2009-01-21,17.1,2,1,1
42,13,3,58,49,46,9,12,11480,286,2009-01-20,17.1,2,1,1
34,18,5,62,53,53,9,9,278256,8568,2009-01-22,17.1,2,1,1
34,22,5,30,21,17,9,13,278256,26334,2009-01-21,17.1,1,1,1
37,24,5,33,24,17,9,16,435897,42504,2009-02-03,17.1,3,1,1
43,13,3,61,53,47,8,14,12341,286,2009-01-10,17.1,2,1,1
47,15,3,52,44,44,8,8,16215,455,2009-01-22,17.1,3,1,1
41,24,4,24,16,12,8,12,101270,10626,2009-01-22,17.1,2,1,1
28,18,5,32,24,19,8,13,98280,8568,2009-01-21,17.1,5,1,1
29,19,5,30,22,17,8,13,118755,11628,2009-01-06,17.1,5,1,1
31,20,5,32,24,19,8,13,169911,15504,2009-01-29,17.1,3,1,1
35,23,5,28,20,17,8,11,324632,33649,2009-02-08,17.1,3,1,1
34,11,3,51,44,44,7,7,5984,165,2009-02-02,17.1,2,1,1
29,17,4,23,16,12,7,11,23751,2380,2009-01-05,17.1,2,1,1
33,20,4,22,15,12,7,10,40920,4845,2009-01-07,17.1,3,1,1
38,22,4,23,16,14,7,9,73815,7315,2009-01-06,17.1,1,1,1
39,22,4,28,21,15,7,13,82251,7315,2009-01-21,17.1,3,1,1
41,23,4,28,21,15,7,13,101270,8855,2009-01-21,17.1,2,1,1
43,24,4,28,21,15,7,13,123410,10626,2009-01-22,17.1,4,1,1
33,22,5,27,20,17,7,10,237336,26334,2009-02-04,17.1,2,1,1
34,23,5,24,17,17,7,7,278256,33649,2009-02-08,17.1,3,1,1
36,24,5,24,17,17,7,7,376992,42504,2009-01-06,17.1,1,1,1
34,10,3,68,62,51,6,17,5984,120,2009-01-21,17.1,3,1,1
41,17,3,28,22,20,6,8,10660,680,2009-01-10,17.1,2,1,1
45,18,3,31,25,20,6,11,14190,816,2009-01-08,17.1,1,1,1
46,18,3,32,26,21,6,11,15180,816,2009-01-21,17.1,4,1,1
55,22,3,31,25,20,6,11,26235,1540,2009-01-21,17.1,3,1,1
33,18,4,28,22,15,6,13,40920,3060,2009-01-07,17.1,2,1,1
35,20,4,26,20,14,6,12,52360,4845,2009-01-12,17.1,4,1,1
35,21,4,21,15,12,6,9,52360,5985,2009-01-06,17.1,2,1,1
37,22,4,22,16,12,6,10,66045,7315,2009-01-12,17.1,2,1,1
40,22,4,28,22,15,6,13,91390,7315,2009-01-21,17.1,2,1,1
38,23,4,21,15,12,6,9,73815,8855,2009-01-12,17.1,2,1,1
39,23,4,22,16,12,6,10,82251,8855,2009-01-12,17.1,2,1,1
44,24,4,28,22,15,6,13,135751,10626,2009-01-05,17.1,1,1,1
28,19,5,23,17,17,6,6,98280,11628,2009-02-04,17.1,3,1,1
31,21,5,23,17,17,6,6,169911,20349,2009-01-24,17.1,2,1,1
25,6,3,130,125,121,5,9,2300,20,2009-01-21,17.1,2,1,1
43,12,3,77,72,72,5,5,12341,220,2009-01-21,17.1,4,1,1
35,14,3,30,25,20,5,10,6545,364,2009-01-10,17.1,2,1,1
37,14,3,35,30,24,5,11,7770,364,2009-01-22,17.1,4,1,1
39,15,3,34,29,24,5,10,9139,455,2009-01-06,17.1,1,1,1
46,15,3,48,43,40,5,8,15180,455,2009-01-22,17.1,3,1,1
38,16,3,27,22,19,5,8,8436,560,2009-01-21,17.1,5,1,1
44,17,3,34,29,24,5,10,13244,680,2009-01-18,17.1,4,1,1
41,18,3,24,19,19,5,5,10660,816,2009-01-10,17.1,2,1,1
43,18,3,27,22,20,5,7,12341,816,2009-01-20,17.1,2,1,1
48,18,3,35,30,24,5,11,17296,816,2009-01-21,17.1,2,1,1
46,20,3,24,19,19,5,5,15180,1140,2009-01-21,17.1,2,1,1
50,20,3,30,25,20,5,10,19600,1140,2009-01-07,17.1,1,1,1
53,20,3,35,30,24,5,11,23426,1140,2009-01-21,17.1,5,1,1
54,20,3,35,30,25,5,10,24804,1140,2009-01-08,17.1,1,1,1
48,21,3,24,19,19,5,5,17296,1330,2009-01-10,17.1,1,1,1
49,21,3,24,19,19,5,5,18424,1330,2009-01-22,17.1,3,1,1
51,21,3,27,22,20,5,7,20825,1330,2009-01-10,17.1,2,1,1
56,21,3,35,30,24,5,11,27720,1330,2009-01-22,17.1,4,1,1
57,21,3,35,30,25,5,10,29260,1330,2009-01-21,17.1,2,1,1
59,21,3,39,34,26,5,13,32509,1330,2009-01-31,17.1,4,1,1
50,22,3,23,18,16,5,7,19600,1540,2009-01-05,17.1,1,1,1
53,22,3,27,22,20,5,7,23426,1540,2009-01-05,17.1,1,1,1
56,22,3,31,26,21,5,10,27720,1540,2009-01-05,17.1,1,1,1
55,24,3,24,19,19,5,5,26235,2024,2009-01-21,17.1,3,1,1
56,24,3,24,19,19,5,5,27720,2024,2009-01-06,17.1,1,1,1
58,24,3,27,22,20,5,7,30856,2024,2009-01-21,17.1,2,1,1
30,17,4,26,21,15,5,11,27405,2380,2009-01-06,17.1,3,1,1
30,18,4,20,15,12,5,8,27405,3060,2009-01-20,17.1,4,1,1
32,18,4,26,21,15,5,11,35960,3060,2009-01-20,17.1,4,1,1
33,19,4,25,20,14,5,11,40920,3876,2009-01-12,17.1,3,1,1
35,19,4,28,23,15,5,13,52360,3876,2009-01-07,17.1,3,1,1
34,21,4,20,15,12,5,8,46376,5985,2009-01-06,17.1,4,1,1
40,24,4,20,15,12,5,8,91390,10626,2009-01-05,17.1,1,1,1
27,18,5,25,20,17,5,8,80730,8568,2009-01-08,17.1,2,1,1
29,20,5,21,16,14,5,7,118755,15504,2009-02-04,17.1,5,1,1
30,21,5,20,15,12,5,8,142506,20349,2009-01-21,17.1,2,1,1
32,22,5,20,15,14,5,6,201376,26334,2009-02-03,17.1,2,1,1
35,24,5,22,17,14,5,8,324632,42504,2009-02-03,17.1,3,1,1
33,14,3,26,22,19,4,7,5456,364,2009-01-20,17.1,3,1,1
36,14,3,33,29,24,4,9,7140,364,2009-01-10,17.1,3,1,1
38,17,3,22,18,16,4,6,8436,680,2009-01-18,17.1,3,1,1
40,18,3,21,17,16,4,5,9880,816,2009-01-21,17.1,6,1,1
50,18,3,38,34,25,4,13,19600,816,2009-01-10,17.1,2,1,1
49,20,3,29,25,20,4,9,18424,1140,2009-01-10,17.1,2,1,1
52,21,3,29,25,20,4,9,22100,1330,2009-01-10,17.1,2,1,1
58,22,3,33,29,24,4,9,30856,1540,2009-01-21,17.1,3,1,1
60,22,3,37,33,25,4,12,34220,1540,2009-01-21,17.1,3,1,1
53,24,3,21,17,16,4,5,23426,2024,2009-01-21,17.1,4,1,1
36,20,4,26,22,15,4,11,58905,4845,2009-01-21,17.1,2,1,1
33,21,4,17,13,11,4,6,40920,5985,2009-01-08,17.1,2,1,1
37,21,4,25,21,15,4,10,66045,5985,2009-01-11,17.1,1,1,1
35,22,4,19,15,12,4,7,52360,7315,2009-01-11,17.1,1,1,1
36,22,4,19,15,12,4,7,58905,7315,2009-01-13,17.1,2,1,1
37,23,4,19,15,12,4,7,66045,8855,2009-01-21,17.1,3,1,1
38,24,4,17,13,12,4,5,73815,10626,2009-01-07,17.1,1,1,1
42,24,4,24,20,14,4,10,111930,10626,2009-01-21,17.1,3,1,1
26,18,5,19,15,13,4,6,65780,8568,2009-01-21,17.1,3,1,1
33,23,5,19,15,12,4,7,237336,33649,2009-02-03,17.1,2,1,1
31,12,3,32,29,24,3,8,4495,220,2009-01-21,17.1,6,1,1
44,12,3,77,74,74,3,3,13244,220,2009-01-10,17.1,1,1,1
33,15,3,20,17,16,3,4,5456,455,2009-01-21,17.1,3,1,1
35,16,3,20,17,16,3,4,6545,560,2009-01-13,17.1,4,1,1
36,16,3,21,18,16,3,5,7140,560,2009-01-21,17.1,3,1,1
39,16,3,28,25,20,3,8,9139,560,2009-01-20,17.1,4,1,1
40,16,3,28,25,20,3,8,9880,560,2009-01-20,17.1,2,1,1
47,16,3,42,39,39,3,3,16215,560,2009-01-22,17.1,4,1,1
49,17,3,39,36,35,3,4,18424,680,2009-01-18,17.1,4,1,1
42,18,3,24,21,19,3,5,11480,816,2009-01-10,17.1,1,1,1
44,18,3,28,25,20,3,8,13244,816,2009-01-05,17.1,1,1,1
46,19,3,28,25,20,3,8,15180,969,2009-01-20,17.1,2,1,1
54,19,3,39,36,35,3,4,24804,969,2009-01-22,17.1,3,1,1
55,20,3,36,33,25,3,11,26235,1140,2009-01-22,17.1,4,1,1
54,24,3,21,18,16,3,5,24804,2024,2009-01-21,17.1,4,1,1
59,24,3,28,25,20,3,8,32509,2024,2009-01-21,17.1,3,1,1
60,24,3,28,25,20,3,8,34220,2024,2009-01-20,17.1,2,1,1
32,20,4,18,15,12,3,6,35960,4845,2009-01-20,17.1,2,1,1
33,22,4,14,11,11,3,3,40920,7315,2009-01-12,17.1,4,1,1
35,23,4,14,11,11,3,3,52360,8855,2009-01-11,17.1,1,1,1
36,23,4,18,15,11,3,7,58905,8855,2009-01-11,17.1,1,1,1
39,24,4,18,15,12,3,6,82251,10626,2009-01-12,17.1,2,1,1
46,24,4,30,27,23,3,7,163185,10626,2009-01-13,17.1,2,1,1
25,17,5,20,17,17,3,3,53130,6188,2009-01-29,17.1,5,1,1
38,13,3,40,38,38,2,2,8436,286,2009-01-20,17.1,3,1,1
34,14,3,27,25,20,2,7,5984,364,2009-01-10,17.1,3,1,1
38,14,3,35,33,25,2,10,8436,364,2009-01-21,17.1,6,1,1
42,14,3,44,42,39,2,5,11480,364,2009-02-02,17.1,3,1,1
43,15,3,40,38,35,2,5,12341,455,2009-01-22,17.1,5,1,1
44,15,3,41,39,39,2,2,13244,455,2009-01-22,17.1,6,1,1
34,16,3,17,15,15,2,2,5984,560,2009-01-13,17.1,4,1,1
29,17,3,11,9,7,2,4,3654,680,2009-01-21,17.1,2,1,1
32,17,3,14,12,8,2,6,4960,680,2009-01-21,17.1,3,1,1
36,17,3,17,15,15,2,2,7140,680,2009-01-18,17.1,4,1,1
37,17,3,18,16,16,2,2,7770,680,2009-01-18,17.1,4,1,1
31,18,3,11,9,7,2,4,4495,816,2009-01-20,17.1,3,1,1
32,19,3,11,9,7,2,4,4960,969,2009-01-20,17.1,2,1,1
33,19,3,11,9,7,2,4,5456,969,2009-01-20,17.1,4,1,1
55,19,3,39,37,35,2,4,26235,969,2009-01-22,17.1,4,1,1
35,20,3,11,9,7,2,4,6545,1140,2009-01-08,17.1,5,1,1
44,20,3,19,17,16,2,3,13244,1140,2009-01-07,17.1,1,1,1
47,20,3,24,22,19,2,5,16215,1140,2009-01-22,17.1,2,1,1
48,20,3,24,22,20,2,4,17296,1140,2009-01-21,17.1,4,1,1
56,20,3,36,34,26,2,10,27720,1140,2009-01-21,17.1,2,1,1
37,21,3,11,9,8,2,3,7770,1330,2009-01-20,17.1,2,1,1
37,22,3,11,9,7,2,4,7770,1540,2009-01-20,17.1,3,1,1
38,22,3,11,9,7,2,4,8436,1540,2009-01-20,17.1,3,1,1
54,22,3,27,25,20,2,7,24804,1540,2009-01-05,17.1,1,1,1
39,23,3,11,9,7,2,4,9139,1771,2009-01-10,17.1,2,1,1
41,24,3,11,9,7,2,4,10660,2024,2009-01-11,17.1,1,1,1
46,24,3,14,12,8,2,6,15180,2024,2009-01-10,17.1,1,1,1
28,18,4,16,14,11,2,5,20475,3060,2009-01-21,17.1,4,1,1
29,19,4,15,13,11,2,4,23751,3876,2009-01-12,17.1,3,1,1
32,21,4,15,13,11,2,4,35960,5985,2009-01-05,17.1,3,1,1
34,22,4,15,13,11,2,4,46376,7315,2009-01-12,17.1,2,1,1
27,19,5,17,15,12,2,5,80730,11628,2009-01-05,17.1,2,1,1
31,23,5,13,11,10,2,3,169911,33649,2009-01-22,17.1,2,1,1
32,23,5,16,14,12,2,4,201376,33649,2009-01-23,17.1,3,1,1
33,24,5,15,13,10,2,5,237336,42504,2009-02-04,17.1,2,1,1
34,24,5,17,15,12,2,5,278256,42504,2009-01-21,17.1,1,1,1
21,11,3,14,13,12,1,2,1330,165,2009-01-05,17.1,2,1,1
39,13,3,40,39,39,1,1,9139,286,2009-01-20,17.1,3,1,1
41,14,3,40,39,39,1,1,10660,364,2009-01-20,17.1,2,1,1
28,17,3,10,9,7,1,3,3276,680,2009-01-20,17.1,3,1,1
34,17,3,15,14,14,1,1,5984,680,2009-01-08,17.1,3,1,1
30,18,3,10,9,7,1,3,4060,816,2009-01-20,17.1,3,1,1
34,18,3,13,12,8,1,5,5984,816,2009-01-20,17.1,2,1,1
52,18,3,39,38,35,1,4,22100,816,2009-01-21,17.1,4,1,1
35,19,3,13,12,8,1,5,6545,969,2009-01-20,17.1,3,1,1
38,19,3,15,14,14,1,1,8436,969,2009-01-10,17.1,2,1,1
33,20,3,10,9,7,1,3,5456,1140,2009-01-10,17.1,3,1,1
35,21,3,10,9,7,1,3,6545,1330,2009-01-22,17.1,2,1,1
39,21,3,13,12,8,1,5,9139,1330,2009-01-21,17.1,3,1,1
40,22,3,12,11,8,1,4,9880,1540,2009-01-21,17.1,3,1,1
41,22,3,13,12,8,1,5,10660,1540,2009-01-11,17.1,3,1,1
37,23,3,9,8,7,1,2,7770,1771,2009-01-11,17.1,1,1,1
38,23,3,10,9,7,1,3,8436,1771,2009-01-10,17.1,2,1,1
46,23,3,15,14,14,1,1,15180,1771,2009-01-10,17.1,1,1,1
39,24,3,9,8,7,1,2,9139,2024,2009-01-10,17.1,2,1,1
45,24,3,13,12,8,1,5,14190,2024,2009-01-08,17.1,1,1,1
27,18,4,12,11,11,1,1,17550,3060,2009-01-21,17.1,3,1,1
34,18,4,28,27,23,1,5,46376,3060,2009-01-07,17.1,3,1,1
28,19,4,12,11,9,1,3,20475,3876,2009-01-21,17.1,3,1,1
34,23,4,12,11,9,1,3,46376,8855,2009-01-11,17.1,1,1,1
35,24,4,11,10,8,1,3,52360,10626,2009-01-11,17.1,1,1,1
47,24,4,30,29,28,1,2,178365,10626,2009-01-12,17.1,2,1,1
24,18,5,12,11,10,1,2,42504,8568,2009-01-21,17.1,2,1,1
26,19,5,14,13,10,1,4,65780,11628,2009-01-29,17.1,2,1,1
29,21,5,14,13,10,1,4,118755,20349,2009-01-06,17.1,1,1,1
29,22,5,12,11,10,1,2,118755,26334,2009-01-22,17.1,1,1,1
30,23,5,11,10,8,1,3,142506,33649,2009-01-26,17.1,3,1,1
31,24,5,11,10,8,1,3,169911,42504,2009-01-31,17.1,2,1,1
32,24,5,12,11,10,1,2,201376,42504,2009-01-21,17.1,2,1,1
46,14,5,1948,845,845,1103,1103,1370754,2002,2009-02-18,17.0,2,1,1
57,13,3,143,119,106,24,37,29260,286,2009-02-17,17.0,3,1,1
58,13,3,149,130,130,19,19,30856,286,2009-02-17,17.0,4,1,1
47,13,3,82,73,73,9,9,16215,286,2009-02-17,17.0,2,1,1
56,7,3,1009,808,808,201,201,27720,35,2009-04-16,16.9,2,1,1
48,5,3,1957,1806,1805,151,152,17296,10,2009-04-04,16.9,8,1,1
56,8,3,585,497,497,88,88,27720,56,2009-04-16,16.9,5,1,1
39,7,3,331,285,285,46,46,9139,35,2009-03-24,16.9,7,1,1
24,8,4,226,189,189,37,37,10626,70,2009-04-16,16.9,8,1,1
31,9,3,73,66,66,7,7,4495,84,2009-04-21,16.9,3,1,1
47,7,3,589,464,464,125,125,16215,35,2009-05-05,16.8,6,1,1
20,5,4,1068,1028,1028,40,40,4845,5,2009-05-30,16.8,10,1,1
55,8,3,573,482,482,91,91,26235,56,2009-07-02,16.7,5,1,1
47,8,3,345,312,312,33,33,16215,56,2009-07-02,16.7,5,1,1
27,10,4,129,103,103,26,26,17550,210,2009-06-08,16.7,9,1,1
50,22,4,66,44,44,22,22,230300,7315,2009-06-13,16.7,3,1,1
30,11,4,133,112,104,21,29,27405,330,2009-06-08,16.7,6,1,1
39,9,3,146,126,126,20,20,9139,84,2009-07-02,16.7,7,1,1
38,9,3,138,119,119,19,19,8436,84,2009-07-02,16.7,4,1,1
29,16,5,59,46,42,13,17,118755,4368,2009-06-08,16.7,5,1,1
41,12,3,73,62,52,11,21,10660,220,2009-07-02,16.7,5,1,1
23,10,4,74,63,46,11,28,8855,210,2009-06-08,16.7,6,1,1
25,11,4,66,55,46,11,20,12650,330,2009-06-08,16.7,8,1,1
40,12,3,67,57,50,10,17,9880,220,2009-07-02,16.7,6,1,1
23,14,5,42,32,20,10,22,33649,2002,2009-06-08,16.7,6,1,1
36,11,3,65,56,46,9,19,7140,165,2009-07-02,16.7,3,1,1
37,12,3,51,44,44,7,7,7770,220,2009-07-02,16.7,4,1,1
33,11,3,46,42,39,4,7,5456,165,2009-07-02,16.7,4,1,1
34,12,3,39,37,34,2,5,5984,220,2009-07-02,16.7,4,1,1
36,12,3,40,39,39,1,1,7140,220,2009-07-02,16.7,3,1,1
45,8,3,326,287,287,39,39,14190,56,2009-07-06,16.6,7,1,1
48,8,3,349,324,324,25,25,17296,56,2009-07-06,16.6,6,1,1
29,6,3,217,194,194,23,23,3654,20,2009-08-07,16.6,7,1,1
29,7,3,132,116,116,16,16,3654,35,2009-08-10,16.6,8,1,1
28,6,3,185,178,178,7,7,3276,20,2009-08-07,16.6,4,1,1
35,12,3,40,38,38,2,2,6545,220,2009-07-06,16.6,3,1,1
21,7,5,1279,1032,1032,247,247,20349,21,2009-08-28,16.5,12,1,1
44,5,3,1469,1329,1329,140,140,13244,10,2009-08-15,16.5,6,1,1
32,5,3,568,500,500,68,68,4960,10,2009-08-17,16.5,7,1,1
35,16,5,158,110,97,48,61,324632,4368,2009-09-16,16.5,7,1,1
32,13,4,96,72,60,24,36,35960,715,2009-09-16,16.5,8,1,1
32,18,5,56,40,27,16,29,201376,8568,2009-09-16,16.5,4,1,1
31,18,5,52,37,26,15,26,169911,8568,2009-09-16,16.5,5,1,1
32,19,5,47,32,24,15,23,201376,11628,2009-09-16,16.5,5,1,1
31,14,4,60,47,43,13,17,31465,1001,2009-09-16,16.5,4,1,1
28,7,3,120,108,108,12,12,3276,35,2009-08-13,16.5,11,1,1
32,15,4,49,39,35,10,14,35960,1365,2009-09-16,16.5,4,1,1
31,17,4,28,22,15,6,13,31465,2380,2009-09-16,16.5,3,1,1
32,19,4,22,16,12,6,10,35960,3876,2009-09-16,16.5,5,1,1
32,9,3,77,72,72,5,5,4960,84,2009-09-16,16.5,3,1,1
31,18,4,24,19,14,5,10,31465,3060,2009-09-16,16.5,2,1,1
31,19,4,19,15,12,4,7,31465,3876,2009-09-16,16.5,4,1,1
32,14,3,22,19,19,3,3,4960,364,2009-09-16,16.5,3,1,1
31,20,4,16,13,11,3,5,31465,4845,2009-09-16,16.5,2,1,1
32,17,4,29,27,23,2,6,35960,2380,2009-09-16,16.5,2,1,1
36,7,3,256,211,211,45,45,7140,35,2009-10-04,16.4,5,1,1
25,12,5,133,96,88,37,45,53130,792,2009-09-25,16.4,10,1,1
33,16,5,111,81,73,30,38,237336,4368,2009-09-17,16.4,2,1,1
30,17,5,56,39,27,17,29,142506,6188,2009-10-19,16.4,3,1,1
33,19,5,51,37,27,14,24,237336,11628,2009-10-19,16.4,5,1,1
38,12,3,54,45,45,9,9,8436,220,2009-10-09,16.4,5,1,1
39,12,3,57,49,46,8,11,9139,220,2009-10-09,16.4,7,1,1
48,23,3,16,15,15,1,1,17296,1771,2009-10-06,16.4,3,1,1
49,23,3,16,15,15,1,1,18424,1771,2009-10-06,16.4,2,1,1
47,5,3,1820,1627,1627,193,193,16215,10,2009-11-02,16.3,14,1,1
29,7,4,880,738,738,142,142,23751,35,2009-11-19,16.3,9,1,1
45,5,3,1582,1485,1485,97,97,14190,10,2009-10-31,16.3,9,1,1
46,8,3,336,299,299,37,37,15180,56,2009-10-31,16.3,7,1,1
49,10,3,198,172,157,26,41,18424,120,2009-10-27,16.3,5,1,1
29,18,5,39,25,20,14,19,118755,8568,2009-11-05,16.3,5,1,1
27,17,5,36,24,20,12,16,80730,6188,2009-11-05,16.3,4,1,1
52,8,3,437,429,429,8,8,22100,56,2009-11-04,16.3,3,1,1
29,18,4,18,15,12,3,6,23751,3060,2009-11-05,16.3,4,1,1
37,24,4,16,13,11,3,5,66045,10626,2009-11-05,16.3,5,1,1
30,19,4,17,15,12,2,5,27405,3876,2009-11-05,16.3,3,1,1
41,24,5,51,35,24,16,27,749398,42504,2010-02-05,16.1,3,1,1
24,7,3,76,69,69,7,7,2024,35,2010-02-06,16.1,9,1,1
33,16,4,39,32,31,7,8,40920,1820,2010-02-05,16.1,4,1,1
40,23,4,26,20,14,6,12,91390,8855,2010-02-05,16.1,3,1,1
34,17,4,34,30,30,4,4,46376,2380,2010-02-05,16.1,6,1,1
35,18,4,32,28,28,4,4,52360,3060,2010-02-05,16.1,3,1,1
36,18,4,33,30,30,3,3,58905,3060,2010-02-05,16.1,3,1,1
37,19,4,31,28,28,3,3,66045,3876,2010-02-05,16.1,5,1,1
33,16,3,16,15,15,1,1,5456,560,2010-02-05,16.1,4,1,1
48,10,3,192,164,154,28,38,17296,120,2010-02-16,16.0,11,1,1
56,24,4,73,52,47,21,26,367290,10626,2010-02-22,16.0,3,1,1
51,16,3,57,45,45,12,12,20825,560,2010-03-01,16.0,6,1,1
48,15,3,55,45,45,10,10,17296,455,2010-02-21,16.0,6,1,1
37,18,4,40,32,31,8,9,66045,3060,2010-02-12,16.0,4,1,1
42,16,3,34,29,24,5,10,11480,560,2010-03-10,16.0,5,1,1
45,17,3,35,30,24,5,11,14190,680,2010-03-10,16.0,4,1,1
47,19,3,30,25,20,5,10,16215,969,2010-03-10,16.0,5,1,1
57,19,3,44,39,39,5,5,29260,969,2010-03-10,16.0,3,1,1
38,15,3,32,28,21,4,11,8436,455,2010-03-01,16.0,4,1,1
41,15,3,37,33,25,4,12,10660,455,2010-03-10,16.0,6,1,1
41,16,3,33,29,21,4,12,10660,560,2010-03-12,16.0,8,1,1
49,18,3,37,33,25,4,12,18424,816,2010-03-10,16.0,5,1,1
42,19,3,21,17,16,4,5,11480,969,2010-02-19,16.0,3,1,1
43,19,3,22,18,16,4,6,12341,969,2010-02-19,16.0,2,1,1
42,21,4,34,30,30,4,4,111930,5985,2010-03-01,16.0,7,1,1
48,16,3,43,40,39,3,4,17296,560,2010-02-19,16.0,3,1,1
49,16,3,44,41,40,3,4,18424,560,2010-02-19,16.0,4,1,1
56,19,3,42,39,39,3,3,27720,969,2010-03-10,16.0,3,1,1
45,15,3,42,40,39,2,3,14190,455,2010-02-21,16.0,7,1,1
43,16,3,35,33,25,2,10,12341,560,2010-03-10,16.0,4,1,1
36,19,3,14,12,8,2,6,7140,969,2010-02-25,16.0,3,1,1
40,19,3,17,15,15,2,2,9880,969,2010-02-22,16.0,4,1,1
41,19,3,18,16,16,2,2,10660,969,2010-02-19,16.0,4,1,1
41,21,4,31,29,28,2,3,101270,5985,2010-02-12,16.0,6,1,1
37,20,3,13,12,8,1,5,7770,1140,2010-02-22,16.0,3,1,1
50,19,3,35,29,24,6,11,19600,969,2010-04-22,15.9,7,1,1
33,13,3,31,26,21,5,10,5456,286,2010-04-21,15.9,3,1,1
53,23,3,24,19,19,5,5,23426,1771,2010-04-22,15.9,5,1,1
52,19,3,37,33,25,4,12,22100,969,2010-04-22,15.9,5,1,1
50,23,3,20,16,16,4,4,19600,1771,2010-04-01,15.9,4,1,1
51,23,3,21,17,16,4,5,20825,1771,2010-04-01,15.9,8,1,1
57,24,3,26,22,19,4,7,29260,2024,2010-04-01,15.9,2,1,1
51,17,3,43,40,39,3,4,20825,680,2010-04-01,15.9,5,1,1
47,22,3,18,15,15,3,3,16215,1540,2010-04-01,15.9,2,1,1
48,22,3,19,16,16,3,3,17296,1540,2010-04-01,15.9,2,1,1
54,23,3,25,22,19,3,6,24804,1771,2010-04-22,15.9,2,1,1
43,20,3,18,16,16,2,2,12341,1140,2010-04-01,15.9,2,1,1
44,23,3,14,12,8,2,6,13244,1771,2010-04-04,15.9,3,1,1
52,24,3,17,16,16,1,1,22100,2024,2010-04-22,15.9,4,1,1
56,18,4,210,144,144,66,66,367290,3060,2010-04-27,15.8,3,1,1
54,18,4,141,126,123,15,18,316251,3060,2010-04-24,15.8,6,1,1
59,22,3,36,30,25,6,11,32509,1540,2010-05-22,15.8,3,1,1
44,14,3,49,44,44,5,5,13244,364,2010-05-22,15.8,6,1,1
52,17,3,45,41,40,4,5,22100,680,2010-05-22,15.8,6,1,1
58,21,3,38,34,25,4,13,30856,1330,2010-05-22,15.8,5,1,1
57,7,3,1061,839,839,222,222,29260,35,2010-06-29,15.7,2,1,1
58,7,3,1136,945,945,191,191,30856,35,2010-06-29,15.7,4,1,1
59,7,3,1166,978,978,188,188,32509,35,2010-06-29,15.7,4,1,1
60,7,3,1196,1012,1012,184,184,34220,35,2010-06-29,15.7,5,1,1
38,6,3,510,425,425,85,85,8436,20,2010-06-05,15.7,4,1,1
46,7,3,530,447,447,83,83,15180,35,2010-06-29,15.7,3,1,1
57,19,4,183,132,123,51,60,395010,3876,2010-06-02,15.7,7,1,1
60,23,4,122,79,66,43,56,487635,8855,2010-06-02,15.7,5,1,1
59,22,4,124,92,68,32,56,455126,7315,2010-06-02,15.7,5,1,1
58,21,4,130,100,97,30,33,424270,5985,2010-06-02,15.7,9,1,1
53,15,3,79,64,53,15,26,23426,455,2010-07-03,15.7,6,1,1
52,15,3,77,63,52,14,25,22100,455,2010-07-03,15.7,3,1,1
38,21,4,28,22,15,6,13,73815,5985,2010-06-02,15.7,3,1,1
39,21,4,29,23,15,6,14,82251,5985,2010-06-02,15.7,2,1,1
33,12,3,37,33,33,4,4,5456,220,2010-07-03,15.7,3,1,1
37,13,3,39,35,35,4,4,7770,286,2010-06-02,15.7,4,1,1
40,21,4,30,27,23,3,7,91390,5985,2010-06-02,15.7,6,1,1
30,9,5,1984,1307,1307,677,677,142506,126,2010-08-08,15.6,18,1,1
56,18,5,1216,545,514,671,702,3819816,8568,2010-08-04,15.6,6,1,1
28,9,5,1216,906,822,310,394,98280,126,2010-08-04,15.6,15,1,1
46,22,5,123,78,74,45,49,1370754,26334,2010-07-13,15.6,2,1,1
51,21,4,93,61,49,32,44,249900,5985,2010-07-28,15.6,7,1,1
45,21,4,51,37,35,14,16,148995,5985,2010-07-26,15.6,4,1,1
42,23,4,29,22,15,7,14,111930,8855,2010-08-04,15.6,7,1,1
41,22,4,29,23,15,6,14,101270,7315,2010-08-04,15.6,6,1,1
48,7,3,627,542,542,85,85,17296,35,2010-08-12,15.5,4,1,1
41,18,4,70,51,44,19,26,101270,3060,2010-08-22,15.5,4,1,1
39,8,4,1883,1326,1326,557,557,82251,70,2010-11-18,15.3,9,1,1
38,8,4,1606,1055,1055,551,551,73815,70,2010-11-18,15.3,3,1,1
40,8,4,1949,1425,1425,524,524,91390,70,2010-11-18,15.3,9,1,1
35,8,4,1116,832,832,284,284,52360,70,2010-11-11,15.3,6,1,1
42,7,3,409,330,330,79,79,11480,35,2010-11-22,15.3,8,1,1
44,7,3,486,409,409,77,77,13244,35,2010-11-18,15.3,6,1,1
33,11,4,223,156,135,67,88,40920,330,2010-11-05,15.3,6,1,1
43,7,3,448,387,387,61,61,12341,35,2010-11-14,15.3,5,1,1
42,8,3,274,216,216,58,58,11480,56,2010-11-17,15.3,9,1,1
54,8,3,523,466,466,57,57,24804,56,2010-10-28,15.3,8,1,1
41,8,3,253,205,205,48,48,10660,56,2010-11-17,15.3,11,1,1
53,21,4,111,74,61,37,50,292825,5985,2010-11-23,15.3,8,1,1
38,8,3,191,157,152,34,39,8436,56,2010-10-27,15.3,7,1,1
39,8,3,218,186,186,32,32,9139,56,2010-10-27,15.3,7,1,1
37,8,3,177,148,144,29,33,7770,56,2010-11-17,15.3,6,1,1
42,17,4,100,72,52,28,48,111930,2380,2010-11-05,15.3,5,1,1
41,17,4,88,61,49,27,39,101270,2380,2010-11-05,15.3,6,1,1
39,17,4,72,51,44,21,28,82251,2380,2010-11-05,15.3,7,1,1
40,17,4,77,59,48,18,29,91390,2380,2010-11-05,15.3,5,1,1
35,8,3,149,132,132,17,17,6545,56,2010-11-17,15.3,6,1,1
47,21,3,22,18,16,4,6,16215,1330,2010-11-11,15.3,4,1,1
49,22,3,22,18,16,4,6,18424,1540,2010-11-23,15.3,5,1,1
52,21,4,101,65,52,36,49,270725,5985,2010-12-19,15.2,8,1,1
53,16,3,65,50,47,15,18,23426,560,2010-12-31,15.2,4,1,1
49,15,3,63,49,46,14,17,18424,455,2010-12-12,15.2,5,1,1
31,14,5,189,129,105,60,84,169911,2002,2011-01-05,15.1,15,1,1
58,24,4,89,61,49,28,40,424270,10626,2011-01-10,15.1,4,1,1
29,12,4,89,68,56,21,33,23751,495,2011-01-05,15.1,3,1,1
51,19,3,36,30,25,6,11,20825,969,2011-01-14,15.1,7,1,1
34,14,5,341,200,149,141,192,278256,2002,2011-02-27,15.0,7,1,1
29,5,3,413,366,366,47,47,3654,10,2011-03-31,14.9,6,1,1
46,10,3,182,148,138,34,44,15180,120,2011-04-18,14.9,5,1,1
44,10,3,157,128,128,29,29,13244,120,2011-04-18,14.9,4,1,1
45,10,3,164,135,135,29,29,14190,120,2011-04-18,14.9,8,1,1
28,5,3,359,342,342,17,17,3276,10,2011-03-29,14.9,4,1,1
50,16,3,54,44,44,10,10,19600,560,2011-04-29,14.8,4,1,1
44,6,3,783,697,697,86,86,13244,20,2011-06-30,14.7,4,1,1
59,19,3,53,44,41,9,12,32509,969,2011-06-30,14.7,4,1,1
58,19,3,46,41,40,5,6,30856,969,2011-06-30,14.7,4,1,1
49,11,3,162,130,130,32,32,18424,165,2011-08-12,14.5,9,1,1
60,6,3,1950,1770,1770,180,180,34220,20,2011-10-10,14.4,16,1,1
52,7,3,792,632,632,160,160,22100,35,2011-10-10,14.4,3,1,1
44,8,3,315,237,237,78,78,13244,56,2011-10-19,14.4,7,1,1
49,9,3,309,240,229,69,80,18424,84,2011-10-10,14.4,6,1,1
57,18,4,222,159,149,63,73,395010,3060,2011-10-11,14.4,9,1,1
57,11,3,248,208,208,40,40,29260,165,2011-10-10,14.4,6,1,1
47,9,3,253,215,215,38,38,16215,84,2011-10-10,14.4,8,1,1
47,10,3,187,156,146,31,41,16215,120,2011-10-10,14.4,8,1,1
47,11,3,142,112,99,30,43,16215,165,2011-10-10,14.4,10,1,1
49,12,3,117,98,90,19,27,18424,220,2011-10-11,14.4,5,1,1
53,12,3,148,129,129,19,19,23426,220,2011-10-11,14.4,8,1,1
51,12,3,129,111,98,18,31,20825,220,2011-10-11,14.4,6,1,1
50,12,3,122,105,96,17,26,19600,220,2011-10-11,14.4,6,1,1
60,15,3,104,88,88,16,16,34220,455,2011-10-11,14.4,5,1,1
41,11,3,89,75,75,14,14,10660,165,2011-10-10,14.4,7,1,1
45,14,3,59,45,45,14,14,14190,364,2011-10-11,14.4,4,1,1
58,16,3,82,69,58,13,24,30856,560,2011-10-10,14.4,2,1,1
49,13,3,88,76,76,12,12,18424,286,2011-10-11,14.4,6,1,1
54,15,3,81,69,58,12,23,24804,455,2011-10-11,14.4,6,1,1
50,13,3,92,81,81,11,11,19600,286,2011-10-11,14.4,6,1,1
42,11,3,91,81,81,10,10,11480,165,2011-10-10,14.4,8,1,1
43,11,3,93,83,83,10,10,12341,165,2011-10-10,14.4,6,1,1
59,15,3,93,83,83,10,10,32509,455,2011-10-11,14.4,8,1,1
47,12,3,92,83,83,9,9,16215,220,2011-10-11,14.4,5,1,1
54,14,3,90,81,81,9,9,24804,364,2011-10-11,14.4,3,1,1
59,16,3,83,74,74,9,9,32509,560,2011-10-10,14.4,3,1,1
55,15,3,82,74,74,8,8,26235,455,2011-10-11,14.4,6,1,1
56,15,3,83,75,75,8,8,27720,455,2011-10-11,14.4,4,1,1
57,15,3,84,76,76,8,8,29260,455,2011-10-11,14.4,3,1,1
59,23,3,32,26,21,6,11,32509,1771,2011-10-20,14.4,4,1,1
48,12,3,92,88,88,4,4,17296,220,2011-10-11,14.4,4,1,1
35,15,3,25,21,19,4,6,6545,455,2011-10-11,14.4,4,1,1
58,15,3,86,82,82,4,4,30856,455,2011-10-11,14.4,5,1,1
37,16,3,25,21,19,4,6,7770,560,2011-10-10,14.4,3,1,1
56,23,3,28,25,20,3,8,27720,1771,2011-10-19,14.4,4,1,1
57,23,3,28,25,20,3,8,29260,1771,2011-10-15,14.4,4,1,1
60,23,3,32,29,24,3,8,34220,1771,2011-10-19,14.4,4,1,1
55,17,3,62,46,46,16,16,26235,680,2011-10-27,14.3,7,1,1
57,17,3,66,51,47,15,19,29260,680,2011-10-31,14.3,5,1,1
54,17,3,59,45,45,14,14,24804,680,2011-10-27,14.3,5,1,1
56,17,3,64,50,47,14,17,27720,680,2011-10-31,14.3,6,1,1
55,16,3,72,59,52,13,20,26235,560,2011-10-27,14.3,2,1,1
48,14,3,74,62,52,12,22,17296,364,2011-10-27,14.3,4,1,1
53,14,3,87,76,76,11,11,23426,364,2011-10-31,14.3,5,1,1
60,19,3,54,45,45,9,9,34220,969,2011-10-27,14.3,4,1,1
43,23,4,30,23,15,7,15,123410,8855,2011-10-27,14.3,4,1,1
43,17,3,32,26,21,6,11,12341,680,2011-10-27,14.3,4,1,1
58,23,3,32,26,21,6,11,30856,1771,2011-10-24,14.3,5,1,1
43,14,3,47,43,40,4,7,12341,364,2011-10-31,14.3,4,1,1
53,17,3,46,42,41,4,5,23426,680,2011-10-31,14.3,7,1,1
52,23,3,23,19,16,4,7,22100,1771,2011-10-31,14.3,6,1,1
36,15,3,27,24,20,3,7,7140,455,2011-11-14,14.3,5,1,1
37,15,3,28,25,20,3,8,7770,455,2011-10-27,14.3,6,1,1
57,20,3,39,36,35,3,4,29260,1140,2011-10-27,14.3,4,1,1
44,23,4,30,27,23,3,7,135751,8855,2011-10-27,14.3,6,1,1
50,17,3,41,39,39,2,2,19600,680,2011-10-27,14.3,5,1,1
40,23,3,11,9,7,2,4,9880,1771,2011-10-31,14.3,3,1,1
58,20,3,39,38,35,1,4,30856,1140,2011-10-27,14.3,3,1,1
59,20,3,40,39,39,1,1,32509,1140,2011-10-27,14.3,4,1,1
53,9,3,356,307,307,49,49,23426,84,2011-12-29,14.2,5,1,1
34,14,4,90,64,51,26,39,46376,1001,2011-12-30,14.2,5,1,1
34,13,4,112,87,87,25,25,46376,715,2011-12-29,14.2,7,1,1
33,14,4,79,59,48,20,31,40920,1001,2011-12-30,14.2,6,1,1
33,15,5,180,113,102,67,78,237336,3003,2012-01-25,14.1,5,1,1
34,13,3,33,29,24,4,9,5984,286,2012-01-31,14.1,6,1,1
34,15,3,23,19,19,4,4,5984,455,2012-01-31,14.1,4,1,1
35,13,3,36,33,25,3,11,6545,286,2012-01-31,14.1,4,1,1
40,15,3,35,32,24,3,11,9880,455,2012-01-31,14.1,6,1,1
49,19,4,114,78,62,36,52,211876,3876,2012-03-05,14.0,7,1,1
43,19,4,67,48,43,19,24,123410,3876,2012-02-28,14.0,8,1,1
45,20,4,67,48,43,19,24,148995,4845,2012-02-28,14.0,7,1,1
38,17,4,65,47,43,18,22,73815,2380,2012-02-28,14.0,7,1,1
45,19,4,75,60,48,15,27,148995,3876,2012-02-28,14.0,7,1,1
47,20,4,72,59,47,13,25,178365,4845,2012-02-28,14.0,5,1,1
39,17,3,24,19,19,5,5,9139,680,2012-03-06,14.0,5,1,1
40,17,3,26,22,19,4,7,9880,680,2012-03-06,14.0,4,1,1
39,19,4,35,32,31,3,4,82251,3876,2012-02-28,14.0,4,1,1
39,20,4,31,29,28,2,3,82251,4845,2012-02-28,14.0,6,1,1
40,20,4,32,30,30,2,2,91390,4845,2012-02-28,14.0,4,1,1
58,15,4,603,348,348,255,255,424270,1365,2012-03-30,13.9,10,1,1
56,15,4,564,310,310,254,254,367290,1365,2012-03-30,13.9,12,1,1
57,15,4,587,335,335,252,252,395010,1365,2012-03-30,13.9,13,1,1
59,15,4,615,394,362,221,253,455126,1365,2012-03-30,13.9,15,1,1
60,15,4,627,424,388,203,239,487635,1365,2012-03-30,13.9,9,1,1
59,21,4,136,107,99,29,37,455126,5985,2012-05-29,13.8,7,1,1
43,10,3,148,121,121,27,27,12341,120,2012-05-29,13.8,7,1,1
46,21,4,62,40,36,22,26,163185,5985,2012-05-29,13.8,10,1,1
42,17,3,29,25,20,4,9,11480,680,2012-05-29,13.8,7,1,1
31,17,3,12,11,8,1,4,4495,680,2012-05-29,13.8,3,1,1
42,23,3,12,11,8,1,4,11480,1771,2012-05-29,13.8,4,1,1
47,21,4,66,43,43,23,23,178365,5985,2012-06-24,13.7,8,1,1
49,21,4,75,52,47,23,28,211876,5985,2012-06-25,13.7,6,1,1
52,18,4,136,116,113,20,23,270725,3060,2012-07-04,13.7,10,1,1
50,21,4,80,60,48,20,32,230300,5985,2012-06-25,13.7,11,1,1
53,18,4,137,121,118,16,19,292825,3060,2012-07-04,13.7,10,1,1
37,20,4,29,23,15,6,14,66045,4845,2012-06-24,13.7,6,1,1
51,22,3,24,19,19,5,5,20825,1540,2012-06-06,13.7,3,1,1
50,21,3,26,22,20,4,6,19600,1330,2012-06-06,13.7,5,1,1
55,23,3,26,22,20,4,6,26235,1771,2012-06-06,13.7,2,1,1
43,21,4,36,32,31,4,5,123410,5985,2012-06-25,13.7,4,1,1
52,22,3,25,22,19,3,6,22100,1540,2012-06-06,13.7,2,1,1
36,19,4,30,27,23,3,7,58905,3876,2012-06-24,13.7,5,1,1
38,20,4,30,27,23,3,7,73815,4845,2012-06-24,13.7,6,1,1
42,22,4,30,27,23,3,7,111930,7315,2012-06-24,13.7,2,1,1
47,15,5,1265,649,536,616,729,1533939,3003,2012-07-26,13.6,18,1,1
46,15,5,1089,574,503,515,586,1370754,3003,2012-07-26,13.6,18,1,1
45,15,5,969,501,444,468,525,1221759,3003,2012-07-26,13.6,16,1,1
42,15,5,772,334,331,438,441,850668,3003,2012-07-26,13.6,14,1,1
43,15,5,798,387,387,411,411,962598,3003,2012-07-26,13.6,14,1,1
58,14,4,789,493,440,296,349,424270,1001,2012-07-11,13.6,5,1,1
57,14,4,696,477,408,219,288,395010,1001,2012-07-11,13.6,7,1,1
55,14,4,621,409,378,212,243,341055,1001,2012-07-11,13.6,10,1,1
55,9,3,374,330,330,44,44,26235,84,2012-07-13,13.6,6,1,1
56,9,3,383,343,343,40,40,27720,84,2012-07-13,13.6,7,1,1
56,23,4,95,61,49,34,46,367290,8855,2012-07-29,13.6,6,1,1
58,23,4,106,74,53,32,53,424270,8855,2012-07-29,13.6,6,1,1
38,16,4,81,60,48,21,33,73815,1820,2012-07-26,13.6,7,1,1
43,18,4,81,60,48,21,33,123410,3060,2012-07-28,13.6,7,1,1
42,18,4,72,52,47,20,25,111930,3060,2012-07-28,13.6,4,1,1
42,20,4,45,34,34,11,11,111930,4845,2012-07-28,13.6,3,1,1
41,20,4,39,32,31,7,8,101270,4845,2012-07-28,13.6,8,1,1
51,24,3,16,15,15,1,1,20825,2024,2012-08-09,13.6,5,1,1
54,21,3,32,29,21,3,11,24804,1330,2012-08-27,13.5,2,1,1
36,8,3,162,140,135,22,27,7140,56,2012-10-19,13.4,5,1,1
49,14,4,382,259,259,123,123,211876,1001,2012-11-02,13.3,8,1,1
46,11,3,129,109,97,20,32,15180,165,2012-11-02,13.3,10,1,1
21,14,5,27,21,17,6,10,20349,2002,2012-10-25,13.3,2,1,1
20,13,4,15,14,11,1,4,4845,715,2012-10-26,13.3,2,1,1
49,15,5,1656,820,820,836,836,1906884,3003,2012-12-07,13.2,11,1,1
48,15,5,1514,688,583,826,931,1712304,3003,2012-12-07,13.2,18,1,1
60,12,4,1866,1100,1100,766,766,487635,495,2012-12-07,13.2,5,1,1
51,16,5,1299,670,565,629,734,2349060,4368,2012-12-07,13.2,13,1,1
59,12,4,1664,1038,1038,626,626,455126,495,2012-12-07,13.2,5,1,1
52,17,5,1137,530,459,607,678,2598960,6188,2012-12-11,13.2,10,1,1
57,12,4,1470,874,798,596,672,395010,495,2012-12-07,13.2,3,1,1
52,16,5,1340,754,644,586,696,2598960,4368,2012-12-07,13.2,4,1,1
55,12,4,1254,789,725,465,529,341055,495,2012-12-07,13.2,5,1,1
56,12,4,1282,840,770,442,512,367290,495,2012-12-07,13.2,5,1,1
53,12,4,1084,689,650,395,434,292825,495,2012-12-07,13.2,2,1,1
54,12,4,1122,738,698,384,424,316251,495,2012-12-07,13.2,2,1,1
60,14,4,941,566,566,375,375,487635,1001,2012-12-07,13.2,5,1,1
49,17,5,756,381,381,375,375,1906884,6188,2012-12-11,13.2,2,1,1
52,12,4,930,607,607,323,323,270725,495,2012-12-07,13.2,4,1,1
59,14,4,860,548,548,312,312,455126,1001,2012-12-07,13.2,4,1,1
48,13,4,540,307,307,233,233,194580,715,2012-12-07,13.2,13,1,1
50,12,4,773,542,542,231,231,230300,495,2012-12-07,13.2,9,1,1
49,12,4,735,519,519,216,216,211876,495,2012-12-07,13.2,12,1,1
47,13,4,494,293,293,201,201,178365,715,2012-12-07,13.2,16,1,1
46,13,4,465,266,266,199,199,163185,715,2012-12-07,13.2,12,1,1
52,13,4,638,444,392,194,246,270725,715,2012-12-07,13.2,16,1,1
45,12,4,547,360,330,187,217,148995,495,2012-12-07,13.2,14,1,1
46,12,4,567,395,345,172,222,163185,495,2012-12-07,13.2,8,1,1
48,12,4,581,448,396,133,185,194580,495,2012-12-07,13.2,4,1,1
43,13,4,335,209,176,126,159,123410,715,2012-12-07,13.2,12,1,1
42,13,4,290,201,168,89,122,111930,715,2012-12-07,13.2,15,1,1
58,10,3,342,273,261,69,81,30856,120,2012-12-07,13.2,9,1,1
60,11,3,303,235,230,68,73,34220,165,2012-12-07,13.2,12,1,1
59,11,3,279,220,220,59,59,32509,165,2012-12-07,13.2,18,1,1
58,11,3,262,211,211,51,51,30856,165,2012-12-07,13.2,8,1,1
59,10,3,347,307,307,40,40,32509,120,2012-12-07,13.2,11,1,1
56,11,3,223,184,168,39,55,27720,165,2012-12-07,13.2,9,1,1
54,21,4,117,78,62,39,55,316251,5985,2012-12-16,13.2,8,1,1
60,10,3,362,324,318,38,44,34220,120,2012-12-07,13.2,11,1,1
50,11,3,173,137,137,36,36,19600,165,2012-12-07,13.2,5,1,1
48,11,3,156,127,127,29,29,17296,165,2012-12-07,13.2,9,1,1
55,11,3,208,180,165,28,43,26235,165,2012-12-07,13.2,6,1,1
45,11,3,120,103,90,17,30,14190,165,2012-12-07,13.2,6,1,1
57,24,4,80,60,48,20,32,395010,10626,2013-02-06,13.1,4,1,1
50,24,4,41,33,32,8,9,230300,10626,2013-02-06,13.1,4,1,1
49,24,4,38,31,31,7,7,211876,10626,2013-02-06,13.1,5,1,1
57,22,4,114,78,63,36,51,395010,7315,2013-02-20,13.0,3,1,1
53,22,4,86,61,49,25,37,292825,7315,2013-02-20,13.0,5,1,1
44,19,4,72,51,47,21,25,135751,3876,2013-02-20,13.0,8,1,1
49,22,4,64,43,43,21,21,211876,7315,2013-02-20,13.0,5,1,1
44,21,4,46,34,34,12,12,135751,5985,2013-02-20,13.0,5,1,1
45,22,4,37,32,31,5,6,148995,7315,2013-02-20,13.0,6,1,1
46,22,4,38,33,32,5,6,163185,7315,2013-02-20,13.0,5,1,1
38,19,4,33,30,30,3,3,73815,3876,2013-02-20,13.0,6,1,1
53,16,4,325,209,173,116,152,292825,1820,2013-05-15,12.8,9,1,1
28,8,4,426,326,298,100,128,20475,70,2013-05-27,12.8,10,1,1
55,18,4,199,138,138,61,61,341055,3060,2013-05-01,12.8,4,1,1
26,8,4,297,244,234,53,63,14950,70,2013-05-27,12.8,10,1,1
31,15,5,123,77,73,46,50,169911,3003,2013-05-14,12.8,12,1,1
47,19,4,103,65,52,38,51,178365,3876,2013-05-13,12.8,6,1,1
51,20,4,112,74,62,38,50,249900,4845,2013-05-28,12.8,9,1,1
46,19,4,87,61,49,26,38,163185,3876,2013-05-14,12.8,7,1,1
42,19,4,60,42,42,18,18,111930,3876,2013-05-13,12.8,5,1,1
34,19,4,27,21,15,6,12,46376,3876,2013-05-13,12.8,4,1,1
54,16,5,1864,895,895,969,969,3162510,4368,2013-07-12,12.6,3,1,1
50,16,5,1096,635,532,461,564,2118760,4368,2013-07-12,12.6,7,1,1
53,14,4,579,334,334,245,245,292825,1001,2013-07-12,12.6,12,1,1
52,14,4,527,309,309,218,218,270725,1001,2013-07-12,12.6,9,1,1
51,14,4,489,296,296,193,193,249900,1001,2013-07-12,12.6,9,1,1
50,14,4,428,272,272,156,156,230300,1001,2013-07-12,12.6,5,1,1
47,14,4,330,215,182,115,148,178365,1001,2013-07-12,12.6,4,1,1
48,14,4,337,251,251,86,86,194580,1001,2013-07-12,12.6,6,1,1
52,10,3,253,208,208,45,45,22100,120,2013-07-12,12.6,5,1,1
60,13,3,167,139,139,28,28,34220,286,2013-08-06,12.6,7,1,1
50,10,3,207,180,165,27,42,19600,120,2013-07-12,12.6,4,1,1
55,13,3,133,110,98,23,35,26235,286,2013-08-06,12.6,7,1,1
56,13,3,140,117,100,23,40,27720,286,2013-08-06,12.6,5,1,1
51,13,3,98,83,83,15,15,20825,286,2013-08-06,12.6,9,1,1
46,13,3,78,64,54,14,24,15180,286,2013-07-12,12.6,4,1,1
52,13,3,101,88,88,13,13,22100,286,2013-08-06,12.6,11,1,1
48,13,3,84,74,74,10,10,17296,286,2013-08-06,12.6,5,1,1
53,13,3,104,94,90,10,14,23426,286,2013-08-06,12.6,10,1,1
48,10,4,1706,1032,1032,674,674,194580,210,2013-09-05,12.5,21,1,1
58,18,4,228,165,152,63,76,424270,3060,2013-09-05,12.5,8,1,1
60,14,3,140,112,99,28,41,34220,364,2013-09-05,12.5,3,1,1
59,14,3,132,106,97,26,35,32509,364,2013-09-05,12.5,5,1,1
57,14,3,110,90,90,20,20,29260,364,2013-09-05,12.5,9,1,1
55,14,3,101,83,83,18,18,26235,364,2013-09-05,12.5,6,1,1
58,14,3,116,100,92,16,24,30856,364,2013-09-05,12.5,7,1,1
57,16,3,81,65,54,16,27,29260,560,2013-09-05,12.5,7,1,1
20,10,5,96,90,76,6,20,15504,252,2013-09-10,12.5,9,1,1
59,18,4,266,181,171,85,95,455126,3060,2013-10-23,12.4,9,1,1
40,20,5,96,64,62,32,34,658008,15504,2013-09-21,12.4,2,1,1
54,13,3,125,104,96,21,29,24804,286,2013-10-23,12.4,11,1,1
53,24,4,61,42,36,19,25,292825,10626,2013-10-23,12.4,5,1,1
33,18,5,61,50,43,11,18,237336,8568,2013-10-13,12.4,2,1,1
35,18,5,69,59,59,10,10,324632,8568,2013-10-13,12.4,8,1,1
35,17,4,38,32,31,6,7,52360,2380,2013-10-13,12.4,4,1,1
48,19,3,31,26,21,5,10,17296,969,2013-10-23,12.4,5,1,1
55,21,3,34,29,24,5,10,26235,1330,2013-09-24,12.4,3,1,1
45,13,4,418,257,257,161,161,148995,715,2013-10-24,12.3,15,1,1
42,10,3,132,110,97,22,35,11480,120,2013-10-24,12.3,9,1,1
55,24,4,68,51,44,17,24,341055,10626,2013-11-04,12.3,4,1,1
52,16,3,59,46,46,13,13,22100,560,2013-11-04,12.3,5,1,1
47,17,3,38,34,25,4,13,16215,680,2013-11-04,12.3,4,1,1
53,19,3,38,34,26,4,12,23426,969,2013-11-04,12.3,6,1,1
48,17,3,38,35,34,3,4,17296,680,2013-11-04,12.3,5,1,1
60,17,4,438,262,262,176,176,487635,2380,2013-12-23,12.2,11,1,1
58,17,4,366,222,185,144,181,424270,2380,2013-12-23,12.2,12,1,1
56,17,4,313,195,172,118,141,367290,2380,2013-12-23,12.2,11,1,1
57,17,4,330,212,178,118,152,395010,2380,2013-12-23,12.2,20,1,1
55,17,4,274,175,165,99,109,341055,2380,2013-12-23,12.2,8,1,1
53,17,4,228,144,144,84,84,292825,2380,2013-12-23,12.2,15,1,1
52,17,4,218,138,138,80,80,270725,2380,2013-12-23,12.2,20,1,1
51,17,4,196,132,132,64,64,249900,2380,2013-12-23,12.2,13,1,1
43,17,4,108,74,61,34,47,123410,2380,2013-12-23,12.2,8,1,1
50,17,4,154,121,118,33,36,230300,2380,2013-12-23,12.2,8,1,1
44,17,4,114,86,65,28,49,135751,2380,2013-12-23,12.2,7,1,1
49,17,4,144,116,113,28,31,211876,2380,2013-12-23,12.2,7,1,1
48,17,4,138,111,111,27,27,194580,2380,2013-12-23,12.2,9,1,1
53,13,4,679,477,424,202,255,292825,715,2014-06-13,11.7,22,1,1
60,19,4,238,149,146,89,92,487635,3876,2014-07-04,11.7,12,1,1
59,19,4,219,143,143,76,76,455126,3876,2014-07-04,11.7,13,1,1
58,19,4,209,138,138,71,71,424270,3876,2014-07-04,11.7,13,1,1
48,19,4,109,74,61,35,48,194580,3876,2014-07-04,11.7,8,1,1
50,19,4,120,87,66,33,54,230300,3876,2014-07-04,11.7,9,1,1
51,19,4,125,92,68,33,57,249900,3876,2014-07-04,11.7,9,1,1
52,19,4,129,96,94,33,35,270725,3876,2014-07-04,11.7,13,1,1
56,19,4,156,127,118,29,38,367290,3876,2014-07-04,11.7,10,1,1
55,19,4,139,113,113,26,26,341055,3876,2014-07-04,11.7,7,1,1
54,19,4,134,111,111,23,23,316251,3876,2014-07-04,11.7,8,1,1
53,24,5,170,98,95,72,75,2869685,42504,2014-09-04,11.5,8,1,1
54,24,5,183,115,99,68,84,3162510,42504,2014-09-04,11.5,3,1,1
52,24,5,147,87,78,60,69,2598960,42504,2014-09-04,11.5,3,1,1
51,24,5,130,85,75,45,55,2349060,42504,2014-09-04,11.5,7,1,1
50,24,5,117,73,73,44,44,2118760,42504,2014-09-04,11.5,5,1,1
59,23,4,110,75,62,35,48,455126,8855,2014-09-05,11.5,8,1,1
55,23,4,82,60,48,22,34,341055,8855,2014-09-04,11.5,7,1,1
52,23,4,65,44,43,21,22,270725,8855,2014-09-04,11.5,9,1,1
51,23,4,60,40,36,20,24,249900,8855,2014-09-04,11.5,9,1,1
54,23,4,72,52,47,20,25,316251,8855,2014-09-04,11.5,9,1,1
44,24,5,62,43,28,19,34,1086008,42504,2014-09-05,11.5,2,1,1
49,23,4,52,35,35,17,17,211876,8855,2014-09-04,11.5,5,1,1
53,23,4,68,51,44,17,24,292825,8855,2014-09-04,11.5,9,1,1
48,23,4,48,33,32,15,16,194580,8855,2014-09-04,11.5,9,1,1
50,23,4,54,40,35,14,19,230300,8855,2014-09-04,11.5,9,1,1
45,24,5,62,51,44,11,18,1221759,42504,2014-09-05,11.5,4,1,1
46,24,5,63,56,54,7,9,1370754,42504,2014-09-02,11.5,2,1,1
47,24,5,63,59,59,4,4,1533939,42504,2014-09-02,11.5,4,1,1
45,23,4,31,29,28,2,3,148995,8855,2014-09-04,11.5,6,1,1
46,23,4,31,30,30,1,1,163185,8855,2014-09-04,11.5,7,1,1
48,24,5,63,62,62,1,1,1712304,42504,2014-08-30,11.5,2,1,1
56,23,5,317,178,130,139,187,3819816,33649,2014-10-20,11.4,16,1,1
60,24,5,322,188,155,134,167,5461512,42504,2014-09-28,11.4,5,1,1
55,23,5,279,154,125,125,154,3478761,33649,2014-10-20,11.4,9,1,1
58,24,5,282,158,129,124,153,4582116,42504,2014-09-21,11.4,4,1,1
59,24,5,305,182,131,123,174,5006386,42504,2014-09-28,11.4,12,1,1
57,24,5,263,145,117,118,146,4187106,42504,2014-09-21,11.4,10,1,1
56,24,5,248,140,112,108,136,3819816,42504,2014-09-21,11.4,4,1,1
41,13,4,253,180,158,73,95,101270,715,2014-10-02,11.4,12,1,1
50,23,5,165,94,94,71,71,2118760,33649,2014-10-05,11.4,8,1,1
48,23,5,129,74,74,55,55,1712304,33649,2014-10-01,11.4,9,1,1
49,23,5,136,86,75,50,61,1906884,33649,2014-10-04,11.4,9,1,1
47,23,5,112,68,66,44,46,1533939,33649,2014-10-01,11.4,5,1,1
44,22,5,105,64,62,41,43,1086008,26334,2014-10-03,11.4,3,1,1
57,23,4,101,65,53,36,48,395010,8855,2014-09-28,11.4,5,1,1
52,22,4,76,52,48,24,28,270725,7315,2014-10-18,11.4,6,1,1
51,22,4,71,51,47,20,24,249900,7315,2014-10-01,11.4,7,1,1
40,23,5,57,37,27,20,30,658008,33649,2014-09-29,11.4,6,1,1
47,22,4,54,35,35,19,19,178365,7315,2014-10-01,11.4,5,1,1
40,22,5,61,42,28,19,33,658008,26334,2014-09-28,11.4,3,1,1
43,22,5,78,59,59,19,19,962598,26334,2014-09-28,11.4,3,1,1
42,23,5,61,42,28,19,33,850668,33649,2014-09-28,11.4,4,1,1
60,18,3,65,50,47,15,18,34220,816,2014-10-17,11.4,4,1,1
59,18,3,61,47,46,14,15,32509,816,2014-10-17,11.4,2,1,1
60,17,3,77,64,53,13,24,34220,680,2014-10-06,11.4,6,1,1
58,18,3,58,46,46,12,12,30856,816,2014-10-17,11.4,2,1,1
41,22,5,62,51,43,11,19,749398,26334,2014-09-28,11.4,3,1,1
43,23,5,62,51,43,11,19,962598,33649,2014-09-27,11.4,2,1,1
39,11,3,77,68,68,9,9,9139,165,2014-09-30,11.4,9,1,1
42,22,5,63,56,54,7,9,850668,26334,2014-09-28,11.4,2,1,1
44,23,5,63,56,54,7,9,1086008,33649,2014-09-28,11.4,6,1,1
45,23,5,65,59,59,6,6,1221759,33649,2014-09-28,11.4,3,1,1
46,16,3,39,36,35,3,4,15180,560,2014-10-17,11.4,4,1,1
46,17,3,36,33,25,3,11,15180,680,2014-10-12,11.4,4,1,1
44,19,3,24,21,19,3,5,13244,969,2014-10-20,11.4,5,1,1
57,22,3,32,29,21,3,11,29260,1540,2014-10-17,11.4,3,1,1
45,19,3,24,22,19,2,5,14190,969,2014-10-12,11.4,6,1,1
43,22,4,31,29,28,2,3,123410,7315,2014-10-01,11.4,7,1,1
44,22,4,31,30,30,1,1,135751,7315,2014-09-30,11.4,6,1,1
48,17,5,749,359,334,390,415,1712304,6188,2014-11-27,11.3,3,1,1
54,23,5,262,144,116,118,146,3162510,33649,2014-11-27,11.3,17,1,1
51,23,5,187,98,98,89,89,2349060,33649,2014-11-27,11.3,8,1,1
52,23,5,198,116,107,82,91,2598960,33649,2014-11-27,11.3,7,1,1
47,22,5,152,86,77,66,75,1533939,26334,2014-11-27,11.3,9,1,1
45,17,4,124,88,67,36,57,148995,2380,2014-11-27,11.3,13,1,1
46,17,4,127,95,92,32,35,163185,2380,2014-11-27,11.3,13,1,1
45,16,4,136,110,110,26,26,148995,1820,2014-11-27,11.3,7,1,1
44,16,4,130,105,97,25,33,135751,1820,2014-11-27,11.3,4,1,1
46,20,4,70,51,44,19,26,163185,4845,2014-11-20,11.3,7,1,1
38,21,5,61,42,28,19,33,501942,20349,2014-11-20,11.3,8,1,1
50,14,3,80,68,58,12,22,19600,364,2014-11-11,11.3,8,1,1
37,20,5,62,50,43,12,19,435897,15504,2014-11-20,11.3,9,1,1
39,21,5,62,51,43,11,19,575757,20349,2014-11-14,11.3,2,1,1
51,14,3,82,73,73,9,9,20825,364,2014-11-11,11.3,8,1,1
52,14,3,83,75,75,8,8,22100,364,2014-11-11,11.3,4,1,1
55,18,3,48,43,40,5,8,26235,816,2014-11-11,11.3,7,1,1
39,14,3,38,34,34,4,4,9139,364,2014-11-20,11.3,4,1,1
44,16,3,37,33,25,4,12,13244,560,2014-11-21,11.3,5,1,1
42,15,3,38,35,34,3,4,11480,455,2014-11-20,11.3,6,1,1
45,16,3,38,35,34,3,4,14190,560,2014-11-20,11.3,7,1,1
51,18,3,38,35,34,3,4,20825,816,2014-11-11,11.3,5,1,1
40,14,3,39,38,35,1,4,9880,364,2014-11-20,11.3,5,1,1
59,16,4,540,303,303,237,237,455126,1820,2014-12-23,11.2,4,1,1
57,23,5,332,184,154,148,178,4187106,33649,2014-12-16,11.2,11,1,1
55,16,4,382,238,200,144,182,341055,1820,2014-12-23,11.2,11,1,1
52,16,4,283,179,166,104,117,270725,1820,2014-12-23,11.2,4,1,1
51,16,4,265,173,150,92,115,249900,1820,2014-12-23,11.2,9,1,1
50,16,4,244,154,144,90,100,230300,1820,2014-12-23,11.2,6,1,1
48,16,4,195,132,132,63,63,194580,1820,2014-12-23,11.2,10,1,1
47,16,4,175,127,118,48,57,178365,1820,2014-12-23,11.2,7,1,1
46,16,4,157,115,113,42,44,163185,1820,2014-12-23,11.2,7,1,1
51,22,5,249,140,112,109,137,2349060,26334,2015-01-14,11.1,6,1,1
37,7,3,286,222,222,64,64,7770,35,2015-03-16,11.0,6,1,1
45,16,5,750,358,332,392,418,1221759,4368,2015-04-07,10.9,3,1,1
41,15,5,696,307,307,389,389,749398,3003,2015-04-03,10.9,14,1,1
39,15,5,499,247,247,252,252,575757,3003,2015-04-03,10.9,10,1,1
38,15,5,444,228,228,216,216,501942,3003,2015-04-07,10.9,15,1,1
42,12,4,435,263,263,172,172,111930,495,2015-04-03,10.9,11,1,1
40,16,5,364,215,163,149,201,658008,4368,2015-04-07,10.9,8,1,1
41,12,4,394,250,250,144,144,101270,495,2015-04-03,10.9,15,1,1
35,15,5,274,150,119,124,155,324632,3003,2015-04-07,10.9,8,1,1
40,12,4,342,227,227,115,115,91390,495,2015-04-03,10.9,10,1,1
39,12,4,292,205,169,87,123,82251,495,2015-04-03,10.9,12,1,1
38,12,4,261,184,162,77,99,73815,495,2015-04-03,10.9,11,1,1
37,17,5,165,105,94,60,71,435897,6188,2015-04-07,10.9,7,1,1
32,15,5,154,101,92,53,62,201376,3003,2015-04-07,10.9,8,1,1
36,16,5,185,133,106,52,79,376992,4368,2015-04-07,10.9,4,1,1
35,12,4,173,129,129,44,44,52360,495,2015-04-03,10.9,12,1,1
36,12,4,180,144,135,36,45,58905,495,2015-04-03,10.9,7,1,1
31,12,4,111,86,86,25,25,31465,495,2015-04-07,10.9,7,1,1
32,12,4,123,99,91,24,32,35960,495,2015-04-07,10.9,9,1,1
33,13,4,103,82,61,21,42,40920,715,2015-04-07,10.9,5,1,1
40,21,5,66,56,54,10,12,658008,20349,2015-06-09,10.7,7,1,1
21,6,4,484,434,406,50,78,5985,15,2015-08-03,10.6,10,1,1
43,23,3,13,12,8,1,5,12341,1771,2015-08-11,10.6,3,1,1
46,10,4,1406,897,897,509,509,163185,210,2015-11-26,10.3,17,1,1
39,10,4,629,465,465,164,164,82251,210,2015-11-26,10.3,13,1,1
51,7,3,752,612,612,140,140,20825,35,2015-11-23,10.3,8,1,1
37,12,4,239,173,142,66,97,66045,495,2015-11-27,10.3,15,1,1
21,8,5,558,431,428,127,130,20349,56,2015-12-02,10.2,10,1,1
20,8,5,418,328,285,90,133,15504,56,2015-12-11,10.2,14,1,1
31,11,5,783,465,389,318,394,169911,462,2016-02-10,10.1,15,1,1
38,17,5,189,126,106,63,83,501942,6188,2016-01-19,10.1,11,1,1
36,17,5,138,89,89,49,49,376992,6188,2016-01-19,10.1,10,1,1
34,17,5,80,64,62,16,18,278256,6188,2016-01-19,10.1,7,1,1
27,9,4,215,177,147,38,68,17550,126,2016-02-12,10.0,14,1,1
32,16,6,286,154,146,132,140,906192,8008,1996-11-14,29.3,1,1,0
16,6,5,808,731,728,77,80,4368,6,1996-11-14,29.3,1,1,0
15,9,8,789,751,719,38,70,6435,9,1996-11-14,29.3,1,1,0
21,15,8,96,61,51,35,45,203490,6435,1996-11-14,29.3,1,1,0
14,8,7,471,445,431,26,40,3432,8,1996-11-14,29.3,1,1,0
22,16,8,71,51,49,20,22,319770,12870,1996-11-14,29.3,1,1,0
20,14,7,60,43,36,17,24,77520,3432,1996-11-14,29.3,1,1,0
22,15,6,46,31,25,15,21,74613,5005,1996-11-14,29.3,1,1,0
18,13,7,50,36,32,14,18,31824,1716,1996-11-14,29.3,1,1,0
13,7,6,264,251,246,13,18,1716,7,1996-11-14,29.3,1,1,0
21,15,7,50,37,35,13,15,116280,6435,1996-11-14,29.3,1,1,0
20,15,8,57,44,34,13,23,125970,6435,1996-11-14,29.3,1,1,0
19,13,6,42,30,25,12,17,27132,1716,1996-11-14,29.3,1,1,0
23,16,6,38,26,25,12,13,100947,8008,1996-11-14,29.3,1,1,0
13,5,4,157,149,149,8,8,715,5,1996-11-14,29.3,1,1,0
22,16,7,40,32,27,8,13,170544,11440,1996-11-14,29.3,1,1,0
13,6,4,66,59,59,7,7,715,15,1996-11-14,29.3,1,1,0
14,5,3,43,37,37,6,6,364,10,1996-11-14,29.3,1,1,0
20,14,6,32,26,25,6,7,38760,3003,1996-11-14,29.3,1,1,0
20,15,7,34,28,23,6,11,77520,6435,1996-11-14,29.3,1,1,0
14,6,4,80,75,75,5,5,1001,15,1996-11-14,29.3,1,1,0
15,7,4,57,52,41,5,16,1365,35,1996-11-14,29.3,1,1,0
13,9,7,79,74,65,5,14,1716,36,1996-11-14,29.3,1,1,0
15,11,7,42,37,32,5,10,6435,330,1996-11-14,29.3,1,1,0
17,13,8,42,37,32,5,10,24310,1287,1996-11-14,29.3,1,1,0
12,7,4,24,20,19,4,5,495,35,1996-11-14,29.3,1,1,0
19,11,4,23,19,14,4,9,3876,330,1996-11-14,29.3,1,1,0
11,6,5,100,96,92,4,8,462,6,1996-11-14,29.3,1,1,0
12,7,5,59,55,45,4,14,792,21,1996-11-14,29.3,1,1,0
16,11,5,22,18,16,4,6,4368,462,1996-11-14,29.3,1,1,0
18,12,5,24,20,17,4,7,8568,792,1996-11-14,29.3,1,1,0
18,13,6,28,24,18,4,10,18564,1716,1996-11-14,29.3,1,1,0
21,15,6,27,23,19,4,8,54264,5005,1996-11-14,29.3,1,1,0
22,16,6,24,20,17,4,7,74613,8008,1996-11-14,29.3,1,1,0
16,6,3,38,35,32,3,6,560,20,1996-11-14,29.3,1,1,0
13,7,5,78,75,67,3,11,1287,21,1996-11-14,29.3,1,1,0
19,13,5,21,18,17,3,4,11628,1287,1996-11-14,29.3,1,1,0
21,16,7,28,25,19,3,9,116280,11440,1996-11-14,29.3,1,1,0
16,12,8,59,56,43,3,16,12870,495,1996-11-14,29.3,1,1,0
12,5,3,29,27,27,2,2,220,10,1996-11-14,29.3,1,1,0
13,5,3,34,32,32,2,2,286,10,1996-11-14,29.3,1,1,0
19,11,3,11,9,7,2,4,969,165,1996-11-14,29.3,1,1,0
13,7,4,30,28,26,2,4,715,35,1996-11-14,29.3,1,1,0
15,10,4,14,12,11,2,3,1365,210,1996-11-14,29.3,1,1,0
14,10,6,29,27,23,2,6,3003,210,1996-11-14,29.3,1,1,0
23,6,2,21,20,20,1,1,253,15,1996-11-14,29.3,1,1,0
24,6,2,22,21,20,1,2,276,15,1996-11-14,29.3,1,1,0
29,6,2,30,29,29,1,1,406,15,1996-11-14,29.3,1,1,0
23,7,2,16,15,14,1,2,253,21,1996-11-14,29.3,1,1,0
28,7,2,22,21,20,1,2,378,21,1996-11-14,29.3,1,1,0
30,7,2,25,24,22,1,3,435,21,1996-11-14,29.3,1,1,0
27,8,2,17,16,14,1,3,351,28,1996-11-14,29.3,1,1,0
14,6,3,25,24,19,1,6,364,20,1996-11-14,29.3,1,1,0
15,6,3,31,30,30,1,1,455,20,1996-11-14,29.3,1,1,0
17,6,3,44,43,37,1,7,680,20,1996-11-14,29.3,1,1,0
18,10,3,12,11,8,1,4,816,120,1996-11-14,29.3,1,1,0
19,10,3,14,13,12,1,2,969,120,1996-11-14,29.3,1,1,0
18,11,3,10,9,7,1,3,816,165,1996-11-14,29.3,1,1,0
12,6,4,41,40,36,1,5,495,15,1996-11-14,29.3,1,1,0
15,8,4,30,29,27,1,3,1365,70,1996-11-14,29.3,1,1,0
19,14,6,22,21,17,1,5,27132,3003,1996-11-14,29.3,1,1,0
17,13,7,26,25,19,1,7,19448,1716,1996-11-14,29.3,1,1,0
17,12,7,64,51,36,13,28,19448,792,1996-12-01,29.2,2,1,0
14,6,5,371,348,348,23,23,2002,6,1997-01-15,29.1,2,1,0
18,12,6,48,38,29,10,19,18564,924,1997-01-24,29.1,3,1,0
14,7,4,44,40,36,4,8,1001,35,1997-01-31,29.1,2,1,0
17,10,4,23,19,14,4,9,2380,210,1997-01-15,29.1,2,1,0
15,10,5,27,24,17,3,10,3003,252,1997-01-15,29.1,2,1,0
18,9,3,16,14,14,2,2,816,84,1997-01-31,29.1,2,1,0
13,6,3,21,20,18,1,3,286,20,1997-01-31,29.1,2,1,0
17,8,3,18,17,15,1,3,680,56,1997-04-02,28.9,3,1,0
15,8,5,89,75,68,14,21,3003,56,1997-05-16,28.8,5,1,0
16,7,4,76,69,69,7,7,1820,35,1997-04-25,28.8,4,1,0
14,8,5,55,49,46,6,9,2002,56,1997-05-09,28.8,3,1,0
15,9,5,42,39,35,3,7,3003,126,1997-04-25,28.8,2,1,0
14,8,4,24,23,21,1,3,1001,70,1997-04-25,28.8,2,1,0
19,5,3,108,103,103,5,5,969,10,1997-07-02,28.7,2,1,0
18,10,5,54,49,49,5,5,8568,252,1997-06-11,28.7,3,1,0
18,10,4,26,24,22,2,4,3060,210,1997-07-02,28.7,4,1,0
19,4,3,258,257,257,1,1,969,4,1997-06-27,28.7,2,1,0
19,9,3,17,16,15,1,2,969,84,1997-06-11,28.7,2,1,0
17,9,4,28,27,27,1,1,2380,126,1997-06-12,28.7,3,1,0
14,7,5,138,118,118,20,20,2002,21,1997-08-06,28.6,2,1,0
18,5,4,664,659,659,5,5,3060,5,1997-07-10,28.6,2,1,0
16,5,3,65,61,61,4,4,560,10,1997-08-06,28.6,2,1,0
18,7,3,33,31,31,2,2,816,35,1997-07-10,28.6,2,1,0
19,7,3,35,33,33,2,2,969,35,1997-07-29,28.6,3,1,0
17,6,5,1213,1125,1125,88,88,6188,6,1997-09-09,28.5,6,1,0
16,5,4,405,397,397,8,8,1820,5,1997-09-09,28.5,6,1,0
19,5,4,846,787,787,59,59,3876,5,1997-09-19,28.4,2,1,0
14,9,8,471,419,400,52,71,3003,9,1997-09-19,28.4,3,1,0
16,10,8,448,352,316,96,132,12870,45,1997-10-31,28.3,4,1,0
16,6,4,152,144,144,8,8,1820,15,1997-10-31,28.3,2,1,0
16,7,3,24,23,19,1,5,560,35,1998-01-08,28.1,2,1,0
18,8,4,66,57,45,9,21,3060,70,1998-03-11,28.0,2,1,0
18,6,4,236,205,204,31,32,3060,15,1999-04-30,26.8,2,1,0
17,6,4,188,173,173,15,15,2380,15,1999-04-30,26.8,3,1,0
14,7,6,501,490,490,11,11,3003,7,1999-06-04,26.7,3,1,0
14,8,6,151,132,118,19,33,3003,28,1999-11-29,26.3,4,1,0
12,7,6,176,165,158,11,18,924,7,2000-01-03,26.2,2,1,0
19,10,4,32,27,27,5,5,3876,210,2000-01-19,26.1,4,1,0
15,11,8,80,74,48,6,32,6435,165,2000-02-23,26.0,2,1,0
19,11,6,102,85,85,17,17,27132,462,2000-06-01,25.7,8,1,0
19,8,3,27,24,19,3,8,969,56,2000-12-08,25.2,3,1,0
19,9,4,48,45,38,3,10,3876,126,2000-12-19,25.2,3,1,0
16,9,4,26,24,22,2,4,1820,126,2001-01-24,25.1,3,1,0
29,7,2,23,22,21,1,2,406,21,2001-01-17,25.1,2,1,0
31,9,2,17,16,14,1,3,465,36,2001-01-08,25.1,3,1,0
15,9,4,20,19,12,1,8,1365,126,2001-01-24,25.1,3,1,0
19,9,5,149,121,95,28,54,11628,126,2001-03-08,25.0,4,1,0
18,9,5,113,98,82,15,31,8568,126,2001-03-06,25.0,5,1,0
18,9,4,38,34,30,4,8,3060,126,2001-03-09,25.0,4,1,0
16,11,6,44,36,25,8,19,8008,462,2001-04-23,24.9,2,1,0
16,10,4,18,16,12,2,6,1820,210,2001-03-21,24.9,2,1,0
32,16,7,1020,418,386,602,634,3365856,11440,2001-07-24,24.6,2,1,0
19,6,4,325,298,298,27,27,3876,15,2001-08-06,24.6,9,1,0
17,5,4,491,477,476,14,15,2380,5,2001-09-24,24.4,2,1,0
29,5,2,43,42,41,1,2,406,10,2001-10-01,24.4,2,1,0
16,7,5,283,213,213,70,70,4368,21,2001-10-25,24.3,7,1,0
15,7,5,189,161,161,28,28,3003,21,2001-11-20,24.3,4,1,0
19,8,4,84,74,74,10,10,3876,70,2003-01-27,23.1,4,1,0
15,6,4,117,93,93,24,24,1365,15,2003-09-14,22.5,3,1,0
17,7,4,99,85,78,14,21,2380,35,2003-09-14,22.5,4,1,0
14,9,5,32,28,19,4,13,2002,126,2004-02-09,22.1,4,1,0
21,14,6,56,36,29,20,27,54264,3003,2004-07-12,21.6,3,1,0
18,11,5,42,32,23,10,19,8568,462,2004-07-09,21.6,2,1,0
17,7,3,27,25,20,2,7,680,35,2004-07-21,21.6,2,1,0
19,12,4,17,15,12,2,5,3876,495,2004-07-21,21.6,2,1,0
18,10,8,1550,1097,1097,453,453,43758,45,2005-03-23,20.9,5,1,0
16,9,5,61,52,48,9,13,4368,126,2005-05-02,20.8,3,1,0
15,10,6,51,42,29,9,22,5005,210,2005-05-11,20.8,6,1,0
19,11,5,49,42,38,7,11,11628,462,2005-05-05,20.8,3,1,0
15,9,6,99,82,77,17,22,5005,84,2005-06-28,20.7,4,1,0
13,8,5,42,33,31,9,11,1287,56,2005-06-28,20.7,2,1,0
13,8,6,99,90,74,9,25,1716,28,2005-06-28,20.7,4,1,0
16,10,5,34,31,20,3,14,4368,252,2005-06-28,20.7,5,1,0
14,10,7,56,54,35,2,21,3432,120,2005-06-28,20.7,3,1,0
16,10,7,165,132,124,33,41,11440,120,2005-08-04,20.6,7,1,0
17,9,5,79,59,57,20,22,6188,126,2005-08-04,20.6,6,1,0
19,10,5,83,65,57,18,26,11628,252,2005-08-04,20.6,8,1,0
17,11,5,30,25,19,5,11,6188,462,2005-08-04,20.6,4,1,0
18,11,4,19,18,12,1,7,3060,330,2005-08-12,20.6,3,1,0
17,11,4,15,13,11,2,4,2380,330,2005-09-16,20.5,2,1,0
21,11,7,692,462,363,230,329,116280,330,2005-12-12,20.2,20,1,0
20,10,6,343,242,190,101,153,38760,210,2005-12-12,20.2,12,1,0
18,10,6,153,107,103,46,50,18564,210,2005-12-12,20.2,8,1,0
19,10,6,230,187,156,43,74,27132,210,2005-12-12,20.2,12,1,0
21,13,6,75,52,39,23,36,54264,1716,2005-12-12,20.2,3,1,0
19,12,6,72,51,37,21,35,27132,924,2005-12-12,20.2,5,1,0
20,13,6,64,45,30,19,34,38760,1716,2005-12-12,20.2,3,1,0
23,15,7,110,62,50,48,60,245157,6435,2006-02-24,20.0,8,1,0
22,14,6,66,40,32,26,34,74613,3003,2006-02-24,20.0,3,1,0
23,15,6,56,37,30,19,26,100947,5005,2006-02-24,20.0,2,1,0
17,9,6,242,197,155,45,87,12376,84,2006-04-13,19.9,7,1,0
13,8,7,295,269,257,26,38,1716,8,2006-04-11,19.9,2,1,0
14,9,7,163,140,116,23,47,3432,36,2006-04-11,19.9,3,1,0
18,7,4,126,111,96,15,30,3060,35,2006-04-11,19.9,9,1,0
16,10,6,76,63,56,13,20,8008,210,2006-04-11,19.9,5,1,0
17,10,5,48,41,38,7,10,6188,252,2006-04-11,19.9,4,1,0
17,8,4,53,49,41,4,12,2380,70,2006-04-11,19.9,3,1,0
25,16,6,70,38,32,32,38,177100,8008,2006-05-02,19.8,7,1,0
16,8,5,115,104,82,11,33,4368,56,2006-05-08,19.8,2,1,0
17,11,6,58,48,31,10,27,12376,462,2006-05-16,19.8,5,1,0
19,12,5,37,29,19,8,18,11628,792,2006-05-02,19.8,4,1,0
19,6,3,60,57,57,3,3,969,20,2006-05-03,19.8,4,1,0
13,9,6,39,38,25,1,14,1716,84,2006-05-02,19.8,2,1,0
21,12,7,315,209,182,106,133,116280,792,2006-06-26,19.7,15,1,0
18,12,8,206,147,131,59,75,43758,495,2006-06-26,19.7,7,1,0
20,11,6,172,119,104,53,68,38760,462,2006-06-26,19.7,9,1,0
20,12,7,186,142,142,44,44,77520,792,2006-06-26,19.7,13,1,0
18,13,8,92,71,50,21,42,43758,1287,2006-06-01,19.7,4,1,0
18,11,6,88,68,63,20,25,18564,462,2006-06-26,19.7,6,1,0
15,10,8,253,210,174,43,79,6435,45,2006-10-04,19.4,7,1,0
17,11,8,282,204,192,78,90,24310,165,2006-12-29,19.2,11,1,0
19,8,6,1378,1057,1057,321,321,27132,28,2007-03-05,19.0,16,1,0
18,7,5,548,445,445,103,103,8568,21,2007-03-05,19.0,10,1,0
29,16,6,145,95,93,50,52,475020,8008,2007-03-15,19.0,8,1,0
28,16,6,114,79,74,35,40,376740,8008,2007-03-05,19.0,2,1,0
15,6,5,578,548,548,30,30,3003,6,2007-07-16,18.6,8,1,0
14,10,8,115,104,91,11,24,3003,45,2007-10-18,18.4,3,1,0
24,14,8,592,347,326,245,266,735471,3003,2007-11-30,18.3,13,1,0
17,8,6,615,453,453,162,162,12376,28,2007-11-30,18.3,6,1,0
18,6,5,1546,1431,1428,115,118,8568,6,2007-11-30,18.3,3,1,0
27,16,6,101,66,44,35,57,296010,8008,2007-11-30,18.3,4,1,0
17,10,6,118,89,82,29,36,12376,210,2007-11-30,18.3,4,1,0
31,15,6,442,209,193,233,249,736281,5005,2007-12-03,18.2,7,1,0
26,16,8,372,202,182,170,190,1562275,12870,2007-12-03,18.2,18,1,0
21,16,8,48,37,31,11,17,203490,12870,2007-12-11,18.2,2,1,0
30,16,8,1801,640,640,1161,1161,5852925,12870,2008-02-05,18.1,7,1,0
15,8,6,281,222,222,59,59,5005,28,2008-02-05,18.1,5,1,0
17,7,5,398,351,350,47,48,6188,21,2008-02-05,18.1,5,1,0
25,15,6,99,59,44,40,55,177100,5005,2008-02-05,18.1,7,1,0
24,16,6,49,35,26,14,23,134596,8008,2008-02-05,18.1,2,1,0
27,16,7,233,127,124,106,109,888030,11440,2008-03-20,17.9,11,1,0
16,8,6,390,322,322,68,68,8008,28,2008-04-24,17.9,7,1,0
20,10,7,1296,812,744,484,552,77520,120,2008-04-29,17.8,19,1,0
18,8,6,916,790,788,126,128,18564,28,2008-05-12,17.8,6,1,0
23,14,7,191,119,109,72,82,245157,3432,2008-05-12,17.8,14,1,0
16,9,6,169,134,121,35,48,8008,84,2008-04-30,17.8,12,1,0
17,9,7,841,609,609,232,232,19448,36,2008-07-02,17.7,10,1,0
22,11,7,1131,694,694,437,437,170544,330,2008-08-07,17.6,10,1,0
19,10,7,821,559,559,262,262,50388,120,2008-07-21,17.6,15,1,0
17,10,7,302,228,206,74,96,19448,120,2008-08-07,17.6,9,1,0
18,9,6,395,294,294,101,101,18564,84,2008-09-02,17.5,19,1,0
21,10,7,1888,1233,1065,655,823,116280,120,2008-10-20,17.4,16,1,0
26,13,7,1076,576,422,500,654,657800,1716,2008-09-26,17.4,14,1,0
27,14,7,807,371,340,436,467,888030,3432,2008-09-26,17.4,8,1,0
23,13,8,851,560,475,291,376,490314,1287,2008-10-14,17.4,14,1,0
23,12,7,703,437,349,266,354,245157,792,2008-09-26,17.4,6,1,0
22,12,7,436,316,268,120,168,170544,792,2008-09-26,17.4,8,1,0
22,11,6,342,228,182,114,160,74613,462,2008-09-26,17.4,11,1,0
24,13,6,171,115,108,56,63,134596,1716,2008-09-26,17.4,12,1,0
15,9,7,270,220,197,50,73,6435,36,2008-09-22,17.4,6,1,0
21,11,6,221,172,146,49,75,54264,462,2008-09-26,17.4,15,1,0
22,12,6,157,114,107,43,50,74613,924,2008-10-01,17.4,9,1,0
21,12,6,127,88,88,39,39,54264,924,2008-09-22,17.4,11,1,0
23,14,6,91,56,40,35,51,100947,3003,2008-09-22,17.4,7,1,0
15,10,7,108,78,74,30,34,6435,120,2008-09-22,17.4,6,1,0
26,16,6,80,52,39,28,41,230230,8008,2008-09-22,17.4,6,1,0
19,13,7,77,56,43,21,34,50388,1716,2008-09-22,17.4,8,1,0
16,11,7,80,62,43,18,37,11440,330,2008-09-22,17.4,8,1,0
14,9,6,68,52,49,16,19,3003,84,2008-09-22,17.4,8,1,0
67,7,2,115,106,106,9,9,2211,21,2008-11-15,17.3,1,1,0
61,7,2,95,88,88,7,7,1830,21,2008-11-15,17.3,1,1,0
36,6,2,47,42,42,5,5,630,15,2008-11-15,17.3,1,1,0
71,7,2,127,122,122,5,5,2485,21,2008-11-15,17.3,1,1,0
49,8,2,49,44,43,5,6,1176,28,2008-11-27,17.3,1,1,0
46,6,2,73,69,69,4,4,1035,15,2008-11-15,17.3,1,1,0
55,6,2,105,101,101,4,4,1485,15,2008-11-27,17.3,1,1,0
42,7,2,46,42,42,4,4,861,21,2008-11-15,17.3,1,1,0
43,7,2,49,45,43,4,6,903,21,2008-11-15,17.3,1,1,0
70,7,2,124,120,120,4,4,2415,21,2008-11-15,17.3,1,1,0
41,6,2,59,56,55,3,4,820,15,2008-11-15,17.3,1,1,0
54,8,2,57,54,54,3,3,1431,28,2008-11-27,17.3,1,1,0
68,8,2,88,85,85,3,3,2278,28,2008-11-27,17.3,1,1,0
70,9,2,73,70,70,3,3,2415,36,2008-11-28,17.3,1,1,0
78,9,2,90,87,87,3,3,3003,36,2008-11-28,17.3,1,1,0
85,9,2,107,104,104,3,3,3570,36,2008-11-12,17.3,1,1,0
55,10,2,39,36,33,3,6,1485,45,2008-11-25,17.3,1,1,0
39,6,2,54,52,52,2,2,741,15,2008-11-15,17.3,1,1,0
37,7,2,35,33,32,2,3,666,21,2008-11-25,17.3,1,1,0
41,7,2,43,41,41,2,2,820,21,2008-11-15,17.3,1,1,0
47,7,2,56,54,54,2,2,1081,21,2008-11-27,17.3,1,1,0
69,7,2,121,119,119,2,2,2346,21,2008-11-15,17.3,1,1,0
74,7,2,140,138,138,2,2,2701,21,2008-11-15,17.3,1,1,0
75,7,2,142,140,140,2,2,2775,21,2008-11-15,17.3,1,1,0
33,8,2,24,22,21,2,3,528,28,2008-11-19,17.3,1,1,0
34,8,2,25,23,22,2,3,561,28,2008-11-22,17.3,1,1,0
35,8,2,26,24,22,2,4,595,28,2008-11-22,17.3,1,1,0
55,8,2,57,55,55,2,2,1485,28,2008-11-27,17.3,1,1,0
62,8,2,72,70,70,2,2,1891,28,2008-11-27,17.3,1,1,0
88,8,2,145,143,143,2,2,3828,28,2008-11-27,17.3,1,1,0
38,9,2,25,23,22,2,3,703,36,2008-11-28,17.3,1,1,0
41,9,2,28,26,23,2,5,820,36,2008-11-28,17.3,1,1,0
71,9,2,73,71,71,2,2,2485,36,2008-11-28,17.3,1,1,0
77,9,2,88,86,86,2,2,2926,36,2008-11-28,17.3,1,1,0
79,9,2,90,88,88,2,2,3081,36,2008-11-28,17.3,1,1,0
43,10,2,26,24,22,2,4,903,45,2008-11-25,17.3,1,1,0
51,10,2,35,33,31,2,4,1275,45,2008-11-25,17.3,1,1,0
52,10,2,36,34,32,2,4,1326,45,2008-11-25,17.3,1,1,0
53,10,2,37,35,32,2,5,1378,45,2008-11-25,17.3,1,1,0
37,11,2,16,14,14,2,2,666,55,2008-11-25,17.3,1,1,0
49,11,2,27,25,23,2,4,1176,55,2008-11-22,17.3,1,1,0
50,11,2,28,26,23,2,5,1225,55,2008-11-22,17.3,1,1,0
89,5,2,393,392,392,1,1,3916,10,2008-11-19,17.3,1,1,0
35,6,2,42,41,41,1,1,595,15,2008-11-20,17.3,1,1,0
44,6,2,67,66,66,1,1,946,15,2008-11-20,17.3,1,1,0
58,6,2,117,116,116,1,1,1653,15,2008-11-16,17.3,2,1,0
59,6,2,119,118,118,1,1,1711,15,2008-11-15,17.3,1,1,0
68,6,2,160,159,159,1,1,2278,15,2008-11-20,17.3,1,1,0
78,6,2,209,208,208,1,1,3003,15,2008-11-22,17.3,1,1,0
33,7,2,30,29,29,1,1,528,21,2008-11-19,17.3,1,1,0
34,7,2,31,30,30,1,1,561,21,2008-11-20,17.3,1,1,0
35,7,2,32,31,30,1,2,595,21,2008-11-22,17.3,1,1,0
36,7,2,33,32,31,1,2,630,21,2008-11-25,17.3,1,1,0
38,7,2,39,38,38,1,1,703,21,2008-11-20,17.3,1,1,0
48,7,2,56,55,55,1,1,1128,21,2008-11-20,17.3,1,1,0
58,7,2,84,83,83,1,1,1653,21,2008-11-15,17.3,1,1,0
59,7,2,86,85,85,1,1,1711,21,2008-11-15,17.3,1,1,0
64,7,2,102,101,101,1,1,2016,21,2008-11-20,17.3,1,1,0
68,7,2,118,117,117,1,1,2278,21,2008-11-15,17.3,1,1,0
40,8,2,33,32,30,1,3,780,28,2008-11-27,17.3,1,1,0
56,8,2,57,56,56,1,1,1540,28,2008-11-20,17.3,1,1,0
63,8,2,72,71,71,1,1,1953,28,2008-11-20,17.3,1,1,0
67,8,2,85,84,84,1,1,2211,28,2008-11-20,17.3,1,1,0
75,8,2,105,104,104,1,1,2775,28,2008-11-20,17.3,1,1,0
42,9,2,29,28,28,1,1,861,36,2008-11-20,17.3,1,1,0
72,9,2,73,72,72,1,1,2556,36,2008-11-20,17.3,1,1,0
76,9,2,86,85,85,1,1,2850,36,2008-11-20,17.3,1,1,0
80,9,2,90,89,89,1,1,3160,36,2008-11-20,17.3,1,1,0
84,9,2,104,103,103,1,1,3486,36,2008-11-20,17.3,1,1,0
33,10,2,15,14,14,1,1,528,45,2008-11-19,17.3,1,1,0
45,10,2,27,26,23,1,4,990,45,2008-11-25,17.3,1,1,0
36,11,2,15,14,14,1,1,630,55,2008-11-25,17.3,1,1,0
47,11,2,23,22,22,1,1,1081,55,2008-11-22,17.3,1,1,0
49,12,2,22,21,21,1,1,1176,66,2008-11-22,17.3,1,1,0
61,16,2,20,19,16,1,4,1830,120,2008-11-18,17.3,1,1,0
32,14,6,912,400,330,512,582,906192,3003,2008-12-08,17.2,12,1,0
16,11,8,167,114,108,53,59,12870,165,2008-12-08,17.2,8,1,0
28,19,7,86,45,39,41,47,1184040,50388,2008-12-21,17.2,2,1,0
17,12,8,122,88,61,34,61,24310,495,2008-12-08,17.2,9,1,0
17,11,7,125,98,87,27,38,19448,330,2008-12-08,17.2,5,1,0
19,14,8,74,49,44,25,30,75582,3003,2008-12-23,17.2,3,1,0
26,18,7,68,44,37,24,31,657800,31824,2008-12-19,17.2,3,1,0
24,17,7,58,37,36,21,22,346104,19448,2008-12-03,17.2,3,1,0
25,18,7,47,32,27,15,20,480700,31824,2008-12-22,17.2,4,1,0
25,19,8,44,32,25,12,19,1081575,75582,2008-12-07,17.2,2,1,0
71,6,2,177,166,166,11,11,2485,15,2008-12-03,17.2,2,1,0
79,7,2,158,147,147,11,11,3081,21,2008-12-05,17.2,4,1,0
78,8,2,119,108,108,11,11,3003,28,2008-12-27,17.2,2,1,0
85,8,2,139,128,128,11,11,3570,28,2008-12-22,17.2,2,1,0
89,9,2,121,110,109,11,12,3916,36,2008-12-06,17.2,4,1,0
61,6,2,132,122,122,10,10,1830,15,2008-12-07,17.2,3,1,0
97,9,2,140,130,130,10,10,4656,36,2008-12-12,17.2,2,1,0
77,8,2,115,106,106,9,9,2926,28,2009-01-01,17.2,3,1,0
26,18,6,34,25,25,9,9,230230,18564,2008-12-27,17.2,4,1,0
78,7,2,153,145,145,8,8,3003,21,2008-12-05,17.2,4,1,0
95,7,2,225,218,218,7,7,4465,21,2008-12-07,17.2,3,1,0
97,10,2,114,107,107,7,7,4656,45,2008-12-19,17.2,1,1,0
19,14,7,40,33,25,7,15,50388,3432,2008-12-08,17.2,2,1,0
23,17,7,35,28,23,7,12,245157,19448,2008-12-19,17.2,2,1,0
71,8,2,96,90,89,6,7,2485,28,2008-12-01,17.2,2,1,0
24,18,7,30,24,19,6,11,346104,31824,2008-12-19,17.2,3,1,0
23,18,8,35,29,25,6,10,490314,43758,2008-12-01,17.2,2,1,0
77,7,2,148,143,143,5,5,2926,21,2008-12-05,17.2,3,1,0
76,8,2,110,105,105,5,5,2850,28,2008-12-27,17.2,2,1,0
81,8,2,127,122,122,5,5,3240,28,2008-12-22,17.2,1,1,0
90,8,2,152,147,147,5,5,4005,28,2008-12-26,17.2,2,1,0
89,7,2,195,191,191,4,4,3916,21,2008-12-12,17.2,3,1,0
80,8,2,124,120,120,4,4,3160,28,2009-01-01,17.2,3,1,0
96,10,2,110,106,106,4,4,4560,45,2008-12-19,17.2,1,1,0
27,20,6,22,18,14,4,8,296010,38760,2009-01-03,17.2,2,1,0
63,6,2,140,137,137,3,3,1953,15,2008-12-03,17.2,2,1,0
64,6,2,142,139,139,3,3,2016,15,2008-12-03,17.2,3,1,0
95,6,2,304,301,301,3,3,4465,15,2008-11-30,17.2,2,1,0
54,7,2,73,70,70,3,3,1431,21,2009-01-02,17.2,3,1,0
52,9,2,45,42,41,3,4,1326,36,2008-12-02,17.2,2,1,0
56,9,2,49,46,44,3,5,1540,36,2008-12-02,17.2,2,1,0
60,9,2,57,54,54,3,3,1770,36,2008-12-02,17.2,3,1,0
68,9,2,71,68,68,3,3,2278,36,2008-12-21,17.2,5,1,0
90,9,2,123,120,120,3,3,4005,36,2008-12-02,17.2,2,1,0
88,10,2,91,88,88,3,3,3828,45,2008-12-09,17.2,3,1,0
94,11,2,90,87,86,3,4,4371,55,2008-12-12,17.2,3,1,0
25,19,6,18,15,14,3,4,177100,27132,2009-01-03,17.2,3,1,0
51,5,2,135,133,133,2,2,1275,10,2008-12-08,17.2,4,1,0
69,6,2,163,161,161,2,2,2346,15,2008-12-03,17.2,3,1,0
75,6,2,190,188,188,2,2,2775,15,2008-11-29,17.2,1,1,0
90,7,2,195,193,193,2,2,4005,21,2008-12-12,17.2,4,1,0
52,8,2,54,52,52,2,2,1326,28,2008-12-17,17.2,5,1,0
48,9,2,37,35,32,2,5,1128,36,2008-12-02,17.2,2,1,0
49,9,2,38,36,33,2,5,1176,36,2008-12-02,17.2,2,1,0
66,9,2,68,66,66,2,2,2145,36,2008-12-23,17.2,3,1,0
67,9,2,69,67,67,2,2,2211,36,2008-12-23,17.2,4,1,0
57,10,2,42,40,40,2,2,1596,45,2008-12-27,17.2,4,1,0
68,10,2,58,56,55,2,3,2278,45,2008-12-23,17.2,2,1,0
78,10,2,74,72,71,2,3,3003,45,2008-12-23,17.2,4,1,0
89,10,2,91,89,89,2,2,3916,45,2008-11-30,17.2,1,1,0
95,10,2,107,105,105,2,2,4465,45,2008-12-19,17.2,1,1,0
38,11,2,17,15,14,2,3,703,55,2008-11-29,17.2,1,1,0
46,11,2,23,21,21,2,2,1035,55,2008-11-30,17.2,2,1,0
54,13,2,23,21,21,2,2,1431,78,2008-12-12,17.2,1,1,0
55,13,2,24,22,22,2,2,1485,78,2008-12-17,17.2,1,1,0
52,15,2,17,15,14,2,3,1326,105,2008-12-10,17.2,1,1,0
53,15,2,18,16,15,2,3,1378,105,2008-12-09,17.2,1,1,0
29,21,6,22,20,17,2,5,475020,54264,2009-01-03,17.2,1,1,0
24,19,7,21,19,14,2,7,346104,50388,2008-12-29,17.2,2,1,0
33,5,2,55,54,53,1,2,528,10,2008-12-06,17.2,2,1,0
36,5,2,66,65,65,1,1,630,10,2008-12-06,17.2,2,1,0
37,5,2,68,67,67,1,1,666,10,2008-12-06,17.2,2,1,0
48,5,2,117,116,116,1,1,1128,10,2008-12-19,17.2,4,1,0
53,5,2,140,139,138,1,2,1378,10,2008-12-06,17.2,3,1,0
40,6,2,55,54,54,1,1,780,15,2008-12-04,17.2,4,1,0
74,6,2,186,185,185,1,1,2701,15,2008-12-05,17.2,1,1,0
63,7,2,100,99,99,1,1,1953,21,2008-12-07,17.2,2,1,0
86,7,2,186,185,185,1,1,3655,21,2008-12-03,17.2,2,1,0
39,8,2,32,31,30,1,2,741,28,2008-11-29,17.2,1,1,0
41,8,2,34,33,31,1,3,820,28,2008-11-30,17.2,2,1,0
74,8,2,103,102,102,1,1,2701,28,2008-12-31,17.2,2,1,0
45,9,2,33,32,30,1,3,990,36,2008-12-02,17.2,3,1,0
46,9,2,34,33,31,1,3,1035,36,2008-12-02,17.2,1,1,0
47,9,2,35,34,32,1,3,1081,36,2008-12-02,17.2,1,1,0
62,9,2,58,57,56,1,2,1891,36,2008-12-02,17.2,2,1,0
63,9,2,59,58,56,1,3,1953,36,2008-12-02,17.2,2,1,0
64,9,2,60,59,57,1,3,2016,36,2008-12-23,17.2,4,1,0
65,9,2,61,60,58,1,3,2080,36,2008-12-23,17.2,3,1,0
44,11,2,21,20,20,1,1,946,55,2008-12-01,17.2,2,1,0
45,11,2,22,21,21,1,1,990,55,2008-12-01,17.2,2,1,0
43,12,2,18,17,15,1,3,903,66,2008-12-03,17.2,2,1,0
59,12,2,31,30,30,1,1,1711,66,2008-12-12,17.2,1,1,0
43,13,2,15,14,14,1,1,903,78,2008-12-01,17.2,1,1,0
57,13,2,25,24,22,1,3,1596,78,2008-12-22,17.2,1,1,0
55,14,2,21,20,20,1,1,1485,91,2008-12-26,17.2,2,1,0
56,14,2,21,20,20,1,1,1540,91,2008-12-26,17.2,3,1,0
63,14,2,27,26,23,1,4,1953,91,2008-12-27,17.2,3,1,0
56,17,2,15,14,14,1,1,1540,136,2008-12-22,17.2,1,1,0
65,17,2,20,19,16,1,4,2080,136,2008-11-29,17.2,1,1,0
69,18,2,20,19,16,1,4,2346,153,2008-11-30,17.2,1,1,0
71,18,2,21,20,20,1,1,2485,153,2008-12-05,17.2,1,1,0
90,18,2,31,30,30,1,1,4005,153,2008-12-02,17.2,1,1,0
76,19,2,21,20,20,1,1,2850,171,2008-12-26,17.2,1,1,0
77,20,2,20,19,16,1,4,2926,190,2008-12-18,17.2,1,1,0
76,21,2,18,17,15,1,3,2850,210,2008-12-27,17.2,3,1,0
80,21,2,20,19,16,1,4,3160,210,2008-12-08,17.2,2,1,0
84,21,2,21,20,20,1,1,3486,210,2008-11-30,17.2,1,1,0
85,22,2,20,19,16,1,4,3570,231,2008-12-08,17.2,1,1,0
98,23,2,23,22,22,1,1,4753,253,2008-12-28,17.2,2,1,0
22,17,6,17,16,13,1,4,74613,12376,2008-11-30,17.2,2,1,0
24,19,6,14,13,11,1,3,134596,27132,2008-12-27,17.2,3,1,0
21,17,7,16,15,13,1,3,116280,19448,2008-12-20,17.2,2,1,0
23,19,8,19,18,16,1,3,490314,75582,2008-12-09,17.2,4,1,0
63,16,4,620,378,359,242,261,595665,1820,2009-01-21,17.1,1,1,0
64,16,4,620,404,388,216,232,635376,1820,2009-01-13,17.1,1,1,0
44,22,6,342,140,140,202,202,7059052,74613,2009-01-21,17.1,1,1,0
72,9,3,891,712,712,179,179,59640,84,2009-02-01,17.1,8,1,0
42,22,6,221,113,113,108,108,5245786,74613,2009-01-21,17.1,1,1,0
67,21,4,253,154,150,99,103,766480,5985,2009-01-21,17.1,4,1,0
29,20,8,154,66,57,88,97,4292145,125970,2009-01-06,17.1,2,1,0
68,21,4,253,166,153,87,100,814385,5985,2009-01-21,17.1,3,1,0
32,20,7,156,72,53,84,103,3365856,77520,2009-02-03,17.1,3,1,0
69,9,3,728,652,652,76,76,52394,84,2009-02-01,17.1,7,1,0
31,19,7,171,97,66,74,105,2629575,50388,2009-01-20,17.1,3,1,0
69,21,4,253,181,168,72,85,864501,5985,2009-01-05,17.1,1,1,0
30,21,8,119,63,55,56,64,5852925,203490,2009-01-28,17.1,2,1,0
29,19,7,113,58,49,55,64,1560780,50388,2009-01-14,17.1,6,1,0
35,23,7,113,58,46,55,67,6724520,245157,2009-02-08,17.1,2,1,0
97,16,3,350,298,273,52,77,147440,560,2009-01-10,17.1,2,1,0
24,17,8,113,64,51,49,62,735471,24310,2009-02-04,17.1,4,1,0
36,20,6,138,90,78,48,60,1947792,38760,2009-02-03,17.1,3,1,0
31,22,8,96,51,51,45,45,7888725,319770,2009-02-09,17.1,4,1,0
98,16,3,350,307,282,43,68,152096,560,2009-01-10,17.1,1,1,0
36,21,6,107,64,47,43,60,1947792,54264,2009-02-04,17.1,2,1,0
34,23,7,88,46,39,42,49,5379616,245157,2009-02-08,17.1,2,1,0
31,19,6,84,45,33,39,51,736281,27132,2009-02-08,17.1,2,1,0
25,18,8,91,52,50,39,41,1081575,43758,2009-02-08,17.1,4,1,0
36,22,6,83,45,33,38,50,1947792,74613,2009-02-04,17.1,2,1,0
37,23,6,79,42,33,37,46,2324784,100947,2009-02-08,17.1,2,1,0
38,23,6,82,45,35,37,47,2760681,100947,2009-02-08,17.1,3,1,0
32,20,6,76,40,32,36,44,906192,38760,2009-01-21,17.1,4,1,0
35,22,6,76,40,32,36,44,1623160,74613,2009-02-08,17.1,2,1,0
28,20,8,87,51,51,36,36,3108105,125970,2009-02-05,17.1,3,1,0
39,24,6,79,44,33,35,46,3262623,134596,2009-02-08,17.1,3,1,0
80,10,3,738,704,704,34,34,82160,120,2009-01-31,17.1,6,1,0
33,20,6,87,53,40,34,47,1107568,38760,2009-02-03,17.1,3,1,0
40,24,6,81,47,40,34,41,3838380,134596,2009-02-03,17.1,2,1,0
30,19,6,73,40,32,33,41,593775,27132,2009-02-03,17.1,2,1,0
33,21,6,71,38,32,33,39,1107568,54264,2009-02-03,17.1,4,1,0
35,24,7,77,44,38,33,39,6724520,346104,2009-02-09,17.1,4,1,0
37,22,6,91,59,41,32,50,2324784,74613,2009-02-08,17.1,3,1,0
38,24,6,72,40,32,32,40,2760681,134596,2009-01-21,17.1,1,1,0
63,9,3,520,490,490,30,30,39711,84,2009-01-31,17.1,8,1,0
31,20,6,68,38,30,30,38,736281,38760,2009-02-04,17.1,2,1,0
32,22,7,74,44,38,30,36,3365856,170544,2009-02-03,17.1,3,1,0
26,19,8,73,44,37,29,36,1562275,75582,2009-01-05,17.1,2,1,0
68,9,3,663,635,635,28,28,50116,84,2009-02-01,17.1,7,1,0
77,18,3,130,103,99,27,31,73150,816,2009-01-21,17.1,3,1,0
39,23,6,89,63,45,26,44,3262623,100947,2009-02-09,17.1,3,1,0
30,21,7,62,36,36,26,26,2035800,116280,2009-01-05,17.1,2,1,0
33,23,7,62,36,36,26,26,4272048,245157,2009-02-08,17.1,2,1,0
32,21,6,61,37,29,24,32,906192,54264,2009-02-04,17.1,2,1,0
35,23,6,55,32,26,23,29,1623160,100947,2009-02-03,17.1,2,1,0
34,24,7,54,32,30,22,24,5379616,346104,2009-02-04,17.1,2,1,0
78,18,3,130,109,100,21,30,76076,816,2009-01-21,17.1,4,1,0
33,22,6,52,31,26,21,26,1107568,74613,2009-02-03,17.1,3,1,0
29,21,8,64,43,38,21,26,4292145,203490,2009-01-28,17.1,3,1,0
34,22,6,58,38,30,20,28,1344904,74613,2009-01-21,17.1,2,1,0
27,20,8,59,40,33,19,26,2220075,125970,2009-02-08,17.1,2,1,0
81,24,3,69,51,48,18,21,85320,2024,2009-01-21,17.1,4,1,0
30,20,6,51,33,26,18,25,593775,38760,2009-01-21,17.1,3,1,0
81,10,3,738,721,721,17,17,85320,120,2009-01-25,17.1,4,1,0
83,24,3,73,56,52,17,21,91881,2024,2009-01-21,17.1,7,1,0
84,24,3,73,56,53,17,20,95284,2024,2009-01-07,17.1,1,1,0
36,24,6,48,31,26,17,22,1947792,134596,2009-01-21,17.1,2,1,0
31,22,7,51,34,29,17,22,2629575,170544,2009-01-28,17.1,2,1,0
85,24,3,77,61,54,16,23,98770,2024,2009-01-21,17.1,4,1,0
34,23,6,46,30,26,16,20,1344904,100947,2009-02-03,17.1,2,1,0
23,17,8,60,44,37,16,23,490314,24310,2009-01-07,17.1,4,1,0
64,9,3,520,505,505,15,15,41664,84,2009-01-25,17.1,7,1,0
31,21,6,45,30,26,15,19,736281,54264,2009-02-04,17.1,2,1,0
35,24,6,40,25,25,15,15,1623160,134596,2009-02-08,17.1,3,1,0
28,21,8,51,36,31,15,20,3108105,203490,2009-02-04,17.1,3,1,0
30,22,8,55,40,33,15,22,5852925,319770,2009-02-08,17.1,2,1,0
32,22,6,39,25,25,14,14,906192,74613,2009-02-04,17.1,2,1,0
32,23,7,45,31,24,14,21,3365856,245157,2009-02-07,17.1,2,1,0
68,20,3,68,55,51,13,17,50116,1140,2009-01-05,17.1,1,1,0
27,19,7,49,36,36,13,13,888030,50388,2009-02-05,17.1,2,1,0
29,22,8,45,32,26,13,19,4292145,319770,2009-02-09,17.1,3,1,0
85,7,2,182,170,170,12,12,3570,21,2009-01-06,17.1,4,1,0
86,24,3,77,65,54,12,23,102340,2024,2009-01-21,17.1,6,1,0
29,20,6,37,25,25,12,12,475020,38760,2009-02-03,17.1,2,1,0
33,23,6,34,22,21,12,13,1107568,100947,2009-02-08,17.1,3,1,0
26,19,7,41,29,24,12,17,657800,50388,2009-01-05,17.1,2,1,0
31,24,8,38,26,25,12,13,7888725,735471,2009-02-08,17.1,3,1,0
70,22,3,56,45,45,11,11,54740,1540,2009-01-21,17.1,6,1,0
87,24,3,77,66,55,11,22,105995,2024,2009-01-20,17.1,3,1,0
28,20,7,42,31,27,11,15,1184040,77520,2009-02-03,17.1,2,1,0
29,21,7,40,29,24,11,16,1560780,116280,2009-01-07,17.1,2,1,0
33,24,7,41,30,24,11,17,4272048,346104,2009-02-08,17.1,3,1,0
84,7,2,177,168,168,9,9,3486,21,2009-01-08,17.1,5,1,0
24,17,6,32,23,19,9,13,134596,12376,2009-01-06,17.1,2,1,0
25,17,6,39,30,25,9,14,177100,12376,2009-02-04,17.1,3,1,0
27,20,7,36,27,23,9,13,888030,77520,2009-01-06,17.1,2,1,0
27,21,8,35,26,25,9,10,2220075,203490,2009-01-19,17.1,2,1,0
30,23,8,41,32,25,9,16,5852925,490314,2009-02-09,17.1,2,1,0
65,18,3,77,69,58,8,19,43680,816,2009-01-21,17.1,2,1,0
34,24,6,30,22,17,8,13,1344904,134596,2009-02-08,17.1,2,1,0
29,23,8,30,22,18,8,12,4292145,490314,2009-02-09,17.1,3,1,0
66,18,3,77,70,59,7,18,45760,816,2009-01-10,17.1,1,1,0
68,22,3,51,44,41,7,10,50116,1540,2009-02-03,17.1,2,1,0
88,24,3,77,70,59,7,18,109736,2024,2009-01-10,17.1,1,1,0
30,21,6,31,24,20,7,11,593775,54264,2009-02-03,17.1,2,1,0
31,22,6,29,22,17,7,12,736281,74613,2009-02-08,17.1,4,1,0
26,20,8,39,32,25,7,14,1562275,125970,2009-01-19,17.1,2,1,0
28,22,8,33,26,22,7,11,3108105,319770,2009-01-19,17.1,1,1,0
31,23,8,45,38,33,7,12,7888725,490314,2009-02-09,17.1,2,1,0
99,6,2,336,330,330,6,6,4851,15,2009-01-10,17.1,2,1,0
85,14,2,49,43,43,6,6,3570,91,2009-01-08,17.1,1,1,0
86,14,2,49,43,43,6,6,3655,91,2009-01-08,17.1,1,1,0
93,15,2,50,44,44,6,6,4278,105,2009-01-08,17.1,2,1,0
98,16,2,49,43,43,6,6,4753,120,2009-01-08,17.1,2,1,0
61,24,3,32,26,21,6,11,35990,2024,2009-01-10,17.1,1,1,0
62,24,3,32,26,21,6,11,37820,2024,2009-01-10,17.1,1,1,0
32,23,6,27,21,17,6,10,906192,100947,2009-02-08,17.1,4,1,0
26,20,7,26,20,19,6,7,657800,77520,2009-01-06,17.1,3,1,0
28,21,7,30,24,19,6,11,1184040,116280,2009-01-04,17.1,1,1,0
30,23,7,26,20,19,6,7,2035800,245157,2009-02-04,17.1,3,1,0
59,10,2,48,43,42,5,6,1711,45,2009-01-21,17.1,2,1,0
72,12,2,47,42,42,5,5,2556,66,2009-01-08,17.1,1,1,0
62,22,3,39,34,26,5,13,37820,1540,2009-01-21,17.1,3,1,0
25,18,6,26,21,17,5,9,177100,18564,2009-01-06,17.1,3,1,0
27,19,6,27,22,19,5,8,296010,27132,2009-01-06,17.1,4,1,0
33,24,6,25,20,17,5,8,1107568,134596,2009-02-08,17.1,2,1,0
30,24,8,27,22,18,5,9,5852925,735471,2009-02-03,17.1,2,1,0
50,8,2,49,45,44,4,5,1225,28,2009-01-31,17.1,2,1,0
55,9,2,49,45,43,4,6,1485,36,2009-01-22,17.1,3,1,0
86,9,2,110,106,106,4,4,3655,36,2009-01-15,17.1,2,1,0
60,10,2,48,44,42,4,6,1770,45,2009-01-20,17.1,2,1,0
62,10,2,50,46,44,4,6,1891,45,2009-01-20,17.1,2,1,0
63,10,2,51,47,45,4,6,1953,45,2009-01-16,17.1,3,1,0
64,10,2,52,48,45,4,7,2016,45,2009-01-21,17.1,3,1,0
74,12,2,50,46,44,4,6,2701,66,2009-01-08,17.1,3,1,0
92,12,2,73,69,69,4,4,4186,66,2009-01-08,17.1,3,1,0
84,14,2,46,42,42,4,4,3486,91,2009-01-08,17.1,2,1,0
88,14,2,51,47,44,4,7,3828,91,2009-01-08,17.1,2,1,0
89,14,2,52,48,45,4,7,3916,91,2009-01-08,17.1,4,1,0
96,18,2,37,33,32,4,5,4560,153,2009-01-05,17.1,1,1,0
84,19,2,27,23,23,4,4,3486,171,2009-01-10,17.1,3,1,0
97,22,2,27,23,23,4,4,4656,231,2009-01-08,17.1,1,1,0
69,24,3,40,36,35,4,5,52394,2024,2009-01-21,17.1,3,1,0
23,17,6,22,18,14,4,8,100947,12376,2009-01-06,17.1,4,1,0
26,19,6,24,20,17,4,7,230230,27132,2009-01-20,17.1,1,1,0
28,20,6,25,21,17,4,8,376740,38760,2009-01-06,17.1,2,1,0
32,24,6,19,15,14,4,5,906192,134596,2009-01-21,17.1,1,1,0
25,19,7,28,24,19,4,9,480700,50388,2009-01-05,17.1,2,1,0
27,21,7,24,20,17,4,7,888030,116280,2009-01-04,17.1,1,1,0
28,22,7,21,17,14,4,7,1184040,170544,2009-02-03,17.1,4,1,0
29,22,7,28,24,19,4,9,1560780,170544,2009-02-04,17.1,2,1,0
31,23,7,29,25,19,4,10,2629575,245157,2009-01-06,17.1,2,1,0
31,24,7,24,20,19,4,5,2629575,346104,2009-01-07,17.1,2,1,0
90,6,2,273,270,270,3,3,4005,15,2009-01-21,17.1,2,1,0
94,7,2,218,215,215,3,3,4371,21,2009-01-04,17.1,2,1,0
58,11,2,37,34,32,3,5,1653,55,2009-01-08,17.1,2,1,0
61,11,2,40,37,34,3,6,1830,55,2009-01-09,17.1,3,1,0
96,11,2,92,89,88,3,4,4560,55,2009-01-22,17.1,3,1,0
63,12,2,37,34,32,3,5,1953,66,2009-01-08,17.1,3,1,0
75,12,2,50,47,44,3,6,2775,66,2009-01-05,17.1,1,1,0
56,13,2,25,22,22,3,3,1540,78,2009-01-22,17.1,2,1,0
60,14,2,25,22,22,3,3,1770,91,2009-01-08,17.1,2,1,0
76,14,2,39,36,33,3,6,2850,91,2009-01-08,17.1,1,1,0
90,14,2,52,49,45,3,7,4005,91,2009-01-08,17.1,3,1,0
91,14,2,53,50,46,3,7,4095,91,2009-01-08,17.1,3,1,0
96,15,2,52,49,45,3,7,4560,105,2009-01-08,17.1,1,1,0
70,16,2,26,23,22,3,4,2415,120,2009-01-08,17.1,4,1,0
71,16,2,27,24,23,3,4,2485,120,2009-01-08,17.1,2,1,0
82,16,2,34,31,31,3,3,3321,120,2009-01-08,17.1,1,1,0
87,16,2,39,36,33,3,6,3741,120,2009-01-08,17.1,3,1,0
94,18,2,35,32,32,3,3,4371,153,2009-01-08,17.1,3,1,0
98,18,2,38,35,33,3,5,4753,153,2009-01-08,17.1,1,1,0
65,19,2,17,14,14,3,3,2080,171,2009-01-22,17.1,2,1,0
89,20,2,27,24,23,3,4,3916,190,2009-01-08,17.1,2,1,0
91,20,2,28,25,23,3,5,4095,190,2009-01-08,17.1,2,1,0
72,21,2,17,14,14,3,3,2556,210,2009-01-08,17.1,2,1,0
90,21,2,25,22,22,3,3,4005,210,2009-01-08,17.1,2,1,0
92,21,2,26,23,22,3,4,4186,210,2009-01-08,17.1,1,1,0
93,21,2,26,23,23,3,3,4278,210,2009-01-06,17.1,1,1,0
95,21,2,28,25,23,3,5,4465,210,2009-01-08,17.1,3,1,0
77,22,2,18,15,14,3,4,2926,231,2009-01-05,17.1,4,1,0
98,22,2,27,24,23,3,4,4753,231,2009-01-08,17.1,2,1,0
81,23,2,18,15,15,3,3,3240,253,2009-01-08,17.1,3,1,0
82,24,2,17,14,14,3,3,3321,276,2009-01-08,17.1,3,1,0
64,22,3,40,37,35,3,5,41664,1540,2009-01-21,17.1,3,1,0
63,24,3,32,29,24,3,8,39711,2024,2009-01-21,17.1,4,1,0
29,22,6,18,15,14,3,4,475020,74613,2009-02-03,17.1,2,1,0
30,22,6,21,18,14,3,7,593775,74613,2009-01-05,17.1,1,1,0
25,20,8,27,24,18,3,9,1081575,125970,2009-01-05,17.1,2,1,0
26,21,8,25,22,18,3,7,1562275,203490,2009-01-13,17.1,2,1,0
40,5,2,82,80,80,2,2,780,10,2009-01-21,17.1,2,1,0
44,5,2,99,97,97,2,2,946,10,2009-01-20,17.1,2,1,0
65,6,2,143,141,141,2,2,2080,15,2009-01-20,17.1,2,1,0
36,8,2,27,25,23,2,4,630,28,2009-01-21,17.1,2,1,0
39,9,2,26,24,22,2,4,741,36,2009-01-21,17.1,2,1,0
46,10,2,28,26,23,2,5,1035,45,2009-01-20,17.1,2,1,0
54,10,2,38,36,33,2,5,1431,45,2009-01-21,17.1,2,1,0
58,10,2,43,41,41,2,2,1653,45,2009-01-21,17.1,2,1,0
59,11,2,37,35,33,2,4,1711,55,2009-01-08,17.1,2,1,0
60,11,2,38,36,33,2,5,1770,55,2009-01-10,17.1,4,1,0
97,11,2,92,90,89,2,3,4656,55,2009-01-13,17.1,3,1,0
98,11,2,93,91,90,2,3,4753,55,2009-01-12,17.1,2,1,0
40,12,2,16,14,14,2,2,780,66,2009-01-20,17.1,3,1,0
41,12,2,17,15,14,2,3,820,66,2009-01-22,17.1,2,1,0
50,12,2,23,21,21,2,2,1225,66,2009-01-21,17.1,2,1,0
51,12,2,24,22,22,2,2,1275,66,2009-01-21,17.1,4,1,0
53,12,2,27,25,23,2,4,1378,66,2009-01-20,17.1,3,1,0
65,12,2,38,36,33,2,5,2080,66,2009-01-21,17.1,3,1,0
66,12,2,39,37,33,2,6,2145,66,2009-01-08,17.1,4,1,0
67,12,2,40,38,34,2,6,2211,66,2009-01-06,17.1,5,1,0
61,13,2,29,27,24,2,5,1830,78,2009-01-07,17.1,2,1,0
50,14,2,18,16,15,2,3,1225,91,2009-01-08,17.1,2,1,0
59,14,2,24,22,22,2,2,1711,91,2009-01-16,17.1,3,1,0
62,14,2,26,24,23,2,3,1891,91,2009-01-06,17.1,4,1,0
70,14,2,32,30,30,2,2,2415,91,2009-01-08,17.1,2,1,0
71,14,2,33,31,31,2,2,2485,91,2009-01-08,17.1,2,1,0
72,14,2,33,31,31,2,2,2556,91,2009-01-08,17.1,2,1,0
74,14,2,35,33,32,2,3,2701,91,2009-01-08,17.1,1,1,0
77,14,2,39,37,33,2,6,2926,91,2009-01-08,17.1,3,1,0
79,14,2,40,38,34,2,6,3081,91,2009-01-08,17.1,4,1,0
81,14,2,43,41,41,2,2,3240,91,2009-01-08,17.1,4,1,0
82,14,2,43,41,41,2,2,3321,91,2009-01-08,17.1,4,1,0
92,14,2,53,51,46,2,7,4186,91,2009-01-08,17.1,3,1,0
51,15,2,16,14,14,2,2,1275,105,2009-01-21,17.1,4,1,0
67,15,2,27,25,23,2,4,2211,105,2009-01-10,17.1,3,1,0
68,15,2,28,26,23,2,5,2278,105,2009-01-08,17.1,2,1,0
70,15,2,29,27,24,2,5,2415,105,2009-01-20,17.1,3,1,0
81,15,2,38,36,33,2,5,3240,105,2009-01-08,17.1,2,1,0
84,15,2,40,38,34,2,6,3486,105,2009-01-08,17.1,4,1,0
87,15,2,43,41,41,2,2,3741,105,2009-01-08,17.1,2,1,0
56,16,2,17,15,14,2,3,1540,120,2009-01-08,17.1,2,1,0
57,16,2,18,16,15,2,3,1596,120,2009-01-08,17.1,2,1,0
72,16,2,27,25,23,2,4,2556,120,2009-01-08,17.1,2,1,0
73,16,2,28,26,23,2,5,2628,120,2009-01-08,17.1,2,1,0
88,16,2,39,37,33,2,6,3828,120,2009-01-06,17.1,1,1,0
63,18,2,17,15,14,2,3,1953,153,2009-01-06,17.1,2,1,0
64,18,2,18,16,15,2,3,2016,153,2009-01-08,17.1,2,1,0
75,18,2,23,21,21,2,2,2775,153,2009-01-08,17.1,3,1,0
77,18,2,24,22,22,2,2,2926,153,2009-01-08,17.1,1,1,0
78,18,2,24,22,22,2,2,3003,153,2009-01-08,17.1,1,1,0
81,18,2,27,25,23,2,4,3240,153,2009-01-08,17.1,3,1,0
82,18,2,28,26,23,2,5,3321,153,2009-01-08,17.1,2,1,0
99,18,2,39,37,33,2,6,4851,153,2009-01-21,17.1,2,1,0
91,19,2,30,28,24,2,6,4095,171,2009-01-05,17.1,2,1,0
68,20,2,16,14,14,2,2,2278,190,2009-01-08,17.1,2,1,0
71,20,2,18,16,15,2,3,2485,190,2009-01-07,17.1,1,1,0
72,20,2,18,16,15,2,3,2556,190,2009-01-06,17.1,1,1,0
73,20,2,19,17,15,2,4,2628,190,2009-01-08,17.1,2,1,0
90,20,2,27,25,23,2,4,4005,190,2009-01-08,17.1,2,1,0
92,20,2,28,26,23,2,5,4186,190,2009-01-08,17.1,3,1,0
93,20,2,29,27,24,2,5,4278,190,2009-01-08,17.1,3,1,0
95,20,2,30,28,24,2,6,4465,190,2009-01-08,17.1,2,1,0
74,21,2,18,16,15,2,3,2701,210,2009-01-08,17.1,2,1,0
96,21,2,28,26,23,2,5,4560,210,2009-01-08,17.1,2,1,0
74,22,2,16,14,14,2,2,2701,231,2009-01-08,17.1,2,1,0
76,22,2,17,15,14,2,3,2850,231,2009-01-08,17.1,4,1,0
79,22,2,18,16,15,2,3,3081,231,2009-01-08,17.1,3,1,0
82,23,2,18,16,15,2,3,3321,253,2009-01-20,17.1,3,1,0
84,23,2,19,17,15,2,4,3486,253,2009-01-20,17.1,2,1,0
96,23,2,23,21,21,2,2,4560,253,2009-01-08,17.1,1,1,0
83,24,2,17,15,14,2,3,3403,276,2009-01-08,17.1,2,1,0
84,24,2,17,15,14,2,3,3486,276,2009-01-06,17.1,1,1,0
85,24,2,18,16,15,2,3,3570,276,2009-01-08,17.1,1,1,0
86,24,2,18,16,15,2,3,3655,276,2009-01-08,17.1,1,1,0
88,24,2,19,17,15,2,4,3828,276,2009-01-06,17.1,1,1,0
64,24,3,32,30,24,2,8,41664,2024,2009-01-21,17.1,2,1,0
70,24,3,40,38,35,2,5,54740,2024,2009-01-10,17.1,1,1,0
24,18,6,20,18,14,2,6,134596,18564,2009-01-05,17.1,4,1,0
27,21,6,15,13,11,2,4,296010,54264,2009-02-04,17.1,5,1,0
28,21,6,20,18,14,2,6,376740,54264,2009-01-20,17.1,1,1,0
30,23,6,17,15,14,2,3,593775,100947,2009-02-08,17.1,3,1,0
31,23,6,20,18,14,2,6,736281,100947,2009-02-06,17.1,2,1,0
31,24,6,17,15,11,2,6,736281,134596,2009-02-08,17.1,2,1,0
25,20,7,19,17,14,2,5,480700,77520,2009-01-05,17.1,2,1,0
30,22,7,30,28,24,2,6,2035800,170544,2009-02-04,17.1,2,1,0
29,23,7,19,17,14,2,5,1560780,245157,2009-02-08,17.1,3,1,0
24,19,8,29,27,22,2,7,735471,75582,2009-01-07,17.1,3,1,0
27,22,8,23,21,16,2,7,2220075,319770,2009-01-19,17.1,1,1,0
28,23,8,21,19,16,2,5,3108105,490314,2009-01-19,17.1,1,1,0
32,9,2,18,17,15,1,3,496,36,2009-01-21,17.1,3,1,0
36,9,2,21,20,20,1,1,630,36,2009-01-21,17.1,2,1,0
43,9,2,30,29,29,1,1,903,36,2009-01-22,17.1,2,1,0
34,10,2,16,15,14,1,2,561,45,2009-01-21,17.1,2,1,0
36,10,2,18,17,15,1,3,630,45,2009-01-21,17.1,2,1,0
37,10,2,19,18,15,1,4,666,45,2009-01-20,17.1,2,1,0
40,10,2,21,20,20,1,1,780,45,2009-01-20,17.1,2,1,0
74,10,2,68,67,67,1,1,2701,45,2009-01-05,17.1,3,1,0
90,10,2,91,90,90,1,1,4005,45,2009-01-20,17.1,2,1,0
39,11,2,18,17,15,1,3,741,55,2009-01-20,17.1,2,1,0
55,11,2,31,30,30,1,1,1485,55,2009-01-08,17.1,3,1,0
42,12,2,17,16,14,1,3,861,66,2009-01-21,17.1,4,1,0
45,12,2,19,18,15,1,4,990,66,2009-01-20,17.1,3,1,0
52,12,2,24,23,22,1,2,1326,66,2009-01-21,17.1,5,1,0
54,12,2,27,26,23,1,4,1431,66,2009-01-21,17.1,4,1,0
55,12,2,28,27,23,1,5,1485,66,2009-01-22,17.1,5,1,0
69,12,2,42,41,41,1,1,2346,66,2009-01-08,17.1,1,1,0
70,12,2,42,41,41,1,1,2415,66,2009-01-08,17.1,1,1,0
52,13,2,21,20,20,1,1,1326,78,2009-01-21,17.1,3,1,0
49,14,2,17,16,14,1,3,1176,91,2009-01-11,17.1,2,1,0
51,14,2,19,18,15,1,4,1275,91,2009-01-20,17.1,4,1,0
52,14,2,19,18,15,1,4,1326,91,2009-01-21,17.1,3,1,0
64,14,2,28,27,23,1,5,2016,91,2009-01-08,17.1,2,1,0
69,14,2,31,30,30,1,1,2346,91,2009-01-17,17.1,3,1,0
78,14,2,39,38,34,1,5,3003,91,2009-01-08,17.1,3,1,0
95,14,2,56,55,55,1,1,4465,91,2009-01-08,17.1,4,1,0
96,14,2,56,55,55,1,1,4560,91,2009-01-05,17.1,1,1,0
54,15,2,18,17,15,1,3,1431,105,2009-01-21,17.1,3,1,0
56,15,2,19,18,15,1,4,1540,105,2009-01-08,17.1,2,1,0
60,15,2,21,20,20,1,1,1770,105,2009-01-08,17.1,2,1,0
69,15,2,28,27,23,1,5,2346,105,2009-01-08,17.1,3,1,0
58,16,2,18,17,15,1,3,1653,120,2009-01-05,17.1,1,1,0
59,16,2,19,18,15,1,4,1711,120,2009-01-08,17.1,2,1,0
74,16,2,28,27,24,1,4,2701,120,2009-01-08,17.1,3,1,0
75,16,2,29,28,24,1,5,2775,120,2009-01-08,17.1,2,1,0
76,16,2,29,28,24,1,5,2850,120,2009-01-08,17.1,2,1,0
80,16,2,31,30,30,1,1,3160,120,2009-01-08,17.1,3,1,0
68,17,2,21,20,20,1,1,2278,136,2009-01-08,17.1,1,1,0
59,18,2,15,14,14,1,1,1711,153,2009-01-21,17.1,2,1,0
60,18,2,15,14,14,1,1,1770,153,2009-01-20,17.1,2,1,0
65,18,2,18,17,15,1,3,2080,153,2009-01-08,17.1,3,1,0
66,18,2,18,17,15,1,3,2145,153,2009-01-08,17.1,3,1,0
67,18,2,19,18,15,1,4,2211,153,2009-01-08,17.1,2,1,0
83,18,2,28,27,24,1,4,3403,153,2009-01-08,17.1,2,1,0
84,18,2,28,27,24,1,4,3486,153,2009-01-08,17.1,2,1,0
89,18,2,31,30,30,1,1,3916,153,2009-01-08,17.1,2,1,0
62,19,2,15,14,14,1,1,1891,171,2009-01-20,17.1,3,1,0
72,19,2,20,19,16,1,4,2556,171,2009-01-21,17.1,3,1,0
73,19,2,20,19,16,1,4,2628,171,2009-01-08,17.1,2,1,0
66,20,2,15,14,14,1,1,2145,190,2009-01-08,17.1,4,1,0
94,20,2,29,28,24,1,5,4371,190,2009-01-08,17.1,3,1,0
78,21,2,19,18,15,1,4,3003,210,2009-01-08,17.1,2,1,0
72,22,2,15,14,14,1,1,2556,231,2009-01-08,17.1,2,1,0
80,22,2,18,17,15,1,3,3160,231,2009-01-08,17.1,3,1,0
87,22,2,21,20,20,1,1,3741,231,2009-01-08,17.1,3,1,0
88,22,2,21,20,20,1,1,3828,231,2009-01-08,17.1,1,1,0
93,22,2,23,22,22,1,1,4278,231,2009-01-08,17.1,2,1,0
94,22,2,23,22,22,1,1,4371,231,2009-01-08,17.1,2,1,0
88,23,2,20,19,16,1,4,3828,253,2009-01-08,17.1,3,1,0
89,23,2,20,19,16,1,4,3916,253,2009-01-08,17.1,1,1,0
92,23,2,21,20,20,1,1,4186,253,2009-01-06,17.1,1,1,0
97,23,2,23,22,22,1,1,4656,253,2009-01-21,17.1,3,1,0
87,24,2,18,17,15,1,3,3741,276,2009-01-05,17.1,1,1,0
89,24,2,19,18,15,1,4,3916,276,2009-01-08,17.1,1,1,0
90,24,2,19,18,15,1,4,4005,276,2009-01-05,17.1,1,1,0
23,18,6,16,15,11,1,5,100947,18564,2009-01-14,17.1,4,1,0
26,20,6,16,15,13,1,3,230230,38760,2009-01-21,17.1,2,1,0
28,22,6,14,13,11,1,3,376740,74613,2009-01-21,17.1,1,1,0
23,18,7,22,21,17,1,5,245157,31824,2009-02-08,17.1,4,1,0
26,21,7,18,17,13,1,5,657800,116280,2009-01-04,17.1,1,1,0
27,22,7,16,15,13,1,3,888030,170544,2009-02-03,17.1,2,1,0
29,24,7,15,14,11,1,4,1560780,346104,2009-02-06,17.1,2,1,0
30,24,7,18,17,14,1,4,2035800,346104,2009-01-21,17.1,2,1,0
24,20,8,18,17,14,1,4,735471,125970,2009-01-21,17.1,2,1,0
29,24,8,20,19,14,1,6,4292145,735471,2009-02-08,17.1,3,1,0
59,17,2,17,15,14,2,3,1711,136,2009-02-26,17.0,2,1,0
60,17,2,18,16,15,2,3,1770,136,2009-03-10,17.0,4,1,0
61,17,2,18,16,15,2,3,1830,136,2009-02-26,17.0,3,1,0
62,17,2,19,17,15,2,4,1891,136,2009-03-10,17.0,2,1,0
63,17,2,19,18,15,1,4,1953,136,2009-03-10,17.0,2,1,0
31,15,7,1307,585,465,722,842,2629575,6435,2009-04-16,16.9,6,1,0
66,8,3,1058,850,850,208,208,45760,56,2009-04-16,16.9,5,1,0
64,8,3,916,792,792,124,124,41664,56,2009-04-16,16.9,5,1,0
26,16,7,174,96,72,78,102,657800,11440,2009-04-19,16.9,10,1,0
27,17,7,144,83,62,61,82,888030,19448,2009-04-21,16.9,7,1,0
23,13,6,123,89,89,34,34,100947,1716,2009-04-23,16.9,11,1,0
62,18,3,73,56,52,17,21,37820,816,2009-04-23,16.9,4,1,0
99,8,2,190,174,174,16,16,4851,28,2009-04-08,16.9,7,1,0
24,18,8,49,38,31,11,18,735471,43758,2009-04-02,16.9,4,1,0
17,12,6,34,26,23,8,11,12376,924,2009-04-16,16.9,3,1,0
22,17,8,40,33,25,7,15,319770,24310,2009-04-16,16.9,5,1,0
53,8,2,56,53,53,3,3,1378,28,2009-03-26,16.9,3,1,0
83,16,2,35,32,32,3,3,3403,120,2009-04-19,16.9,3,1,0
84,16,2,35,32,32,3,3,3486,120,2009-04-19,16.9,3,1,0
86,16,2,37,34,33,3,4,3655,120,2009-04-18,16.9,3,1,0
43,8,2,37,35,33,2,4,903,28,2009-04-17,16.9,3,1,0
45,8,2,42,40,40,2,2,990,28,2009-04-18,16.9,4,1,0
51,11,2,29,27,24,2,5,1275,55,2009-04-14,16.9,2,1,0
42,8,2,35,34,32,1,3,861,28,2009-04-18,16.9,3,1,0
52,11,2,30,29,29,1,1,1326,55,2009-04-18,16.9,5,1,0
63,11,2,42,41,41,1,1,1953,55,2009-04-16,16.9,4,1,0
80,8,3,1762,1470,1470,292,292,82160,56,2009-05-23,16.8,11,1,0
16,8,7,1636,1492,1492,144,144,11440,8,2009-05-25,16.8,7,1,0
15,7,6,818,746,746,72,72,5005,7,2009-05-25,16.8,5,1,0
99,10,2,122,109,109,13,13,4851,45,2009-05-13,16.8,3,1,0
84,10,3,869,857,857,12,12,95284,120,2009-05-12,16.8,9,1,0
82,8,2,131,123,123,8,8,3321,28,2009-05-09,16.8,7,1,0
88,7,2,193,189,189,4,4,3828,21,2009-05-04,16.8,4,1,0
45,6,2,70,68,68,2,2,990,15,2009-05-24,16.8,4,1,0
99,11,2,94,92,90,2,4,4851,55,2009-05-26,16.8,4,1,0
95,17,2,40,38,34,2,6,4465,136,2009-05-26,16.8,4,1,0
20,14,8,119,80,62,39,57,125970,3003,2009-06-08,16.7,7,1,0
34,21,6,81,44,33,37,48,1344904,54264,2009-06-23,16.7,3,1,0
36,23,6,72,38,32,34,40,1947792,100947,2009-06-23,16.7,4,1,0
72,7,2,135,124,124,11,11,2556,21,2009-07-02,16.7,2,1,0
96,16,2,47,42,42,5,5,4560,120,2009-06-13,16.7,2,1,0
48,8,2,47,44,42,3,5,1128,28,2009-06-10,16.7,2,1,0
83,11,2,71,68,68,3,3,3403,55,2009-06-26,16.7,5,1,0
91,16,2,42,39,35,3,7,4095,120,2009-06-29,16.7,5,1,0
94,17,2,40,37,34,3,6,4371,136,2009-06-05,16.7,4,1,0
73,6,2,185,183,183,2,2,2628,15,2009-07-02,16.7,2,1,0
46,8,2,43,41,41,2,2,1035,28,2009-06-10,16.7,8,1,0
57,11,2,36,34,32,2,4,1596,55,2009-06-11,16.7,5,1,0
75,11,2,59,57,55,2,4,2775,55,2009-06-29,16.7,5,1,0
92,16,2,43,41,41,2,2,4186,120,2009-06-13,16.7,3,1,0
66,13,2,32,31,31,1,1,2145,78,2009-06-29,16.7,6,1,0
96,16,3,349,288,270,61,79,142880,560,2009-07-08,16.6,2,1,0
80,24,3,67,48,47,19,20,82160,2024,2009-07-06,16.6,4,1,0
67,24,3,39,34,26,5,13,47905,2024,2009-07-06,16.6,2,1,0
68,24,3,39,34,26,5,13,50116,2024,2009-07-06,16.6,2,1,0
96,5,2,462,461,461,1,1,4560,10,2009-07-30,16.6,3,1,0
71,24,3,40,39,39,1,1,57155,2024,2009-07-06,16.6,3,1,0
72,24,3,40,39,39,1,1,59640,2024,2009-07-06,16.6,3,1,0
73,10,2,64,61,59,3,5,2628,45,2009-08-18,16.5,3,1,0
25,16,8,284,141,100,143,184,1081575,12870,2009-10-03,16.4,17,1,0
22,14,8,270,180,164,90,106,319770,3003,2009-10-18,16.4,15,1,0
36,23,7,139,63,51,76,88,8347680,245157,2009-10-21,16.4,6,1,0
22,14,7,129,82,62,47,67,170544,3432,2009-10-13,16.4,11,1,0
31,18,6,110,68,47,42,63,736281,18564,2009-10-19,16.4,6,1,0
32,18,6,119,89,75,30,44,906192,18564,2009-10-19,16.4,6,1,0
37,24,6,66,37,30,29,36,2324784,134596,2009-09-17,16.4,4,1,0
78,24,3,57,46,46,11,11,76076,2024,2009-10-12,16.4,10,1,0
76,24,3,54,45,45,9,9,70300,2024,2009-10-12,16.4,5,1,0
92,16,3,336,248,248,88,88,125580,560,2009-11-02,16.3,6,1,0
20,13,7,122,79,57,43,65,77520,1716,2009-10-27,16.3,9,1,0
73,7,2,137,126,126,11,11,2628,21,2009-10-31,16.3,2,1,0
50,6,2,87,84,84,3,3,1225,15,2009-11-04,16.3,2,1,0
29,18,8,370,176,118,194,252,4292145,43758,2010-03-01,16.0,6,1,0
21,13,7,158,114,104,44,54,116280,1716,2010-02-27,16.0,12,1,0
64,19,3,71,51,48,20,23,41664,969,2010-03-01,16.0,4,1,0
86,6,2,259,244,244,15,15,3655,15,2010-02-17,16.0,3,1,0
85,6,2,252,241,241,11,11,3570,15,2010-02-17,16.0,8,1,0
64,21,3,48,41,40,7,8,41664,1330,2010-02-17,16.0,5,1,0
55,7,2,76,72,71,4,5,1485,21,2010-02-16,16.0,2,1,0
67,13,2,33,31,31,2,2,2211,78,2010-03-08,16.0,5,1,0
52,7,2,68,67,67,1,1,1326,21,2010-02-16,16.0,2,1,0
53,7,2,70,69,69,1,1,1378,21,2010-02-16,16.0,2,1,0
68,13,2,33,32,32,1,1,2278,78,2010-03-06,16.0,6,1,0
46,14,2,15,14,14,1,1,1035,91,2010-02-21,16.0,3,1,0
47,14,2,15,14,14,1,1,1081,91,2010-02-21,16.0,2,1,0
63,7,3,1395,1215,1215,180,180,39711,35,2010-04-11,15.9,3,1,0
19,12,8,357,232,214,125,143,75582,495,2010-04-18,15.9,12,1,0
62,23,3,37,30,25,7,12,37820,1771,2010-04-23,15.9,5,1,0
61,23,3,36,30,24,6,12,35990,1771,2010-04-22,15.9,5,1,0
64,23,3,38,34,26,4,12,41664,1771,2010-04-22,15.9,4,1,0
44,13,2,16,14,14,2,2,946,78,2010-04-01,15.9,2,1,0
61,14,2,25,23,22,2,3,1830,91,2010-04-01,15.9,2,1,0
81,22,2,19,17,15,2,4,3240,231,2010-04-04,15.9,3,1,0
81,7,2,163,162,162,1,1,3240,21,2010-04-18,15.9,6,1,0
41,11,2,19,18,15,1,4,820,55,2010-04-01,15.9,2,1,0
48,13,2,19,18,15,1,4,1128,78,2010-04-04,15.9,2,1,0
49,15,2,15,14,14,1,1,1176,105,2010-04-04,15.9,3,1,0
50,15,2,15,14,14,1,1,1225,105,2010-04-01,15.9,3,1,0
82,22,2,19,18,15,1,4,3321,231,2010-04-04,15.9,3,1,0
64,22,5,861,367,358,494,503,7624512,26334,2010-04-30,15.8,2,1,0
27,12,6,763,428,428,335,335,296010,924,2010-05-12,15.8,12,1,0
30,17,7,340,168,165,172,175,2035800,19448,2010-05-12,15.8,9,1,0
25,12,6,455,288,211,167,244,177100,924,2010-04-29,15.8,15,1,0
28,18,8,260,130,97,130,163,3108105,43758,2010-05-12,15.8,8,1,0
29,19,8,226,97,77,129,149,4292145,75582,2010-05-25,15.8,7,1,0
28,17,7,197,109,73,88,124,1184040,19448,2010-05-12,15.8,6,1,0
24,12,6,266,198,176,68,90,134596,924,2010-04-24,15.8,7,1,0
56,6,2,110,103,103,7,7,1540,15,2010-05-01,15.8,6,1,0
63,23,3,38,33,25,5,13,39711,1771,2010-04-27,15.8,4,1,0
63,22,3,39,36,35,3,4,39711,1540,2010-05-22,15.8,4,1,0
54,16,2,16,14,14,2,2,1431,120,2010-05-03,15.8,3,1,0
53,16,2,15,14,14,1,1,1378,120,2010-05-01,15.8,3,1,0
55,16,2,16,15,14,1,2,1485,120,2010-05-01,15.8,4,1,0
69,15,4,1171,695,695,476,476,864501,1365,2010-07-01,15.7,5,1,0
62,7,3,1363,1081,1081,282,282,37820,35,2010-06-29,15.7,5,1,0
65,7,3,1560,1291,1291,269,269,43680,35,2010-06-29,15.7,4,1,0
66,7,3,1598,1330,1330,268,268,45760,35,2010-06-29,15.7,9,1,0
31,17,7,464,201,199,263,265,2629575,19448,2010-06-29,15.7,10,1,0
62,15,4,651,488,434,163,217,557845,1365,2010-07-01,15.7,8,1,0
63,15,4,651,504,450,147,201,595665,1365,2010-06-28,15.7,7,1,0
28,19,8,181,83,67,98,114,3108105,75582,2010-06-02,15.7,9,1,0
61,23,4,126,88,67,38,59,521855,8855,2010-06-02,15.7,4,1,0
62,23,4,127,92,68,35,59,557845,8855,2010-06-02,15.7,5,1,0
62,22,4,139,105,99,34,40,557845,7315,2010-06-02,15.7,2,1,0
63,22,4,145,112,112,33,33,595665,7315,2010-06-02,15.7,3,1,0
61,22,4,132,100,98,32,34,521855,7315,2010-06-02,15.7,3,1,0
30,14,7,1805,804,660,1001,1145,2035800,3432,2010-08-04,15.6,18,1,0
29,14,7,1547,676,483,871,1064,1560780,3432,2010-08-04,15.6,14,1,0
27,15,8,1181,467,440,714,741,2220075,6435,2010-08-04,15.6,11,1,0
26,14,7,511,259,244,252,267,657800,3432,2010-08-04,15.6,12,1,0
45,23,6,267,126,122,141,145,8145060,100947,2010-07-26,15.6,6,1,0
46,23,6,267,140,140,127,127,9366819,100947,2010-07-13,15.6,7,1,0
65,24,3,37,30,25,7,12,43680,2024,2010-07-06,15.6,6,1,0
66,24,3,37,33,25,4,12,45760,2024,2010-07-06,15.6,4,1,0
62,9,3,517,476,476,41,41,37820,84,2010-08-15,15.5,10,1,0
61,8,3,854,656,656,198,198,35990,56,2010-10-27,15.3,7,1,0
61,22,3,38,34,25,4,13,35990,1540,2010-11-11,15.3,5,1,0
61,18,2,16,14,14,2,2,1830,153,2010-12-19,15.2,4,1,0
76,13,3,379,275,258,104,121,70300,286,2011-02-08,15.1,11,1,0
22,13,7,240,149,149,91,91,170544,1716,2011-02-09,15.1,14,1,0
25,17,8,150,83,67,67,83,1081575,24310,2011-02-01,15.1,6,1,0
26,17,6,60,37,30,23,30,230230,12376,2011-01-05,15.1,5,1,0
66,11,2,48,44,42,4,6,2145,55,2011-01-21,15.1,7,1,0
82,12,3,573,424,404,149,169,88560,220,2011-03-09,15.0,4,1,0
84,12,3,593,476,476,117,117,95284,220,2011-03-09,15.0,5,1,0
24,16,8,174,93,75,81,99,735471,12870,2011-03-17,15.0,14,1,0
68,10,3,530,456,456,74,74,50116,120,2011-02-27,15.0,6,1,0
96,13,2,68,63,60,5,8,4560,78,2011-03-10,15.0,5,1,0
97,13,2,69,64,60,5,9,4656,78,2011-03-10,15.0,5,1,0
67,11,2,49,45,43,4,6,2211,55,2011-03-09,15.0,7,1,0
81,11,2,66,62,59,4,7,3240,55,2011-03-09,15.0,6,1,0
90,15,2,46,42,42,4,4,4005,105,2011-03-16,15.0,2,1,0
75,17,2,27,23,23,4,4,2775,136,2011-03-16,15.0,4,1,0
95,18,2,36,32,32,4,4,4465,153,2011-03-16,15.0,2,1,0
69,8,2,90,87,87,3,3,2346,28,2011-03-09,15.0,4,1,0
85,10,2,88,85,85,3,3,3570,45,2011-03-09,15.0,5,1,0
76,11,2,60,57,56,3,4,2850,55,2011-03-09,15.0,10,1,0
77,11,2,61,58,56,3,5,2926,55,2011-03-09,15.0,8,1,0
80,11,2,64,61,59,3,5,3160,55,2011-03-15,15.0,5,1,0
99,12,2,81,78,75,3,6,4851,66,2011-03-09,15.0,10,1,0
91,13,2,62,59,56,3,6,4095,78,2011-03-10,15.0,6,1,0
75,14,2,38,35,33,3,5,2775,91,2011-03-16,15.0,4,1,0
89,15,2,45,42,42,3,3,3916,105,2011-03-16,15.0,2,1,0
97,15,2,53,50,46,3,7,4656,105,2011-03-16,15.0,3,1,0
85,16,2,36,33,32,3,4,3570,120,2011-03-16,15.0,4,1,0
74,17,2,26,23,22,3,4,2701,136,2011-03-16,15.0,5,1,0
76,17,2,27,24,23,3,4,2850,136,2011-03-16,15.0,4,1,0
91,17,2,37,34,33,3,4,4095,136,2011-03-16,15.0,6,1,0
92,17,2,38,35,33,3,5,4186,136,2011-03-16,15.0,8,1,0
85,19,2,27,24,23,3,4,3570,171,2011-03-16,15.0,3,1,0
86,19,2,28,25,23,3,5,3655,171,2011-03-17,15.0,4,1,0
91,21,2,25,22,22,3,3,4095,210,2011-03-16,15.0,2,1,0
79,23,2,17,14,14,3,3,3081,253,2011-03-17,15.0,3,1,0
71,10,2,61,59,57,2,4,2485,45,2011-03-09,15.0,5,1,0
75,10,2,71,69,68,2,3,2775,45,2011-03-09,15.0,4,1,0
76,10,2,72,70,69,2,3,2850,45,2011-03-09,15.0,5,1,0
83,10,2,85,83,83,2,2,3403,45,2011-03-09,15.0,5,1,0
84,10,2,86,84,84,2,2,3486,45,2011-03-09,15.0,5,1,0
78,11,2,62,60,57,2,5,3003,55,2011-03-09,15.0,6,1,0
79,11,2,63,61,58,2,5,3081,55,2011-03-09,15.0,3,1,0
70,13,2,38,36,33,2,5,2415,78,2011-03-10,15.0,5,1,0
76,13,2,43,41,41,2,2,2850,78,2011-03-10,15.0,5,1,0
98,13,2,70,68,68,2,2,4753,78,2011-03-10,15.0,5,1,0
99,13,2,71,69,69,2,2,4851,78,2011-03-10,15.0,5,1,0
65,14,2,29,27,24,2,5,2080,91,2011-03-16,15.0,2,1,0
73,14,2,34,32,32,2,2,2628,91,2011-03-16,15.0,4,1,0
66,15,2,26,24,22,2,4,2145,105,2011-03-16,15.0,3,1,0
76,15,2,33,31,31,2,2,2850,105,2011-03-16,15.0,5,1,0
79,15,2,35,33,32,2,3,3081,105,2011-03-16,15.0,4,1,0
80,15,2,36,34,32,2,4,3160,105,2011-03-16,15.0,3,1,0
89,16,2,40,38,34,2,6,3916,120,2011-03-16,15.0,5,1,0
73,17,2,24,22,22,2,2,2628,136,2011-03-16,15.0,4,1,0
93,17,2,39,37,33,2,6,4278,136,2011-03-16,15.0,6,1,0
87,19,2,28,26,23,2,5,3741,171,2011-03-16,15.0,3,1,0
98,19,2,33,31,31,2,2,4753,171,2011-03-17,15.0,5,1,0
80,23,2,17,15,14,2,3,3160,253,2011-03-16,15.0,3,1,0
83,23,2,18,16,15,2,3,3403,253,2011-03-16,15.0,3,1,0
99,23,2,24,22,22,2,2,4851,253,2011-03-16,15.0,2,1,0
81,10,2,76,75,73,1,3,3240,45,2011-03-09,15.0,4,1,0
82,10,2,77,76,74,1,3,3321,45,2011-03-09,15.0,4,1,0
75,13,2,42,41,41,1,1,2775,78,2011-03-10,15.0,7,1,0
66,14,2,29,28,24,1,5,2145,91,2011-03-16,15.0,2,1,0
67,14,2,30,29,29,1,1,2211,91,2011-03-16,15.0,4,1,0
86,15,2,42,41,41,1,1,3655,105,2011-03-16,15.0,3,1,0
70,17,2,22,21,21,1,1,2415,136,2011-03-16,15.0,6,1,0
82,17,2,30,29,29,1,1,3321,136,2011-03-16,15.0,3,1,0
85,17,2,31,30,30,1,1,3570,136,2011-03-17,15.0,5,1,0
70,19,2,19,18,15,1,4,2415,171,2011-03-17,15.0,2,1,0
71,19,2,19,18,15,1,4,2485,171,2011-03-16,15.0,2,1,0
95,19,2,31,30,30,1,1,4465,171,2011-03-16,15.0,4,1,0
96,19,2,32,31,31,1,1,4560,171,2011-03-17,15.0,3,1,0
97,19,2,32,31,31,1,1,4656,171,2011-03-16,15.0,3,1,0
99,19,2,33,32,32,1,1,4851,171,2011-03-16,15.0,4,1,0
87,21,2,22,21,21,1,1,3741,210,2011-03-17,15.0,3,1,0
88,21,2,22,21,21,1,1,3828,210,2011-03-16,15.0,3,1,0
75,23,2,15,14,14,1,1,2775,253,2011-03-17,15.0,4,1,0
80,24,2,15,14,14,1,1,3160,276,2011-03-17,15.0,2,1,0
81,24,2,15,14,14,1,1,3240,276,2011-03-16,15.0,2,1,0
76,8,3,1563,1330,1330,233,233,70300,56,2011-04-18,14.9,17,1,0
23,14,8,426,245,245,181,181,490314,3003,2011-03-29,14.9,18,1,0
73,9,3,943,803,803,140,140,62196,84,2011-04-19,14.9,12,1,0
71,9,3,818,695,695,123,123,57155,84,2011-04-19,14.9,10,1,0
27,19,8,113,63,53,50,60,2220075,75582,2011-03-29,14.9,5,1,0
79,10,3,736,688,688,48,48,79079,120,2011-04-04,14.9,9,1,0
85,10,3,907,876,876,31,31,98770,120,2011-04-11,14.9,7,1,0
25,17,7,81,52,39,29,42,480700,19448,2011-03-29,14.9,6,1,0
24,16,7,84,56,45,28,39,346104,11440,2011-03-29,14.9,6,1,0
83,7,2,173,166,166,7,7,3403,21,2011-04-11,14.9,2,1,0
92,15,2,49,43,43,6,6,4186,105,2011-03-29,14.9,4,1,0
94,6,2,303,298,298,5,5,4371,15,2011-04-11,14.9,3,1,0
82,7,2,169,164,164,5,5,3321,21,2011-04-11,14.9,5,1,0
65,23,3,39,34,26,5,13,43680,1771,2011-04-14,14.9,4,1,0
71,12,2,46,42,42,4,4,2485,66,2011-04-22,14.9,3,1,0
73,12,2,49,45,43,4,6,2628,66,2011-04-22,14.9,5,1,0
94,15,2,51,47,44,4,7,4371,105,2011-03-29,14.9,4,1,0
98,15,2,54,50,46,4,8,4753,105,2011-03-29,14.9,3,1,0
66,23,3,40,36,35,4,5,45760,1771,2011-04-14,14.9,7,1,0
69,9,2,72,69,69,3,3,2346,36,2011-04-23,14.9,2,1,0
87,10,2,90,87,87,3,3,3741,45,2011-04-23,14.9,6,1,0
99,14,2,63,60,57,3,6,4851,91,2011-03-29,14.9,3,1,0
77,15,2,34,31,31,3,3,2926,105,2011-04-11,14.9,7,1,0
79,8,2,121,119,119,2,2,3081,28,2011-04-11,14.9,2,1,0
58,13,2,27,25,23,2,4,1653,78,2011-04-01,14.9,3,1,0
78,15,2,34,32,32,2,2,3003,105,2011-04-11,14.9,6,1,0
81,19,2,24,22,22,2,2,3240,171,2011-04-21,14.9,6,1,0
69,20,2,17,15,14,2,3,2346,190,2011-04-04,14.9,4,1,0
85,20,2,24,22,22,2,2,3570,190,2011-04-01,14.9,4,1,0
73,21,2,17,15,14,2,3,2628,210,2011-03-29,14.9,2,1,0
93,14,2,55,54,54,1,1,4278,91,2011-03-29,14.9,3,1,0
94,14,2,55,54,54,1,1,4371,91,2011-03-29,14.9,4,1,0
77,16,2,30,29,29,1,1,2926,120,2011-04-11,14.9,7,1,0
78,17,2,28,27,23,1,5,3003,136,2011-04-11,14.9,8,1,0
83,17,2,31,30,30,1,1,3403,136,2011-03-22,14.9,3,1,0
84,17,2,31,30,30,1,1,3486,136,2011-03-21,14.9,5,1,0
76,18,2,23,22,22,1,1,2850,153,2011-04-01,14.9,4,1,0
79,24,2,15,14,14,1,1,3081,276,2011-03-21,14.9,3,1,0
68,8,3,1132,901,901,231,231,50116,56,2011-05-18,14.8,9,1,0
98,17,3,345,248,248,97,97,152096,680,2011-05-18,14.8,2,1,0
99,17,3,346,251,251,95,95,156849,680,2011-05-18,14.8,2,1,0
79,24,3,63,47,47,16,16,79079,2024,2011-05-03,14.8,9,1,0
60,6,2,128,120,120,8,8,1770,15,2011-05-05,14.8,2,1,0
86,10,2,90,86,86,4,4,3655,45,2011-04-25,14.8,4,1,0
88,12,2,66,62,59,4,7,3828,66,2011-04-30,14.8,4,1,0
95,12,2,78,74,72,4,6,4465,66,2011-04-30,14.8,4,1,0
96,12,2,79,75,72,4,7,4560,66,2011-04-30,14.8,4,1,0
97,12,2,80,76,73,4,7,4656,66,2011-05-02,14.8,3,1,0
91,15,2,47,43,43,4,4,4095,105,2011-05-03,14.8,6,1,0
95,16,2,46,42,42,4,4,4465,120,2011-04-30,14.8,4,1,0
95,11,2,91,88,87,3,4,4465,55,2011-04-30,14.8,6,1,0
87,12,2,65,62,58,3,7,3741,66,2011-04-30,14.8,3,1,0
98,12,2,80,77,74,3,6,4753,66,2011-04-30,14.8,3,1,0
93,16,2,44,41,41,3,3,4278,120,2011-04-30,14.8,4,1,0
97,18,2,37,34,33,3,4,4656,153,2011-04-30,14.8,3,1,0
86,20,2,25,22,22,3,3,3655,190,2011-05-11,14.8,4,1,0
87,20,2,25,22,22,3,3,3741,190,2011-05-10,14.8,4,1,0
88,20,2,26,23,22,3,4,3828,190,2011-05-10,14.8,3,1,0
82,15,2,39,37,33,2,6,3321,105,2011-04-26,14.8,7,1,0
83,15,2,39,37,34,2,5,3403,105,2011-04-25,14.8,6,1,0
88,15,2,44,42,42,2,2,3828,105,2011-05-03,14.8,5,1,0
71,17,2,23,21,21,2,2,2485,136,2011-05-03,14.8,5,1,0
88,19,2,29,27,24,2,5,3828,171,2011-04-25,14.8,3,1,0
64,13,2,31,30,30,1,1,2016,78,2011-05-25,14.8,5,1,0
65,13,2,31,30,30,1,1,2080,78,2011-05-21,14.8,6,1,0
72,17,2,23,22,22,1,1,2556,136,2011-05-03,14.8,5,1,0
85,18,2,29,28,24,1,5,3570,153,2011-05-25,14.8,3,1,0
86,18,2,29,28,24,1,5,3655,153,2011-05-21,14.8,2,1,0
63,19,2,15,14,14,1,1,1953,171,2011-04-26,14.8,4,1,0
64,19,2,15,14,14,1,1,2016,171,2011-04-25,14.8,4,1,0
89,19,2,29,28,24,1,5,3916,171,2011-04-26,14.8,3,1,0
90,19,2,29,28,24,1,5,4005,171,2011-04-25,14.8,2,1,0
76,10,3,694,639,639,55,55,70300,120,2011-06-30,14.7,10,1,0
62,19,3,63,47,46,16,17,37820,969,2011-06-30,14.7,5,1,0
63,19,3,65,50,47,15,18,39711,969,2011-06-30,14.7,5,1,0
61,19,3,58,45,45,13,13,35990,969,2011-06-30,14.7,5,1,0
97,8,2,181,170,170,11,11,4656,28,2011-06-07,14.7,7,1,0
79,13,2,49,43,43,6,6,3081,78,2011-07-05,14.7,7,1,0
85,12,2,63,59,57,4,6,3570,66,2011-06-30,14.7,4,1,0
95,8,2,170,167,167,3,3,4465,28,2011-06-07,14.7,6,1,0
84,11,2,73,70,69,3,4,3486,55,2011-07-01,14.7,8,1,0
85,11,2,74,71,70,3,4,3570,55,2011-06-30,14.7,8,1,0
86,11,2,75,72,71,3,4,3655,55,2011-07-01,14.7,7,1,0
87,11,2,76,73,72,3,4,3741,55,2011-07-01,14.7,6,1,0
88,11,2,77,74,72,3,5,3828,55,2011-06-30,14.7,9,1,0
90,11,2,79,76,74,3,5,4005,55,2011-06-30,14.7,6,1,0
83,12,2,61,58,56,3,5,3403,66,2011-06-30,14.7,3,1,0
84,12,2,62,59,56,3,6,3486,66,2011-06-30,14.7,2,1,0
86,12,2,64,61,58,3,6,3655,66,2011-06-30,14.7,3,1,0
80,13,2,49,46,44,3,5,3160,78,2011-07-05,14.7,6,1,0
97,17,2,42,39,35,3,7,4656,136,2011-06-30,14.7,6,1,0
93,8,2,165,163,163,2,2,4278,28,2011-06-07,14.7,3,1,0
94,8,2,167,165,165,2,2,4371,28,2011-06-07,14.7,6,1,0
96,17,2,41,39,34,2,7,4560,136,2011-06-30,14.7,6,1,0
70,21,2,16,14,14,2,2,2415,210,2011-07-05,14.7,4,1,0
71,21,2,16,14,14,2,2,2485,210,2011-07-04,14.7,3,1,0
66,16,2,22,21,21,1,1,2145,120,2011-07-06,14.7,3,1,0
67,16,2,22,21,21,1,1,2211,120,2011-07-06,14.7,5,1,0
68,16,2,23,22,22,1,1,2278,120,2011-07-05,14.7,4,1,0
88,9,2,118,108,108,10,10,3828,36,2011-07-12,14.6,3,1,0
65,11,2,47,42,42,5,5,2080,55,2011-08-02,14.6,6,1,0
97,16,2,48,43,43,5,5,4656,120,2011-07-12,14.6,3,1,0
99,17,2,45,41,41,4,4,4851,136,2011-07-12,14.6,6,1,0
91,12,2,72,69,69,3,3,4095,66,2011-07-12,14.6,4,1,0
69,16,2,25,22,22,3,3,2346,120,2011-07-12,14.6,4,1,0
90,16,2,41,38,34,3,7,4005,120,2011-07-27,14.6,4,1,0
79,18,2,26,23,22,3,4,3081,153,2011-07-12,14.6,3,1,0
72,10,2,62,60,58,2,4,2556,45,2011-07-12,14.6,6,1,0
77,10,2,73,71,70,2,3,2926,45,2011-07-12,14.6,5,1,0
79,10,2,75,73,72,2,3,3081,45,2011-07-12,14.6,5,1,0
85,15,2,41,39,34,2,7,3570,105,2011-07-27,14.6,4,1,0
78,23,2,16,14,14,2,2,3003,253,2011-07-13,14.6,4,1,0
50,9,2,40,39,39,1,1,1225,36,2011-07-12,14.6,4,1,0
51,9,2,41,40,40,1,1,1275,36,2011-07-12,14.6,5,1,0
80,10,2,75,74,72,1,3,3160,45,2011-07-12,14.6,5,1,0
74,13,2,41,40,40,1,1,2701,78,2011-08-01,14.6,7,1,0
73,22,2,15,14,14,1,1,2628,231,2011-07-18,14.6,3,1,0
77,10,3,728,655,655,73,73,73150,120,2011-08-12,14.5,11,1,0
61,10,2,49,45,43,4,6,1830,45,2011-08-26,14.5,2,1,0
82,19,2,25,22,22,3,3,3321,171,2011-08-12,14.5,6,1,0
94,21,2,27,24,23,3,4,4371,210,2011-08-12,14.5,4,1,0
95,22,2,25,22,22,3,3,4465,231,2011-08-12,14.5,5,1,0
67,10,2,57,55,54,2,3,2211,45,2011-08-26,14.5,4,1,0
83,19,2,25,23,22,2,3,3403,171,2011-08-12,14.5,5,1,0
65,10,2,53,52,52,1,1,2080,45,2011-08-26,14.5,4,1,0
66,10,2,54,53,53,1,1,2145,45,2011-08-26,14.5,4,1,0
91,9,3,1943,1487,1487,456,456,121485,84,2011-10-10,14.4,19,1,0
85,9,3,1494,1190,1190,304,304,98770,84,2011-10-10,14.4,20,1,0
77,9,3,1154,899,899,255,255,73150,84,2011-10-10,14.4,16,1,0
78,9,3,1159,919,919,240,240,76076,84,2011-10-10,14.4,11,1,0
79,9,3,1169,948,948,221,221,79079,84,2011-10-10,14.4,17,1,0
83,9,3,1333,1135,1135,198,198,91881,84,2011-10-11,14.4,20,1,0
82,9,3,1297,1112,1112,185,185,88560,84,2011-10-10,14.4,16,1,0
76,21,4,442,272,272,170,170,1282975,5985,2011-10-11,14.4,6,1,0
94,13,3,655,521,507,134,148,134044,286,2011-10-11,14.4,17,1,0
71,21,4,336,203,180,133,156,971635,5985,2011-10-11,14.4,8,1,0
83,13,3,480,352,352,128,128,91881,286,2011-10-11,14.4,13,1,0
88,14,3,463,340,340,123,123,109736,364,2011-10-11,14.4,7,1,0
73,21,4,348,226,188,122,160,1088430,5985,2011-10-11,14.4,6,1,0
77,12,3,487,366,360,121,127,73150,220,2011-10-11,14.4,6,1,0
90,14,3,474,354,354,120,120,117480,364,2011-10-11,14.4,3,1,0
95,14,3,532,414,394,118,138,138415,364,2011-10-11,14.4,8,1,0
89,14,3,467,350,350,117,117,113564,364,2011-10-11,14.4,4,1,0
91,14,3,481,364,364,117,117,121485,364,2011-10-11,14.4,5,1,0
86,14,3,423,308,283,115,140,102340,364,2011-10-11,14.4,6,1,0
80,9,3,1170,1058,1058,112,112,82160,84,2011-10-11,14.4,13,1,0
91,13,3,587,476,476,111,111,121485,286,2011-10-11,14.4,20,1,0
85,14,3,408,298,280,110,128,98770,364,2011-10-11,14.4,7,1,0
92,14,3,496,388,368,108,128,125580,364,2011-10-11,14.4,4,1,0
96,14,3,537,432,405,105,132,142880,364,2011-10-11,14.4,8,1,0
93,14,3,502,399,379,103,123,129766,364,2011-10-11,14.4,10,1,0
87,14,3,432,330,330,102,102,105995,364,2011-10-11,14.4,7,1,0
95,15,3,442,342,342,100,100,138415,455,2011-10-11,14.4,12,1,0
98,14,3,546,448,420,98,126,152096,364,2011-10-11,14.4,4,1,0
97,15,3,453,356,356,97,97,147440,455,2011-10-11,14.4,8,1,0
71,12,3,380,284,267,96,113,57155,220,2011-10-11,14.4,7,1,0
91,16,3,333,239,239,94,94,121485,560,2011-10-10,14.4,10,1,0
84,14,3,387,294,270,93,117,95284,364,2011-10-11,14.4,6,1,0
96,15,3,445,352,352,93,93,142880,455,2011-10-11,14.4,9,1,0
86,15,3,339,247,247,92,92,102340,455,2011-10-11,14.4,8,1,0
81,9,3,1170,1080,1080,90,90,85320,84,2011-10-10,14.4,13,1,0
73,13,3,325,236,236,89,89,62196,286,2011-10-11,14.4,11,1,0
79,13,3,392,304,280,88,112,79079,286,2011-10-11,14.4,15,1,0
82,11,3,647,560,545,87,102,88560,165,2011-10-10,14.4,10,1,0
85,15,3,325,238,238,87,87,98770,455,2011-10-11,14.4,4,1,0
74,13,3,343,257,245,86,98,64824,286,2011-10-19,14.4,13,1,0
78,14,3,320,234,234,86,86,76076,364,2011-10-11,14.4,7,1,0
76,11,3,557,477,470,80,87,70300,165,2011-10-10,14.4,15,1,0
77,11,3,570,490,483,80,87,73150,165,2011-10-10,14.4,15,1,0
80,11,3,610,531,524,79,86,82160,165,2011-10-10,14.4,13,1,0
77,14,3,305,226,226,79,79,73150,364,2011-10-11,14.4,7,1,0
84,15,3,313,236,236,77,77,95284,455,2011-10-11,14.4,3,1,0
83,15,3,301,227,227,74,74,91881,455,2011-10-11,14.4,6,1,0
68,12,3,323,255,244,68,79,50116,220,2011-10-11,14.4,3,1,0
76,14,3,289,223,223,66,66,70300,364,2011-10-11,14.4,4,1,0
73,12,3,387,323,323,64,64,62196,220,2011-10-11,14.4,7,1,0
75,14,3,278,215,215,63,63,67525,364,2011-10-11,14.4,6,1,0
82,15,3,285,225,225,60,60,88560,455,2011-10-11,14.4,10,1,0
74,14,3,260,201,180,59,80,64824,364,2011-10-11,14.4,5,1,0
88,16,3,284,226,226,58,58,109736,560,2011-10-10,14.4,9,1,0
73,14,3,248,193,178,55,70,62196,364,2011-10-11,14.4,4,1,0
69,13,3,267,213,213,54,54,52394,286,2011-10-11,14.4,8,1,0
80,15,3,251,203,182,48,69,82160,455,2011-10-11,14.4,5,1,0
81,15,3,264,216,216,48,48,85320,455,2011-10-11,14.4,6,1,0
86,16,3,258,210,183,48,75,102340,560,2011-10-10,14.4,7,1,0
99,19,3,231,183,172,48,59,156849,969,2011-10-11,14.4,10,1,0
84,16,3,242,195,179,47,63,95284,560,2011-10-10,14.4,7,1,0
87,16,3,269,223,223,46,46,105995,560,2011-10-10,14.4,9,1,0
97,19,3,215,169,164,46,51,147440,969,2011-10-11,14.4,8,1,0
98,19,3,221,176,171,45,50,152096,969,2011-10-11,14.4,11,1,0
72,14,3,233,191,170,42,63,59640,364,2011-10-11,14.4,9,1,0
82,16,3,226,185,170,41,56,88560,560,2011-10-10,14.4,7,1,0
79,15,3,239,201,180,38,59,79079,455,2011-10-11,14.4,5,1,0
77,15,3,222,185,170,37,52,73150,455,2011-10-11,14.4,6,1,0
78,15,3,230,193,172,37,58,76076,455,2011-10-11,14.4,3,1,0
96,19,3,199,162,162,37,37,142880,969,2011-10-11,14.4,11,1,0
71,14,3,218,183,168,35,50,57155,364,2011-10-11,14.4,9,1,0
76,15,3,213,178,168,35,45,70300,455,2011-10-11,14.4,5,1,0
70,14,3,207,175,160,32,47,54740,364,2011-10-11,14.4,7,1,0
80,18,3,152,120,107,32,45,82160,816,2011-10-10,14.4,6,1,0
69,14,3,189,158,158,31,31,52394,364,2011-10-11,14.4,4,1,0
72,16,3,156,126,108,30,48,59640,560,2011-10-10,14.4,6,1,0
73,16,3,163,133,133,30,30,62196,560,2011-10-10,14.4,9,1,0
81,18,3,156,126,108,30,48,85320,816,2011-10-10,14.4,8,1,0
82,18,3,158,128,110,30,48,88560,816,2011-10-10,14.4,6,1,0
75,16,3,170,141,141,29,29,67525,560,2011-10-10,14.4,7,1,0
76,16,3,172,143,143,29,29,70300,560,2011-10-10,14.4,9,1,0
70,15,3,168,140,140,28,28,54740,455,2011-10-11,14.4,11,1,0
71,15,3,170,142,142,28,28,57155,455,2011-10-11,14.4,6,1,0
74,16,3,167,139,139,28,28,64824,560,2011-10-10,14.4,7,1,0
67,14,3,176,149,149,27,27,47905,364,2011-10-11,14.4,6,1,0
79,16,3,185,158,158,27,27,79079,560,2011-10-10,14.4,4,1,0
77,16,3,176,150,150,26,26,73150,560,2011-10-10,14.4,10,1,0
83,18,3,160,134,134,26,26,91881,816,2011-10-10,14.4,9,1,0
73,15,3,176,151,151,25,25,62196,455,2011-10-11,14.4,8,1,0
70,17,3,116,91,91,25,25,54740,680,2011-10-10,14.4,10,1,0
71,17,3,122,97,92,25,30,57155,680,2011-10-10,14.4,10,1,0
72,15,3,173,149,149,24,24,59640,455,2011-10-11,14.4,5,1,0
71,16,3,144,120,107,24,37,57155,560,2011-10-10,14.4,7,1,0
73,17,3,132,108,99,24,33,62196,680,2011-10-10,14.4,9,1,0
79,18,3,143,119,101,24,42,79079,816,2011-10-10,14.4,6,1,0
79,19,3,116,92,92,24,24,79079,969,2011-10-11,14.4,5,1,0
80,16,3,188,165,160,23,28,82160,560,2011-10-10,14.4,5,1,0
72,17,3,125,102,98,23,27,59640,680,2011-10-10,14.4,9,1,0
81,16,3,195,173,162,22,33,85320,560,2011-10-10,14.4,9,1,0
74,17,3,136,114,101,22,35,64824,680,2011-10-10,14.4,8,1,0
84,18,3,161,140,140,21,21,95284,816,2011-10-10,14.4,10,1,0
74,15,3,178,158,158,20,20,64824,455,2011-10-11,14.4,7,1,0
65,16,3,109,90,90,19,19,43680,560,2011-10-10,14.4,6,1,0
90,19,3,162,143,143,19,19,117480,969,2011-10-11,14.4,13,1,0
91,19,3,163,144,144,19,19,121485,969,2011-10-11,14.4,12,1,0
96,20,3,163,144,144,19,19,142880,1140,2011-10-11,14.4,8,1,0
66,16,3,112,95,91,17,21,45760,560,2011-10-10,14.4,5,1,0
70,16,3,136,119,101,17,35,54740,560,2011-10-10,14.4,5,1,0
76,23,3,65,48,47,17,18,70300,1771,2011-10-19,14.4,9,1,0
93,19,3,168,152,152,16,16,129766,969,2011-10-11,14.4,8,1,0
77,23,3,67,51,47,16,20,73150,1771,2011-10-19,14.4,9,1,0
75,15,3,180,165,160,15,20,67525,455,2011-10-11,14.4,4,1,0
67,16,3,115,101,93,14,22,47905,560,2011-10-10,14.4,3,1,0
97,20,3,164,151,151,13,13,147440,1140,2011-10-11,14.4,7,1,0
72,18,3,96,84,84,12,12,59640,816,2011-10-10,14.4,2,1,0
74,18,3,103,91,91,12,12,64824,816,2011-10-10,14.4,4,1,0
92,19,3,163,151,151,12,12,125580,969,2011-10-11,14.4,9,1,0
99,20,3,166,154,154,12,12,156849,1140,2011-10-11,14.4,7,1,0
66,21,3,54,43,41,11,13,45760,1330,2011-10-19,14.4,7,1,0
68,17,3,94,84,84,10,10,50116,680,2011-10-10,14.4,7,1,0
73,18,3,100,90,90,10,10,62196,816,2011-10-10,14.4,5,1,0
65,21,3,51,42,41,9,10,43680,1330,2011-10-19,14.4,8,1,0
64,17,3,84,76,76,8,8,41664,680,2011-10-11,14.4,4,1,0
61,16,3,84,77,77,7,7,35990,560,2011-10-20,14.4,4,1,0
65,17,3,84,77,77,7,7,43680,680,2011-10-11,14.4,4,1,0
66,17,3,89,82,82,7,7,45760,680,2011-10-10,14.4,8,1,0
67,17,3,90,83,83,7,7,47905,680,2011-10-10,14.4,9,1,0
73,24,3,46,40,40,6,6,62196,2024,2011-10-19,14.4,5,1,0
69,17,3,95,90,90,5,5,52394,680,2011-10-10,14.4,6,1,0
74,24,3,47,42,41,5,6,64824,2024,2011-10-19,14.4,4,1,0
75,24,3,48,43,41,5,7,67525,2024,2011-10-19,14.4,6,1,0
69,23,3,43,39,39,4,4,52394,1771,2011-10-19,14.4,6,1,0
71,23,3,46,42,41,4,5,57155,1771,2011-10-19,14.4,5,1,0
66,19,2,17,15,14,2,3,2145,171,2011-09-28,14.4,4,1,0
68,19,2,18,16,15,2,3,2278,171,2011-09-28,14.4,3,1,0
62,16,3,84,82,82,2,2,37820,560,2011-10-19,14.4,3,1,0
67,19,2,17,16,15,1,2,2211,171,2011-09-28,14.4,3,1,0
69,19,2,18,17,15,1,3,2346,171,2011-09-28,14.4,3,1,0
63,16,3,84,83,83,1,1,39711,560,2011-10-11,14.4,5,1,0
96,13,3,738,547,532,191,206,142880,286,2011-11-13,14.3,26,1,0
75,12,3,447,338,338,109,109,67525,220,2011-11-13,14.3,10,1,0
97,14,3,542,437,416,105,126,147440,364,2011-11-13,14.3,10,1,0
90,16,3,321,237,237,84,84,117480,560,2011-11-13,14.3,11,1,0
89,16,3,310,234,234,76,76,113564,560,2011-11-13,14.3,10,1,0
85,16,3,248,202,181,46,67,98770,560,2011-11-13,14.3,12,1,0
83,16,3,234,192,172,42,62,91881,560,2011-11-13,14.3,11,1,0
65,20,3,63,46,46,17,17,43680,1140,2011-10-27,14.3,5,1,0
75,23,3,62,46,46,16,16,67525,1771,2011-11-17,14.3,9,1,0
72,20,3,80,65,54,15,26,59640,1140,2011-10-27,14.3,3,1,0
64,20,3,59,45,45,14,14,41664,1140,2011-10-27,14.3,3,1,0
74,23,3,60,46,46,14,14,64824,1771,2011-11-17,14.3,9,1,0
73,20,3,83,70,59,13,24,62196,1140,2011-10-27,14.3,6,1,0
14,5,4,229,219,219,10,10,1001,5,2011-11-13,14.3,4,1,0
63,17,3,83,75,75,8,8,39711,680,2011-11-17,14.3,7,1,0
71,15,2,29,28,24,1,5,2485,105,2011-11-26,14.3,2,1,0
79,8,3,1748,1432,1432,316,316,79079,56,2011-12-14,14.2,14,1,0
67,8,3,1116,871,871,245,245,47905,56,2011-12-29,14.2,8,1,0
76,9,3,1106,879,879,227,227,70300,84,2011-12-29,14.2,19,1,0
71,8,3,1271,1065,1065,206,206,57155,56,2011-12-07,14.2,12,1,0
74,9,3,968,831,831,137,137,64824,84,2011-12-29,14.2,12,1,0
84,11,3,736,634,634,102,102,95284,165,2011-12-07,14.2,18,1,0
76,12,3,457,361,349,96,108,70300,220,2011-12-07,14.2,12,1,0
86,11,3,752,665,665,87,87,102340,165,2011-12-07,14.2,15,1,0
75,11,3,538,457,457,81,81,67525,165,2011-12-07,14.2,18,1,0
34,18,6,178,112,112,66,66,1344904,18564,2011-12-07,14.2,7,1,0
78,10,3,733,671,671,62,62,76076,120,2011-12-07,14.2,7,1,0
64,15,3,137,111,99,26,38,41664,455,2011-12-29,14.2,7,1,0
98,20,3,165,152,152,13,13,152096,1140,2011-12-29,14.2,7,1,0
92,11,2,87,84,84,3,3,4186,55,2011-12-01,14.2,4,1,0
67,20,2,15,14,14,1,1,2211,190,2011-12-29,14.2,3,1,0
74,15,4,1710,953,879,757,831,1150626,1365,2012-01-17,14.1,8,1,0
98,11,3,1168,954,954,214,214,152096,165,2012-01-17,14.1,19,1,0
97,11,3,1128,935,935,193,193,147440,165,2012-01-17,14.1,21,1,0
87,12,3,663,522,515,141,148,105995,220,2012-01-17,14.1,7,1,0
95,11,3,999,899,899,100,100,138415,165,2012-01-17,14.1,17,1,0
69,11,3,436,352,345,84,91,52394,165,2012-01-17,14.1,12,1,0
91,11,3,825,745,745,80,80,121485,165,2012-01-17,14.1,14,1,0
68,11,3,418,340,334,78,84,50116,165,2012-01-17,14.1,21,1,0
92,11,3,838,762,762,76,76,125580,165,2012-01-17,14.1,18,1,0
93,11,3,935,863,863,72,72,129766,165,2012-01-17,14.1,18,1,0
69,10,3,539,470,470,69,69,52394,120,2012-01-17,14.1,11,1,0
65,12,3,287,223,223,64,64,43680,220,2012-01-17,14.1,8,1,0
89,21,2,23,22,22,1,1,3916,210,2012-02-07,14.1,4,1,0
66,12,3,310,231,231,79,79,45760,220,2012-03-12,14.0,7,1,0
61,12,3,216,183,168,33,48,35990,220,2012-03-07,14.0,8,1,0
77,12,2,53,49,45,4,8,2926,66,2012-03-12,14.0,4,1,0
96,22,2,26,22,22,4,4,4560,231,2012-03-12,14.0,3,1,0
78,12,2,53,50,46,3,7,3003,66,2012-03-06,14.0,4,1,0
48,11,2,26,24,22,2,4,1128,55,2012-03-06,14.0,3,1,0
79,12,2,54,53,53,1,1,3081,66,2012-03-12,14.0,6,1,0
81,12,2,55,54,54,1,1,3240,66,2012-03-12,14.0,6,1,0
61,15,4,640,456,403,184,237,521855,1365,2012-03-30,13.9,6,1,0
85,11,3,744,650,650,94,94,98770,165,2012-05-29,13.8,17,1,0
71,10,3,555,497,497,58,58,57155,120,2012-05-29,13.8,9,1,0
72,10,3,562,512,512,50,50,59640,120,2012-05-29,13.8,11,1,0
61,14,4,1020,606,606,414,414,521855,1001,2012-07-11,13.6,5,1,0
71,22,4,273,162,152,111,121,971635,7315,2012-07-26,13.6,6,1,0
71,21,3,69,51,48,18,21,57155,1330,2012-08-09,13.6,7,1,0
70,21,3,66,50,47,16,19,54740,1330,2012-08-09,13.6,8,1,0
76,22,3,72,56,52,16,20,70300,1540,2012-08-09,13.6,8,1,0
74,22,3,66,51,48,15,18,64824,1540,2012-08-09,13.6,6,1,0
75,22,3,69,55,52,14,17,67525,1540,2012-08-09,13.6,8,1,0
67,21,3,58,45,45,13,13,47905,1330,2012-08-09,13.6,8,1,0
68,21,3,59,46,46,13,13,50116,1330,2012-08-09,13.6,6,1,0
72,22,3,59,46,46,13,13,59640,1540,2012-08-09,13.6,7,1,0
73,22,3,61,48,47,13,14,62196,1540,2012-08-09,13.6,6,1,0
69,21,3,60,48,46,12,14,52394,1330,2012-08-09,13.6,5,1,0
71,22,3,58,46,46,12,12,57155,1540,2012-08-09,13.6,10,1,0
69,22,3,54,44,41,10,13,52394,1540,2012-08-09,13.6,4,1,0
63,21,3,40,39,39,1,1,39711,1330,2012-08-09,13.6,6,1,0
72,21,3,75,55,52,20,23,59640,1330,2012-08-27,13.5,3,1,0
65,19,3,74,55,52,19,22,43680,969,2012-08-27,13.5,6,1,0
63,18,3,76,60,53,16,23,39711,816,2012-08-27,13.5,4,1,0
66,19,3,75,60,53,15,22,45760,969,2012-08-27,13.5,5,1,0
71,20,3,77,64,54,13,23,57155,1140,2012-08-27,13.5,5,1,0
45,13,2,17,15,14,2,3,990,78,2012-09-04,13.5,4,1,0
70,20,2,17,15,14,2,3,2415,190,2012-09-13,13.5,3,1,0
67,23,3,40,38,35,2,5,47905,1771,2012-08-20,13.5,9,1,0
46,13,2,17,16,15,1,2,1035,78,2012-09-01,13.5,4,1,0
62,21,3,40,39,39,1,1,37820,1330,2012-08-20,13.5,4,1,0
65,22,3,40,39,39,1,1,43680,1540,2012-08-20,13.5,6,1,0
66,22,3,40,39,39,1,1,45760,1540,2012-08-20,13.5,5,1,0
68,23,3,40,39,39,1,1,50116,1771,2012-08-20,13.5,7,1,0
42,17,6,1671,579,579,1092,1092,5245786,12376,2012-10-29,13.3,8,1,0
98,10,3,1676,1274,1274,402,402,152096,120,2012-11-22,13.3,12,1,0
88,9,3,1741,1389,1389,352,352,109736,84,2012-11-02,13.3,22,1,0
96,10,3,1563,1220,1220,343,343,142880,120,2012-11-22,13.3,14,1,0
86,9,3,1564,1224,1224,340,340,102340,84,2012-11-02,13.3,21,1,0
95,10,3,1521,1197,1197,324,324,138415,120,2012-11-22,13.3,13,1,0
82,8,3,1978,1661,1661,317,317,88560,56,2012-11-02,13.3,18,1,0
74,8,3,1473,1166,1166,307,307,64824,56,2012-11-05,13.3,15,1,0
73,8,3,1428,1132,1132,296,296,62196,56,2012-11-05,13.3,18,1,0
87,9,3,1631,1354,1354,277,277,105995,84,2012-11-02,13.3,21,1,0
94,10,3,1416,1166,1166,250,250,134044,120,2012-11-22,13.3,11,1,0
93,10,3,1390,1144,1144,246,246,129766,120,2012-11-22,13.3,11,1,0
84,9,3,1388,1167,1167,221,221,95284,84,2012-11-02,13.3,11,1,0
92,10,3,1341,1123,1123,218,218,125580,120,2012-11-28,13.3,13,1,0
90,10,3,1195,981,981,214,214,117480,120,2012-11-22,13.3,14,1,0
72,8,3,1294,1098,1098,196,196,59640,56,2012-11-05,13.3,12,1,0
89,10,3,1155,962,962,193,193,113564,120,2012-11-02,13.3,10,1,0
91,10,3,1249,1092,1092,157,157,121485,120,2012-11-22,13.3,12,1,0
88,10,3,1078,942,942,136,136,109736,120,2012-11-22,13.3,7,1,0
98,15,3,501,366,366,135,135,152096,455,2012-11-02,13.3,12,1,0
99,15,3,503,370,370,133,133,156849,455,2012-11-02,13.3,6,1,0
86,10,3,971,895,895,76,76,102340,120,2012-11-02,13.3,10,1,0
91,8,2,158,148,148,10,10,4095,28,2012-11-22,13.3,5,1,0
97,7,2,229,222,222,7,7,4656,21,2012-11-02,13.3,6,1,0
84,6,2,243,238,238,5,5,3486,15,2012-11-02,13.3,3,1,0
98,7,2,242,238,238,4,4,4753,21,2012-11-02,13.3,4,1,0
80,6,2,216,214,214,2,2,3160,15,2012-11-02,13.3,3,1,0
81,6,2,218,216,216,2,2,3240,15,2012-11-02,13.3,3,1,0
86,8,2,141,140,140,1,1,3655,28,2012-11-22,13.3,3,1,0
87,8,2,143,142,142,1,1,3741,28,2012-11-22,13.3,3,1,0
71,14,4,2000,1121,1121,879,879,971635,1001,2012-12-07,13.2,11,1,0
69,14,4,1786,981,878,805,908,864501,1001,2012-12-07,13.2,5,1,0
68,14,4,1703,928,831,775,872,814385,1001,2012-12-07,13.2,7,1,0
64,14,4,1301,691,691,610,610,635376,1001,2012-12-07,13.2,6,1,0
65,14,4,1360,780,734,580,626,677040,1001,2012-12-07,13.2,11,1,0
66,14,4,1404,825,755,579,649,720720,1001,2012-12-07,13.2,9,1,0
63,14,4,1197,666,666,531,531,595665,1001,2012-12-07,13.2,9,1,0
99,10,3,1768,1406,1406,362,362,156849,120,2012-12-13,13.2,16,1,0
97,10,3,1589,1242,1242,347,347,147440,120,2012-12-13,13.2,17,1,0
62,11,3,331,254,243,77,88,37820,165,2012-12-07,13.2,11,1,0
35,20,6,119,70,48,49,71,1623160,38760,2012-12-13,13.2,4,1,0
61,24,4,110,74,61,36,49,521855,10626,2013-02-20,13.0,4,1,0
65,8,3,1017,821,821,196,196,43680,56,2013-03-28,12.9,8,1,0
92,15,3,413,307,283,106,130,125580,455,2013-03-24,12.9,9,1,0
70,9,3,779,677,677,102,102,54740,84,2013-03-28,12.9,7,1,0
93,15,3,418,317,286,101,132,129766,455,2013-03-24,12.9,10,1,0
87,15,3,348,250,250,98,98,105995,455,2013-03-24,12.9,8,1,0
91,15,3,393,298,273,95,120,121485,455,2013-03-24,12.9,9,1,0
93,16,3,342,250,250,92,92,129766,560,2013-03-24,12.9,9,1,0
94,16,3,344,259,259,85,85,134044,560,2013-03-24,12.9,3,1,0
90,15,3,371,288,270,83,101,117480,455,2013-03-24,12.9,6,1,0
89,15,3,359,279,262,80,97,113564,455,2013-03-24,12.9,6,1,0
88,15,3,352,276,259,76,93,109736,455,2013-03-24,12.9,10,1,0
95,16,3,347,280,262,67,85,138415,560,2013-03-24,12.9,3,1,0
98,10,2,119,108,108,11,11,4753,45,2013-03-28,12.9,4,1,0
70,6,2,172,164,164,8,8,2415,15,2013-03-28,12.9,3,1,0
66,7,2,110,104,104,6,6,2145,21,2013-03-28,12.9,2,1,0
87,9,2,113,107,107,6,6,3741,36,2013-03-28,12.9,4,1,0
67,9,3,623,618,618,5,5,47905,84,2013-03-28,12.9,7,1,0
26,11,6,1217,603,603,614,614,230230,462,2013-05-01,12.8,20,1,0
34,16,6,517,241,217,276,300,1344904,8008,2013-06-27,12.7,4,1,0
35,17,6,378,186,186,192,192,1623160,12376,2013-06-20,12.7,7,1,0
76,15,4,1906,1090,1090,816,816,1282975,1365,2013-08-06,12.6,11,1,0
71,15,4,1351,829,758,522,593,971635,1365,2013-08-06,12.6,6,1,0
65,15,4,831,598,598,233,233,677040,1365,2013-08-06,12.6,8,1,0
75,9,3,1056,850,850,206,206,67525,84,2013-07-12,12.6,10,1,0
68,13,3,251,199,178,52,73,50116,286,2013-08-06,12.6,9,1,0
63,13,3,180,151,151,29,29,39711,286,2013-08-06,12.6,5,1,0
62,13,3,175,148,148,27,27,37820,286,2013-08-06,12.6,8,1,0
68,18,4,555,314,314,241,241,814385,3060,2013-09-05,12.5,8,1,0
67,18,4,516,306,306,210,210,766480,3060,2013-09-05,12.5,16,1,0
65,18,4,453,275,275,178,178,677040,3060,2013-09-05,12.5,11,1,0
64,18,4,421,267,267,154,154,635376,3060,2013-09-05,12.5,5,1,0
63,18,4,376,245,207,131,169,595665,3060,2013-09-05,12.5,9,1,0
62,18,4,342,238,186,104,156,557845,3060,2013-09-05,12.5,5,1,0
61,18,4,313,217,180,96,133,521855,3060,2013-09-05,12.5,6,1,0
62,14,3,149,120,107,29,42,37820,364,2013-09-05,12.5,2,1,0
66,14,3,171,142,142,29,29,45760,364,2013-09-05,12.5,6,1,0
65,14,3,167,140,140,27,27,43680,364,2013-09-05,12.5,5,1,0
68,14,3,178,151,151,27,27,50116,364,2013-09-05,12.5,7,1,0
64,14,3,164,138,138,26,26,41664,364,2013-09-05,12.5,4,1,0
61,14,3,141,118,105,23,36,35990,364,2013-09-05,12.5,4,1,0
62,17,3,82,70,59,12,23,37820,680,2013-09-05,12.5,12,1,0
30,18,8,536,225,212,311,324,5852925,43758,2013-10-23,12.4,7,1,0
26,17,7,125,59,49,66,76,657800,19448,2013-10-23,12.4,3,1,0
40,23,6,124,68,47,56,77,3838380,100947,2013-10-17,12.4,8,1,0
26,18,8,132,76,57,56,75,1562275,43758,2013-10-23,12.4,5,1,0
41,24,6,109,64,47,45,62,4496388,134596,2013-10-17,12.4,6,1,0
82,24,3,72,52,52,20,20,88560,2024,2013-09-26,12.4,6,1,0
77,24,3,56,45,45,11,11,73150,2024,2013-09-26,12.4,6,1,0
59,13,2,28,26,23,2,5,1711,78,2013-10-07,12.4,4,1,0
57,17,2,16,14,14,2,2,1596,136,2013-10-07,12.4,3,1,0
58,17,2,16,14,14,2,2,1653,136,2013-10-04,12.4,4,1,0
60,13,2,28,27,24,1,4,1770,78,2013-09-25,12.4,3,1,0
85,23,2,19,18,15,1,4,3570,253,2013-09-21,12.4,3,1,0
86,23,2,19,18,15,1,4,3655,253,2013-10-07,12.4,3,1,0
35,16,6,628,294,239,334,389,1623160,8008,2013-10-25,12.3,4,1,0
80,17,4,1504,744,744,760,760,1581580,2380,2013-12-23,12.2,15,1,0
79,17,4,1413,707,707,706,706,1502501,2380,2013-12-23,12.2,11,1,0
78,17,4,1304,689,689,615,615,1426425,2380,2013-12-23,12.2,10,1,0
77,17,4,1235,648,648,587,587,1353275,2380,2013-12-23,12.2,16,1,0
76,17,4,1163,631,631,532,532,1282975,2380,2013-12-23,12.2,9,1,0
75,17,4,1083,614,614,469,469,1215450,2380,2013-12-23,12.2,9,1,0
74,17,4,1015,579,579,436,436,1150626,2380,2013-12-23,12.2,8,1,0
73,17,4,924,542,464,382,460,1088430,2380,2013-12-23,12.2,5,1,0
72,17,4,854,509,454,345,400,1028790,2380,2013-12-23,12.2,11,1,0
71,17,4,827,497,422,330,405,971635,2380,2013-12-23,12.2,7,1,0
70,17,4,759,466,412,293,347,916895,2380,2013-12-23,12.2,8,1,0
65,17,4,585,322,322,263,263,677040,2380,2013-12-23,12.2,3,1,0
64,17,4,570,313,313,257,257,635376,2380,2013-12-23,12.2,3,1,0
68,17,4,657,404,372,253,285,814385,2380,2013-12-23,12.2,8,1,0
67,17,4,623,375,359,248,264,766480,2380,2013-12-23,12.2,4,1,0
66,17,4,594,350,350,244,244,720720,2380,2013-12-23,12.2,4,1,0
69,17,4,668,435,398,233,270,864501,2380,2013-12-23,12.2,10,1,0
62,17,4,511,281,281,230,230,557845,2380,2013-12-23,12.2,16,1,0
63,17,4,533,304,304,229,229,595665,2380,2013-12-23,12.2,11,1,0
61,17,4,470,270,270,200,200,521855,2380,2013-12-23,12.2,16,1,0
78,16,3,181,152,152,29,29,76076,560,2013-12-09,12.2,9,1,0
71,19,4,560,307,307,253,253,971635,3876,2014-07-04,11.7,9,1,0
70,19,4,530,284,284,246,246,916895,3876,2014-07-04,11.7,15,1,0
69,19,4,487,276,276,211,211,864501,3876,2014-07-04,11.7,14,1,0
68,19,4,464,269,269,195,195,814385,3876,2014-07-04,11.7,18,1,0
67,19,4,424,247,209,177,215,766480,3876,2014-07-04,11.7,18,1,0
69,20,4,379,225,187,154,192,864501,4845,2014-07-04,11.7,15,1,0
66,19,4,391,240,202,151,189,720720,3876,2014-07-04,11.7,13,1,0
65,19,4,365,220,185,145,180,677040,3876,2014-07-04,11.7,13,1,0
64,19,4,341,203,179,138,162,635376,3876,2014-07-04,11.7,15,1,0
63,19,4,311,186,173,125,138,595665,3876,2014-07-04,11.7,15,1,0
62,19,4,291,180,167,111,124,557845,3876,2014-07-04,11.7,12,1,0
61,19,4,258,161,151,97,107,521855,3876,2014-07-04,11.7,10,1,0
23,15,8,202,126,96,76,106,490314,6435,2014-06-21,11.7,22,1,0
21,14,8,193,119,86,74,107,203490,3003,2014-06-21,11.7,14,1,0
35,21,6,87,57,40,30,47,1623160,54264,2014-07-07,11.6,4,1,0
36,18,6,267,154,140,113,127,1947792,18564,2014-09-07,11.5,10,1,0
29,19,6,60,37,29,23,31,475020,27132,2014-08-13,11.5,4,1,0
27,18,6,39,30,26,9,13,296010,18564,2014-08-26,11.5,4,1,0
28,19,6,39,30,26,9,13,376740,27132,2014-08-26,11.5,5,1,0
84,22,4,591,317,317,274,274,1929501,7315,2014-10-06,11.4,10,1,0
86,22,4,607,333,333,274,274,2123555,7315,2014-10-06,11.4,12,1,0
85,22,4,598,325,325,273,273,2024785,7315,2014-10-06,11.4,10,1,0
87,22,4,615,360,360,255,255,2225895,7315,2014-10-06,11.4,19,1,0
88,22,4,619,368,368,251,251,2331890,7315,2014-10-06,11.4,12,1,0
61,24,5,396,201,168,195,228,5949147,42504,2014-09-28,11.4,8,1,0
67,22,4,214,131,125,83,89,766480,7315,2014-10-04,11.4,8,1,0
77,22,3,77,60,53,17,24,73150,1540,2014-10-06,11.4,8,1,0
81,23,3,77,60,53,17,24,85320,1771,2014-10-06,11.4,9,1,0
78,22,3,77,61,54,16,23,76076,1540,2014-10-01,11.4,6,1,0
82,23,3,77,61,54,16,23,88560,1771,2014-10-06,11.4,10,1,0
61,18,3,68,55,51,13,17,35990,816,2014-10-19,11.4,3,1,0
83,23,3,77,65,55,12,22,91881,1771,2014-10-05,11.4,9,1,0
61,17,3,77,69,54,8,23,35990,680,2014-10-05,11.4,12,1,0
57,9,2,51,47,45,4,6,1596,36,2014-10-02,11.4,3,1,0
70,11,2,52,48,45,4,7,2415,55,2014-10-01,11.4,10,1,0
71,11,2,52,49,46,3,6,2485,55,2014-09-29,11.4,9,1,0
91,11,2,80,77,75,3,5,4095,55,2014-10-01,11.4,5,1,0
82,13,2,51,48,45,3,6,3321,78,2014-09-29,11.4,6,1,0
83,13,2,52,49,45,3,7,3403,78,2014-10-01,11.4,7,1,0
84,13,2,52,49,46,3,6,3486,78,2014-09-29,11.4,6,1,0
93,11,2,88,86,85,2,3,4278,55,2014-10-01,11.4,5,1,0
69,13,2,37,35,32,2,5,2346,78,2014-09-29,11.4,7,1,0
71,13,2,39,37,33,2,6,2485,78,2014-09-30,11.4,6,1,0
72,13,2,39,37,34,2,5,2556,78,2014-09-30,11.4,7,1,0
53,11,2,30,29,29,1,1,1378,55,2014-10-20,11.4,5,1,0
74,11,2,55,54,54,1,1,2701,55,2014-09-28,11.4,8,1,0
73,13,2,39,38,34,1,5,2628,78,2014-09-28,11.4,6,1,0
80,17,2,29,28,24,1,5,3160,136,2014-10-01,11.4,6,1,0
81,17,2,29,28,24,1,5,3240,136,2014-09-29,11.4,4,1,0
76,23,2,15,14,14,1,1,2850,253,2014-10-06,11.4,5,1,0
77,23,2,15,14,14,1,1,2926,253,2014-10-06,11.4,6,1,0
90,22,4,728,401,385,327,343,2555190,7315,2014-11-05,11.3,8,1,0
97,23,4,781,464,426,317,355,3464840,8855,2014-11-05,11.3,12,1,0
99,23,4,817,500,461,317,356,3764376,8855,2014-11-05,11.3,18,1,0
89,22,4,688,377,377,311,311,2441626,7315,2014-11-05,11.3,20,1,0
98,23,4,787,490,435,297,352,3612280,8855,2014-11-05,11.3,14,1,0
64,15,4,809,559,559,250,250,635376,1365,2014-11-11,11.3,9,1,0
78,21,4,510,286,286,224,224,1426425,5985,2014-11-05,11.3,6,1,0
75,21,4,417,254,215,163,202,1215450,5985,2014-11-11,11.3,5,1,0
70,20,4,393,242,207,151,186,916895,4845,2014-11-05,11.3,13,1,0
72,21,4,337,220,186,117,151,1028790,5985,2014-11-05,11.3,5,1,0
83,19,3,147,114,101,33,46,91881,969,2014-11-05,11.3,9,1,0
84,19,3,152,120,107,32,45,95284,969,2014-11-05,11.3,7,1,0
85,19,3,153,121,108,32,45,98770,969,2014-11-05,11.3,13,1,0
98,22,3,148,116,107,32,41,152096,1540,2014-11-05,11.3,11,1,0
66,15,3,150,119,106,31,44,45760,455,2014-11-11,11.3,6,1,0
82,19,3,138,108,100,30,38,88560,969,2014-11-05,11.3,10,1,0
98,23,3,128,98,98,30,30,152096,1771,2014-11-05,11.3,5,1,0
97,23,3,123,94,93,29,30,147440,1771,2014-11-05,11.3,11,1,0
76,18,3,126,98,98,28,28,70300,816,2014-11-05,11.3,4,1,0
80,19,3,125,97,93,28,32,82160,969,2014-11-05,11.3,7,1,0
89,20,3,149,121,107,28,42,113564,1140,2014-11-05,11.3,12,1,0
99,23,3,132,104,99,28,33,156849,1771,2014-11-05,11.3,6,1,0
63,14,3,158,131,131,27,27,39711,364,2014-11-11,11.3,6,1,0
67,15,3,153,126,108,27,45,47905,455,2014-11-11,11.3,8,1,0
86,19,3,154,127,109,27,45,102340,969,2014-11-05,11.3,12,1,0
87,19,3,156,129,110,27,46,105995,969,2014-11-05,11.3,10,1,0
90,20,3,153,126,108,27,45,117480,1140,2014-11-05,11.3,11,1,0
92,20,3,156,129,111,27,45,125580,1140,2014-11-05,11.3,5,1,0
94,21,3,148,121,108,27,40,134044,1330,2014-11-05,11.3,5,1,0
95,21,3,154,127,109,27,45,138415,1330,2014-11-05,11.3,6,1,0
96,21,3,155,128,110,27,45,142880,1330,2014-11-05,11.3,6,1,0
94,22,3,126,99,99,27,27,134044,1540,2014-11-05,11.3,5,1,0
69,15,3,164,138,138,26,26,52394,455,2014-11-11,11.3,3,1,0
75,18,3,122,96,92,26,30,67525,816,2014-11-05,11.3,6,1,0
81,19,3,129,103,99,26,30,85320,969,2014-11-05,11.3,8,1,0
91,20,3,154,128,110,26,44,121485,1140,2014-11-05,11.3,5,1,0
97,21,3,156,130,111,26,45,147440,1330,2014-11-05,11.3,8,1,0
92,22,3,118,92,92,26,26,125580,1540,2014-11-05,11.3,8,1,0
93,22,3,124,98,93,26,31,129766,1540,2014-11-05,11.3,4,1,0
96,22,3,136,110,101,26,35,142880,1540,2014-11-05,11.3,8,1,0
97,22,3,141,115,102,26,39,147440,1540,2014-11-05,11.3,8,1,0
87,20,3,134,109,101,25,33,105995,1140,2014-11-05,11.3,9,1,0
91,22,3,116,91,91,25,25,121485,1540,2014-11-05,11.3,6,1,0
68,15,3,156,132,132,24,24,50116,455,2014-11-11,11.3,5,1,0
88,19,3,159,135,135,24,24,109736,969,2014-11-05,11.3,12,1,0
88,20,3,139,115,102,24,37,109736,1140,2014-11-05,11.3,6,1,0
92,21,3,134,110,101,24,33,125580,1330,2014-11-05,11.3,4,1,0
96,23,3,117,93,92,24,25,142880,1771,2014-11-05,11.3,12,1,0
85,20,3,121,98,98,23,23,98770,1140,2014-11-05,11.3,11,1,0
93,21,3,139,116,102,23,37,129766,1330,2014-11-05,11.3,3,1,0
86,20,3,125,104,99,21,26,102340,1140,2014-11-05,11.3,9,1,0
88,21,3,114,93,93,21,21,109736,1330,2014-11-05,11.3,5,1,0
73,21,3,76,56,53,20,23,62196,1330,2014-11-05,11.3,6,1,0
87,21,3,112,92,92,20,20,105995,1330,2014-11-05,11.3,7,1,0
78,19,3,110,91,91,19,19,76076,969,2014-11-05,11.3,5,1,0
89,19,3,160,141,141,19,19,113564,969,2014-11-05,11.3,14,1,0
93,20,3,158,140,140,18,18,129766,1140,2014-11-05,11.3,5,1,0
94,20,3,159,141,141,18,18,134044,1140,2014-11-05,11.3,5,1,0
86,21,3,109,91,91,18,18,102340,1330,2014-11-05,11.3,7,1,0
89,21,3,116,98,94,18,22,113564,1330,2014-11-05,11.3,5,1,0
90,21,3,121,103,99,18,22,117480,1330,2014-11-05,11.3,5,1,0
83,20,3,109,92,92,17,17,91881,1140,2014-11-05,11.3,5,1,0
95,20,3,160,143,143,17,17,138415,1140,2014-11-05,11.3,11,1,0
74,21,3,77,60,53,17,24,64824,1330,2014-11-05,11.3,7,1,0
91,21,3,126,109,100,17,26,121485,1330,2014-11-05,11.3,5,1,0
98,21,3,157,140,140,17,17,152096,1330,2014-11-05,11.3,9,1,0
99,21,3,159,142,142,17,17,156849,1330,2014-11-05,11.3,6,1,0
76,19,3,100,84,84,16,16,70300,969,2014-11-05,11.3,9,1,0
79,22,3,81,65,54,16,27,79079,1540,2014-11-05,11.3,8,1,0
98,24,3,106,90,90,16,16,152096,2024,2014-11-05,11.3,3,1,0
77,19,3,105,90,90,15,15,73150,969,2014-11-05,11.3,8,1,0
97,24,3,101,86,85,15,16,147440,2024,2014-11-05,11.3,7,1,0
69,19,3,83,69,59,14,24,52394,969,2014-11-05,11.3,10,1,0
84,20,3,111,97,93,14,18,95284,1140,2014-11-24,11.3,9,1,0
75,21,3,79,65,54,14,25,67525,1330,2014-11-05,11.3,7,1,0
81,22,3,84,70,59,14,25,85320,1540,2014-11-05,11.3,6,1,0
84,23,3,84,70,59,14,25,95284,1771,2014-11-05,11.3,12,1,0
70,19,3,83,70,59,13,24,54740,969,2014-11-05,11.3,6,1,0
74,20,3,84,71,60,13,24,64824,1140,2014-11-05,11.3,6,1,0
78,21,3,84,71,60,13,24,76076,1330,2014-11-05,11.3,3,1,0
82,22,3,84,71,60,13,24,88560,1540,2014-11-05,11.3,5,1,0
85,23,3,84,71,60,13,24,98770,1771,2014-11-05,11.3,11,1,0
86,23,3,85,72,60,13,25,102340,1771,2014-11-05,11.3,14,1,0
89,24,3,84,71,60,13,24,113564,2024,2014-11-05,11.3,5,1,0
90,24,3,85,72,60,13,25,117480,2024,2014-11-05,11.3,5,1,0
93,23,3,98,86,85,12,13,129766,1771,2014-11-05,11.3,9,1,0
76,21,3,80,69,55,11,25,70300,1330,2014-11-05,11.3,11,1,0
92,23,3,96,85,84,11,12,125580,1771,2014-11-05,11.3,7,1,0
95,23,3,103,92,91,11,12,138415,1771,2014-11-05,11.3,5,1,0
71,18,3,93,83,83,10,10,57155,816,2014-11-05,11.3,6,1,0
94,23,3,100,90,90,10,10,134044,1771,2014-11-05,11.3,6,1,0
71,19,3,84,75,75,9,9,57155,969,2014-11-05,11.3,6,1,0
75,20,3,84,75,75,9,9,67525,1140,2014-11-05,11.3,11,1,0
76,20,3,85,76,76,9,9,70300,1140,2014-11-05,11.3,4,1,0
83,22,3,85,76,76,9,9,91881,1540,2014-11-05,11.3,7,1,0
67,18,3,83,75,75,8,8,47905,816,2014-11-05,11.3,5,1,0
68,18,3,84,76,76,8,8,50116,816,2014-11-05,11.3,7,1,0
72,19,3,84,76,76,8,8,59640,969,2014-11-05,11.3,7,1,0
73,19,3,85,77,77,8,8,62196,969,2014-11-05,11.3,8,1,0
77,20,3,85,77,77,8,8,73150,1140,2014-11-05,11.3,9,1,0
79,21,3,84,76,76,8,8,79079,1330,2014-11-05,11.3,4,1,0
80,21,3,85,77,77,8,8,82160,1330,2014-11-05,11.3,3,1,0
84,22,3,85,77,77,8,8,95284,1540,2014-11-05,11.3,11,1,0
87,23,3,85,77,76,8,9,105995,1771,2014-11-05,11.3,13,1,0
91,24,3,85,77,76,8,9,121485,2024,2014-11-05,11.3,6,1,0
93,24,3,87,79,78,8,9,129766,2024,2014-11-05,11.3,3,1,0
69,18,3,84,77,77,7,7,52394,816,2014-11-05,11.3,4,1,0
81,21,3,85,78,78,7,7,85320,1330,2014-11-05,11.3,3,1,0
85,22,3,85,78,78,7,7,98770,1540,2014-11-05,11.3,15,1,0
88,23,3,85,78,77,7,8,109736,1771,2014-11-05,11.3,10,1,0
89,23,3,86,79,78,7,8,113564,1771,2014-11-05,11.3,10,1,0
92,24,3,85,78,77,7,8,125580,2024,2014-11-05,11.3,5,1,0
75,19,3,89,83,83,6,6,67525,969,2014-11-05,11.3,11,1,0
87,22,3,90,84,84,6,6,105995,1540,2014-11-05,11.3,10,1,0
88,22,3,91,85,84,6,7,109736,1540,2014-11-05,11.3,9,1,0
90,22,3,96,90,90,6,6,117480,1540,2014-11-05,11.3,7,1,0
94,24,3,88,83,83,5,5,134044,2024,2014-11-05,11.3,6,1,0
90,23,3,87,83,83,4,4,117480,1771,2014-11-05,11.3,10,1,0
95,24,3,88,84,84,4,4,138415,2024,2014-11-05,11.3,5,1,0
87,14,2,50,47,44,3,6,3741,91,2014-10-29,11.3,3,1,0
97,21,2,29,26,24,3,5,4656,210,2014-11-11,11.3,3,1,0
70,18,3,85,82,82,3,3,54740,816,2014-11-05,11.3,4,1,0
74,19,3,85,82,82,3,3,64824,969,2014-11-05,11.3,10,1,0
78,20,3,85,82,82,3,3,76076,1140,2014-11-05,11.3,5,1,0
82,21,3,85,82,82,3,3,88560,1330,2014-11-05,11.3,9,1,0
91,23,3,87,84,84,3,3,121485,1771,2014-11-05,11.3,9,1,0
96,24,3,88,85,84,3,4,142880,2024,2014-11-05,11.3,5,1,0
77,13,2,44,42,42,2,2,2926,78,2014-10-28,11.3,6,1,0
98,21,2,29,27,24,2,5,4753,210,2014-11-11,11.3,2,1,0
79,20,3,85,83,83,2,2,79079,1140,2014-11-05,11.3,8,1,0
83,21,3,85,83,83,2,2,91881,1330,2014-11-05,11.3,7,1,0
86,22,3,85,83,83,2,2,102340,1540,2014-11-05,11.3,10,1,0
99,21,2,29,28,24,1,5,4851,210,2014-11-11,11.3,2,1,0
80,20,3,85,84,84,1,1,82160,1140,2014-11-05,11.3,11,1,0
84,21,3,85,84,84,1,1,95284,1330,2014-11-05,11.3,5,1,0
87,10,3,1044,923,923,121,121,105995,120,2014-12-16,11.2,10,1,0
78,23,3,71,51,48,20,23,76076,1771,2014-12-16,11.2,10,1,0
79,23,3,73,55,52,18,21,79079,1771,2014-12-16,11.2,15,1,0
82,20,3,107,91,91,16,16,88560,1140,2014-12-19,11.2,10,1,0
81,20,3,103,90,90,13,13,85320,1140,2014-12-19,11.2,15,1,0
75,22,2,16,14,14,2,2,2775,231,2014-12-23,11.2,3,1,0
80,19,2,23,22,22,1,1,3160,171,2014-12-19,11.2,6,1,0
91,22,2,22,21,21,1,1,4095,231,2014-12-24,11.2,5,1,0
92,22,2,22,21,21,1,1,4186,231,2014-12-23,11.2,3,1,0
96,23,4,757,435,418,322,339,3321960,8855,2015-01-30,11.1,19,1,0
95,22,3,130,104,100,26,30,138415,1540,2015-01-16,11.1,10,1,0
88,17,2,35,32,32,3,3,3828,136,2015-01-14,11.1,6,1,0
89,17,2,35,32,32,3,3,3916,136,2015-01-13,11.1,5,1,0
90,17,2,36,33,32,3,4,4005,136,2015-01-05,11.1,7,1,0
33,18,7,520,206,206,314,314,4272048,31824,2015-03-16,11.0,6,1,0
26,17,8,249,126,77,123,172,1562275,24310,2015-02-17,11.0,4,1,0
31,18,7,261,142,130,119,131,2629575,31824,2015-03-16,11.0,10,1,0
79,14,3,341,237,237,104,104,79079,364,2015-03-16,11.0,5,1,0
80,14,3,345,246,246,99,99,82160,364,2015-03-16,11.0,7,1,0
83,14,3,380,285,267,95,113,91881,364,2015-03-16,11.0,11,1,0
31,21,8,173,83,65,90,108,7888725,203490,2015-02-17,11.0,5,1,0
82,14,3,365,276,258,89,107,88560,364,2015-03-16,11.0,6,1,0
81,14,3,352,267,255,85,97,85320,364,2015-03-16,11.0,8,1,0
98,18,3,278,213,191,65,87,152096,816,2015-03-16,11.0,8,1,0
28,18,7,128,63,50,65,78,1184040,31824,2015-02-17,11.0,6,1,0
99,18,3,289,226,226,63,63,156849,816,2015-03-16,11.0,13,1,0
97,18,3,268,211,184,57,84,147440,816,2015-03-16,11.0,8,1,0
96,18,3,258,203,182,55,76,142880,816,2015-03-16,11.0,9,1,0
27,18,7,102,56,45,46,57,888030,31824,2015-02-17,11.0,8,1,0
94,18,3,237,194,173,43,64,134044,816,2015-03-16,11.0,7,1,0
33,22,7,99,56,44,43,55,4272048,170544,2015-02-17,11.0,3,1,0
30,20,7,96,56,44,40,52,2035800,77520,2015-02-17,11.0,7,1,0
93,18,3,220,181,171,39,49,129766,816,2015-03-16,11.0,7,1,0
36,24,7,87,48,39,39,48,8347680,346104,2015-02-17,11.0,4,1,0
92,18,3,211,174,169,37,42,125580,816,2015-03-16,11.0,6,1,0
91,18,3,199,167,162,32,37,121485,816,2015-03-16,11.0,9,1,0
89,18,3,186,159,159,27,27,113564,816,2015-03-16,11.0,7,1,0
24,15,6,78,52,32,26,46,134596,5005,2015-02-16,11.0,8,1,0
88,18,3,174,152,152,22,22,109736,816,2015-03-16,11.0,10,1,0
85,18,3,162,142,142,20,20,98770,816,2015-03-16,11.0,16,1,0
87,18,3,170,150,150,20,20,105995,816,2015-03-16,11.0,12,1,0
86,18,3,163,144,144,19,19,102340,816,2015-03-16,11.0,10,1,0
73,23,3,56,45,45,11,11,62196,1771,2015-03-13,11.0,8,1,0
93,13,2,63,60,58,3,5,4278,78,2015-03-18,11.0,7,1,0
31,16,7,814,314,314,500,500,2629575,11440,2015-04-03,10.9,6,1,0
31,18,8,778,290,285,488,493,7888725,43758,2015-03-20,10.9,7,1,0
35,19,7,509,207,207,302,302,6724520,50388,2015-03-21,10.9,4,1,0
29,16,7,435,198,198,237,237,1560780,11440,2015-04-03,10.9,8,1,0
40,20,6,323,140,140,183,183,3838380,38760,2015-04-07,10.9,4,1,0
83,24,4,384,211,187,173,197,1837620,10626,2015-04-03,10.9,8,1,0
81,24,4,344,189,179,155,165,1663740,10626,2015-04-03,10.9,4,1,0
82,24,4,360,205,182,155,178,1749060,10626,2015-04-03,10.9,12,1,0
79,24,4,305,168,158,137,147,1502501,10626,2015-04-03,10.9,11,1,0
80,24,4,320,184,174,136,146,1581580,10626,2015-04-03,10.9,9,1,0
77,24,4,264,154,151,110,113,1353275,10626,2015-04-03,10.9,6,1,0
32,19,7,225,115,80,110,145,3365856,50388,2015-03-21,10.9,4,1,0
78,24,4,275,166,153,109,122,1426425,10626,2015-04-03,10.9,4,1,0
76,24,4,247,146,146,101,101,1282975,10626,2015-04-03,10.9,8,1,0
97,17,3,338,240,240,98,98,147440,680,2015-03-19,10.9,4,1,0
96,17,3,327,238,238,89,89,142880,680,2015-03-19,10.9,5,1,0
75,24,4,233,144,144,89,89,1215450,10626,2015-04-03,10.9,5,1,0
95,17,3,317,235,235,82,82,138415,680,2015-03-19,10.9,5,1,0
74,24,4,221,139,139,82,82,1150626,10626,2015-04-03,10.9,11,1,0
73,24,4,214,134,125,80,89,1088430,10626,2015-04-03,10.9,11,1,0
94,17,3,295,227,227,68,68,134044,680,2015-03-19,10.9,8,1,0
71,24,4,179,119,119,60,60,971635,10626,2015-04-03,10.9,11,1,0
70,24,4,173,114,114,59,59,916895,10626,2015-04-07,10.9,9,1,0
92,17,3,269,212,190,57,79,125580,680,2015-03-19,10.9,11,1,0
91,17,3,259,204,182,55,77,121485,680,2015-03-19,10.9,12,1,0
93,17,3,280,225,225,55,55,129766,680,2015-03-19,10.9,9,1,0
72,24,4,180,126,123,54,57,1028790,10626,2015-04-07,10.9,9,1,0
89,17,3,242,194,173,48,69,113564,680,2015-03-19,10.9,12,1,0
90,17,3,250,202,180,48,70,117480,680,2015-03-19,10.9,14,1,0
88,17,3,233,187,171,46,62,109736,680,2015-03-19,10.9,12,1,0
63,24,4,122,79,66,43,56,595665,10626,2015-04-07,10.9,4,1,0
69,24,4,156,113,113,43,43,864501,10626,2015-04-03,10.9,7,1,0
66,24,4,130,94,72,36,58,720720,10626,2015-04-03,10.9,3,1,0
64,24,4,123,88,67,35,56,635376,10626,2015-04-09,10.9,3,1,0
68,24,4,142,108,100,34,42,814385,10626,2015-04-03,10.9,6,1,0
86,17,3,200,167,162,33,38,102340,680,2015-03-19,10.9,16,1,0
62,24,4,111,78,62,33,49,557845,10626,2015-04-09,10.9,4,1,0
87,17,3,206,174,169,32,37,105995,680,2015-03-19,10.9,15,1,0
83,17,3,183,152,152,31,31,91881,680,2015-03-19,10.9,14,1,0
67,24,4,132,101,98,31,34,766480,10626,2015-04-03,10.9,6,1,0
85,17,3,190,160,160,30,30,98770,680,2015-03-19,10.9,18,1,0
84,17,3,187,159,159,28,28,95284,680,2015-03-19,10.9,17,1,0
77,17,3,154,127,109,27,45,73150,680,2015-03-19,10.9,16,1,0
76,17,3,152,126,108,26,44,70300,680,2015-03-19,10.9,13,1,0
81,17,3,168,144,143,24,25,85320,680,2015-03-19,10.9,12,1,0
82,17,3,173,150,150,23,23,88560,680,2015-03-19,10.9,12,1,0
78,17,3,156,134,134,22,22,76076,680,2015-03-19,10.9,14,1,0
80,17,3,163,142,142,21,21,82160,680,2015-03-19,10.9,15,1,0
79,17,3,158,140,140,18,18,79079,680,2015-03-19,10.9,10,1,0
77,21,3,83,70,59,13,24,73150,1330,2015-04-03,10.9,7,1,0
80,22,3,83,70,59,13,24,82160,1540,2015-04-03,10.9,6,1,0
76,12,2,51,48,45,3,6,2850,66,2015-03-22,10.9,4,1,0
92,13,2,63,60,57,3,6,4186,78,2015-03-19,10.9,9,1,0
27,13,7,1497,721,578,776,919,888030,1716,2015-05-05,10.8,19,1,0
25,13,7,709,381,339,328,370,480700,1716,2015-05-29,10.8,26,1,0
24,13,7,523,301,270,222,253,346104,1716,2015-05-07,10.8,19,1,0
81,12,3,545,412,399,133,146,85320,220,2015-04-28,10.8,10,1,0
23,13,7,320,202,190,118,130,245157,1716,2015-05-12,10.8,11,1,0
79,12,3,508,395,376,113,132,79079,220,2015-04-28,10.8,4,1,0
18,11,7,208,146,135,62,73,31824,330,2015-06-22,10.7,11,1,0
25,10,6,1778,1040,848,738,930,177100,210,2015-07-19,10.6,21,1,0
97,13,3,756,560,538,196,218,147440,286,2015-08-03,10.6,13,1,0
16,7,6,1328,1253,1253,75,75,8008,7,2015-07-19,10.6,9,1,0
22,15,8,163,100,66,63,97,319770,6435,2015-07-26,10.6,10,1,0
21,14,7,104,68,45,36,59,116280,3432,2015-07-26,10.6,7,1,0
43,20,6,538,243,211,295,327,6096454,38760,2015-08-23,10.5,11,1,0
75,17,3,145,120,106,25,39,67525,680,2015-08-26,10.5,11,1,0
69,11,2,51,47,44,4,7,2346,55,2015-08-25,10.5,9,1,0
19,8,5,335,264,228,71,107,11628,56,2015-10-31,10.3,18,1,0
24,10,6,1412,812,713,600,699,134596,210,2015-12-08,10.2,18,1,0
86,23,4,556,292,292,264,264,2123555,8855,2015-12-08,10.2,10,1,0
91,23,4,620,357,357,263,263,2672670,8855,2015-12-19,10.2,12,1,0
92,23,4,625,364,364,261,261,2794155,8855,2015-12-19,10.2,13,1,0
89,23,4,584,329,326,255,258,2441626,8855,2015-12-08,10.2,24,1,0
93,23,4,626,372,372,254,254,2919735,8855,2015-12-19,10.2,11,1,0
87,23,4,567,314,314,253,253,2225895,8855,2015-12-08,10.2,17,1,0
88,23,4,574,322,322,252,252,2331890,8855,2015-12-08,10.2,16,1,0
85,23,4,528,285,285,243,243,2024785,8855,2015-12-08,10.2,14,1,0
94,23,4,627,401,381,226,246,3049501,8855,2015-12-19,10.2,19,1,0
84,23,4,501,278,278,223,223,1929501,8855,2015-12-08,10.2,19,1,0
83,23,4,473,257,217,216,256,1837620,8855,2015-12-08,10.2,11,1,0
82,23,4,451,250,211,201,240,1749060,8855,2015-12-08,10.2,14,1,0
81,23,4,430,247,208,183,222,1663740,8855,2015-12-08,10.2,10,1,0
80,23,4,405,227,188,178,217,1581580,8855,2015-12-08,10.2,12,1,0
79,23,4,374,210,186,164,188,1502501,8855,2015-12-08,10.2,10,1,0
78,23,4,353,204,180,149,173,1426425,8855,2015-12-08,10.2,10,1,0
77,23,4,328,188,175,140,153,1353275,8855,2015-12-08,10.2,14,1,0
75,23,4,295,167,157,128,138,1215450,8855,2015-12-08,10.2,9,1,0
76,23,4,306,182,172,124,134,1282975,8855,2015-12-08,10.2,10,1,0
73,23,4,256,146,146,110,110,1088430,8855,2015-12-08,10.2,8,1,0
72,23,4,238,144,144,94,94,1028790,8855,2015-12-08,10.2,9,1,0
70,23,4,211,134,125,77,86,916895,8855,2015-12-08,10.2,9,1,0
69,23,4,207,132,123,75,84,864501,8855,2015-12-08,10.2,7,1,0
71,23,4,214,139,139,75,75,971635,8855,2015-12-08,10.2,4,1,0
68,23,4,185,119,119,66,66,814385,8855,2015-12-08,10.2,8,1,0
67,23,4,168,114,114,54,54,766480,8855,2015-12-08,10.2,12,1,0
66,23,4,153,112,112,41,41,720720,8855,2015-12-08,10.2,9,1,0
65,23,4,140,105,99,35,41,677040,8855,2015-12-08,10.2,6,1,0
63,23,4,128,94,72,34,56,595665,8855,2015-12-08,10.2,3,1,0
64,23,4,132,101,98,31,34,635376,8855,2015-12-08,10.2,6,1,0
39,20,6,276,125,121,151,155,3262623,38760,2016-01-19,10.1,9,1,0
19,7,5,703,557,554,146,149,11628,21,2016-01-18,10.1,11,1,0
78,13,2,47,42,42,5,5,3003,78,2016-01-08,10.1,6,1,0
32,10,4,297,212,212,85,85,35960,210,2016-03-30,9.9,14,1,0
31,10,4,255,186,155,69,100,31465,210,2016-04-14,9.9,14,1,0
23,8,4,193,156,127,37,66,8855,70,2016-04-19,9.9,11,1,0
22,8,4,152,132,116,20,36,7315,70,2016-04-19,9.9,8,1,0
66,23,5,800,351,342,449,458,8936928,33649,2016-05-24,9.8,12,1,0
19,12,7,151,108,100,43,51,50388,792,2016-05-09,9.8,11,1,0
28,18,6,68,38,32,30,36,376740,18564,2016-05-10,9.8,3,1,0
19,7,4,151,131,114,20,37,3876,35,2016-05-02,9.8,7,1,0
30,18,5,42,27,20,15,22,142506,8568,2016-05-10,9.8,3,1,0
42,12,3,77,63,53,14,24,11480,220,2016-05-10,9.8,7,1,0
64,18,3,77,64,54,13,23,41664,816,2016-05-10,9.8,4,1,0
36,21,4,24,16,12,8,12,58905,5985,2016-05-10,9.8,2,1,0
34,20,4,23,16,12,7,11,46376,4845,2016-05-10,9.8,3,1,0
45,24,4,30,23,15,7,15,148995,10626,2016-05-10,9.8,4,1,0
32,24,7,28,24,19,4,9,3365856,346104,2016-05-10,9.8,3,1,0
48,14,2,17,15,14,2,3,1128,91,2016-05-10,9.8,3,1,0
62,18,2,17,15,14,2,3,1891,153,2016-05-10,9.8,4,1,0
96,20,2,30,28,24,2,6,4560,190,2016-05-10,9.8,2,1,0
75,21,2,18,16,15,2,3,2775,210,2016-05-10,9.8,5,1,0
77,21,2,19,17,15,2,4,2926,210,2016-05-10,9.8,4,1,0
78,22,2,18,16,15,2,3,3003,231,2016-05-10,9.8,4,1,0
34,20,3,11,9,7,2,4,5984,1140,2016-05-10,9.8,3,1,0
38,20,3,14,12,8,2,6,8436,1140,2016-05-10,9.8,3,1,0
36,21,3,11,9,7,2,4,7140,1330,2016-05-10,9.8,2,1,0
42,22,3,14,12,8,2,6,11480,1540,2016-05-10,9.8,3,1,0
42,24,3,11,9,7,2,4,11480,2024,2016-05-10,9.8,2,1,0
48,10,2,30,29,29,1,1,1128,45,2016-05-10,9.8,3,1,0
44,12,2,19,18,15,1,4,946,66,2016-05-10,9.8,3,1,0
56,12,2,28,27,24,1,4,1540,66,2016-05-10,9.8,4,1,0
58,12,2,30,29,29,1,1,1653,66,2016-05-10,9.8,3,1,0
60,12,2,31,30,30,1,1,1770,66,2016-05-10,9.8,2,1,0
55,15,2,19,18,15,1,4,1485,105,2016-05-10,9.8,3,1,0
72,15,2,30,29,29,1,1,2556,105,2016-05-10,9.8,3,1,0
72,18,2,21,20,20,1,1,2556,153,2016-05-10,9.8,2,1,0
87,18,2,30,29,29,1,1,3741,153,2016-05-10,9.8,2,1,0
74,20,2,19,18,15,1,4,2701,190,2016-05-10,9.8,2,1,0
81,21,2,20,19,16,1,4,3240,210,2016-05-10,9.8,3,1,0
84,22,2,20,19,16,1,4,3486,231,2016-05-10,9.8,2,1,0
92,24,2,20,19,16,1,4,4186,276,2016-05-10,9.8,3,1,0
93,24,2,20,19,16,1,4,4278,276,2016-05-10,9.8,2,1,0
36,18,3,15,14,14,1,1,7140,816,2016-05-10,9.8,4,1,0
36,20,3,12,11,8,1,4,7140,1140,2016-05-10,9.8,4,1,0
42,21,3,15,14,14,1,1,11480,1330,2016-05-10,9.8,2,1,0
36,22,3,10,9,7,1,3,7140,1540,2016-05-10,9.8,2,1,0
44,22,3,15,14,14,1,1,13244,1540,2016-05-10,9.8,2,1,0
40,24,3,10,9,7,1,3,9880,2024,2016-05-10,9.8,4,1,0
36,24,4,12,11,11,1,1,58905,10626,2016-05-10,9.8,2,1,0
22,18,7,15,14,13,1,2,170544,31824,2016-05-10,9.8,3,1,0
99,22,4,1188,630,630,558,558,3764376,7315,2016-06-27,9.7,17,1,0
98,22,4,1122,580,495,542,627,3612280,7315,2016-06-21,9.7,9,1,0
93,22,4,846,465,427,381,419,2919735,7315,2016-06-27,9.7,8,1,0
91,22,4,773,427,410,346,363,2672670,7315,2016-06-20,9.7,14,1,0
92,22,4,786,456,419,330,367,2794155,7315,2016-06-20,9.7,15,1,0
83,22,4,572,310,310,262,262,1837620,7315,2016-06-12,9.7,17,1,0
82,22,4,531,291,291,240,240,1749060,7315,2016-06-12,9.7,10,1,0
30,7,4,1067,832,832,235,235,27405,35,2016-06-21,9.7,14,1,0
81,22,4,493,284,284,209,209,1663740,7315,2016-06-12,9.7,13,1,0
80,22,4,480,277,277,203,203,1581580,7315,2016-06-10,9.7,12,1,0
26,12,6,549,347,278,202,271,230230,924,2016-06-19,9.7,16,1,0
79,22,4,452,255,216,197,236,1502501,7315,2016-06-10,9.7,10,1,0
78,22,4,418,249,210,169,208,1426425,7315,2016-06-10,9.7,8,1,0
77,22,4,400,242,193,158,207,1353275,7315,2016-06-10,9.7,14,1,0
76,22,4,376,225,187,151,189,1282975,7315,2016-06-07,9.7,9,1,0
75,22,4,353,205,181,148,172,1215450,7315,2016-06-07,9.7,8,1,0
72,22,4,303,167,158,136,145,1028790,7315,2016-06-05,9.7,10,1,0
74,22,4,318,189,179,129,139,1150626,7315,2016-06-07,9.7,5,1,0
48,20,5,285,156,125,129,160,1712304,15504,2016-06-19,9.7,4,1,0
73,22,4,306,183,173,123,133,1088430,7315,2016-06-07,9.7,8,1,0
70,22,4,247,153,147,94,100,916895,7315,2016-06-05,9.7,3,1,0
66,22,4,207,126,123,81,84,720720,7315,2016-06-05,9.7,10,1,0
68,22,4,221,140,140,81,81,814385,7315,2016-06-05,9.7,9,1,0
69,22,4,226,145,145,81,81,864501,7315,2016-06-05,9.7,7,1,0
24,10,5,285,221,204,64,81,42504,252,2016-06-19,9.7,11,1,0
65,22,4,185,122,119,63,66,677040,7315,2016-06-05,9.7,10,1,0
64,22,4,164,114,114,50,50,635376,7315,2016-06-05,9.7,5,1,0
23,12,6,240,163,146,77,94,100947,924,2016-07-27,9.6,13,1,0
45,22,5,121,70,70,51,51,1221759,26334,2016-07-24,9.6,4,1,0
54,18,5,957,432,432,525,525,3162510,8568,2016-08-24,9.5,4,1,0
94,22,4,899,496,436,403,463,3049501,7315,2016-08-22,9.5,7,1,0
27,9,5,957,732,702,225,255,80730,126,2016-08-20,9.5,10,1,0
22,13,8,575,354,308,221,267,319770,1287,2016-09-16,9.5,14,1,0
30,15,6,330,162,162,168,168,593775,5005,2016-08-12,9.5,18,1,0
21,12,8,755,595,497,160,258,203490,495,2016-08-21,9.5,8,1,0
21,13,8,342,230,230,112,112,203490,1287,2016-09-15,9.5,21,1,0
20,13,8,256,167,154,89,102,125970,1287,2016-09-06,9.5,11,1,0
19,11,7,270,185,178,85,92,50388,330,2016-08-23,9.5,14,1,0
20,11,7,425,340,284,85,141,77520,330,2016-08-25,9.5,13,1,0
19,13,8,154,106,69,48,85,75582,1287,2016-09-06,9.5,8,1,0
20,9,5,211,165,165,46,46,15504,126,2016-08-20,9.5,11,1,0
99,22,3,152,122,108,30,44,156849,1540,2016-08-22,9.5,13,1,0
18,12,7,96,72,47,24,49,31824,792,2016-09-15,9.5,9,1,0
63,20,3,56,45,45,11,11,39711,1140,2016-08-26,9.5,6,1,0
51,20,3,31,26,21,5,10,20825,1140,2016-08-30,9.5,5,1,0
53,21,3,31,26,21,5,10,23426,1330,2016-08-30,9.5,5,1,0
85,13,2,54,50,46,4,8,3570,78,2016-08-15,9.5,5,1,0
45,20,3,22,18,16,4,6,14190,1140,2016-08-26,9.5,4,1,0
46,21,3,20,16,16,4,4,15180,1330,2016-08-26,9.5,3,1,0
94,13,2,64,61,58,3,6,4371,78,2016-08-15,9.5,6,1,0
52,20,3,31,29,24,2,7,22100,1140,2016-08-26,9.5,3,1,0
86,13,2,54,53,53,1,1,3655,78,2016-08-13,9.5,8,1,0
87,13,2,55,54,54,1,1,3741,78,2016-08-15,9.5,8,1,0
89,13,2,56,55,55,1,1,3916,78,2016-08-15,9.5,8,1,0
55,19,5,919,365,357,554,562,3478761,11628,2016-09-24,9.4,4,1,0
31,10,5,1335,797,757,538,578,169911,252,2016-09-17,9.4,15,1,0
65,23,5,754,323,323,431,431,8259888,33649,2016-09-25,9.4,20,1,0
33,15,6,676,304,242,372,434,1107568,5005,2016-09-27,9.4,9,1,0
18,9,7,1250,906,906,344,344,31824,36,2016-09-27,9.4,14,1,0
29,11,5,544,291,290,253,254,118755,462,2016-10-14,9.4,22,1,0
20,12,8,470,309,297,161,173,125970,495,2016-09-19,9.4,18,1,0
16,9,7,518,395,395,123,123,11440,36,2016-09-27,9.4,12,1,0
22,12,8,1362,847,666,515,696,319770,495,2016-11-28,9.3,15,1,0
60,16,4,559,312,312,247,247,487635,1820,2016-11-14,9.3,2,1,0
30,8,4,559,435,435,124,124,27405,70,2016-11-14,9.3,5,1,0
30,12,5,349,225,225,124,124,142506,792,2016-11-09,9.3,16,1,0
23,6,4,716,625,625,91,91,8855,15,2016-11-23,9.3,7,1,0
30,14,6,572,283,225,289,347,593775,3003,2016-12-22,9.2,18,1,0
38,10,4,590,392,361,198,229,73815,210,2016-12-04,9.2,11,1,0
29,14,6,417,243,193,174,224,475020,3003,2016-12-22,9.2,19,1,0
28,14,6,322,176,176,146,146,376740,3003,2016-12-22,9.2,6,1,0
52,22,5,268,145,116,123,152,2598960,26334,2016-12-28,9.2,2,1,0
26,11,5,268,190,190,78,78,65780,462,2016-12-22,9.2,13,1,0
26,14,6,151,108,108,43,43,230230,3003,2016-12-22,9.2,10,1,0
60,21,3,39,36,35,3,4,34220,1330,2016-12-28,9.2,4,1,0
61,21,3,39,37,35,2,4,35990,1330,2016-12-27,9.2,6,1,0
81,17,4,1604,787,763,817,841,1663740,2380,2017-01-25,9.1,17,1,0
73,15,4,1598,930,828,668,770,1088430,1365,2017-02-02,9.1,9,1,0
72,15,4,1485,879,807,606,678,1028790,1365,2017-02-01,9.1,12,1,0
70,15,4,1285,738,738,547,547,916895,1365,2017-02-01,9.1,8,1,0
23,10,6,1042,638,564,404,478,100947,210,2017-02-07,9.1,19,1,0
25,11,6,868,503,464,365,404,177100,462,2017-02-07,9.1,16,1,0
24,11,6,662,398,398,264,264,134596,462,2017-02-07,9.1,11,1,0
21,10,6,514,347,347,167,167,54264,210,2017-02-07,9.1,13,1,0
23,11,6,465,306,249,159,216,100947,462,2017-02-07,9.1,22,1,0
74,10,3,592,541,541,51,51,64824,120,2017-01-14,9.1,10,1,0
40,11,3,86,73,73,13,13,9880,165,2017-01-12,9.1,7,1,0
66,20,5,1857,726,611,1131,1246,8936928,15504,2017-03-06,9.0,11,1,0
61,20,5,1217,455,446,762,771,5949147,15504,2017-03-05,9.0,11,1,0
69,18,4,597,322,322,275,275,864501,3060,2017-02-11,9.0,7,1,0
70,18,4,604,350,350,254,254,916895,3060,2017-02-11,9.0,10,1,0
34,22,7,119,59,50,60,69,5379616,170544,2017-02-16,9.0,3,1,0
34,16,7,1926,646,515,1280,1411,5379616,11440,2017-04-04,8.9,5,1,0
20,8,6,1987,1393,1385,594,602,38760,28,2017-04-18,8.9,11,1,0
17,10,8,947,672,672,275,275,24310,45,2017-03-22,8.9,14,1,0
39,19,6,368,175,152,193,216,3262623,27132,2017-03-31,8.9,11,1,0
35,5,3,733,658,658,75,75,6545,10,2017-03-25,8.9,6,1,0
33,5,3,627,582,581,45,46,5456,10,2017-04-04,8.9,6,1,0
99,20,4,1810,872,847,938,963,3764376,4845,2017-05-28,8.8,17,1,0
98,20,4,1745,829,804,916,941,3612280,4845,2017-05-28,8.8,12,1,0
97,20,4,1678,786,786,892,892,3464840,4845,2017-05-28,8.8,16,1,0
96,20,4,1608,768,768,840,840,3321960,4845,2017-05-28,8.8,16,1,0
99,21,4,1530,717,717,813,813,3764376,5985,2017-05-07,8.8,8,1,0
95,20,4,1538,732,732,806,806,3183545,4845,2017-05-28,8.8,16,1,0
98,21,4,1461,705,705,756,756,3612280,5985,2017-05-05,8.8,6,1,0
94,20,4,1450,715,715,735,735,3049501,4845,2017-05-28,8.8,16,1,0
97,21,4,1366,666,666,700,700,3464840,5985,2017-05-09,8.8,13,1,0
93,20,4,1371,703,703,668,668,2919735,4845,2017-05-28,8.8,18,1,0
96,21,4,1313,654,654,659,659,3321960,5985,2017-05-05,8.8,9,1,0
95,21,4,1244,638,638,606,606,3183545,5985,2017-05-05,8.8,7,1,0
91,20,4,1218,651,651,567,567,2672670,4845,2017-05-28,8.8,18,1,0
94,21,4,1190,627,627,563,563,3049501,5985,2017-05-05,8.8,12,1,0
93,21,4,1120,572,492,548,628,2919735,5985,2017-05-05,8.8,5,1,0
90,20,4,1168,635,635,533,533,2555190,4845,2017-05-28,8.8,13,1,0
92,21,4,1069,561,482,508,587,2794155,5985,2017-05-05,8.8,5,1,0
89,20,4,1092,601,601,491,491,2441626,4845,2017-05-28,8.8,21,1,0
91,21,4,1012,546,468,466,544,2672670,5985,2017-05-05,8.8,7,1,0
88,20,4,1022,568,484,454,538,2331890,4845,2017-05-28,8.8,13,1,0
90,21,4,946,519,459,427,487,2555190,5985,2017-05-05,8.8,8,1,0
86,20,4,937,521,465,416,472,2123555,4845,2017-05-28,8.8,14,1,0
87,20,4,966,553,475,413,491,2225895,4845,2017-05-28,8.8,19,1,0
88,21,4,859,457,424,402,435,2331890,5985,2017-05-05,8.8,7,1,0
89,21,4,887,488,433,399,454,2441626,5985,2017-05-05,8.8,8,1,0
87,21,4,818,431,411,387,407,2225895,5985,2017-05-05,8.8,7,1,0
29,13,6,738,375,308,363,430,475020,1716,2017-05-16,8.8,16,1,0
86,21,4,757,402,402,355,355,2123555,5985,2017-05-05,8.8,11,1,0
85,20,4,846,510,455,336,391,2024785,4845,2017-05-28,8.8,18,1,0
81,20,4,719,393,377,326,342,1663740,4845,2017-05-28,8.8,21,1,0
82,20,4,746,423,406,323,340,1749060,4845,2017-05-28,8.8,13,1,0
84,21,4,682,368,368,314,314,1929501,5985,2017-05-05,8.8,4,1,0
83,20,4,757,449,415,308,342,1837620,4845,2017-05-28,8.8,15,1,0
85,21,4,701,393,377,308,324,2024785,5985,2017-05-05,8.8,11,1,0
84,20,4,782,479,425,303,357,1929501,4845,2017-05-28,8.8,17,1,0
83,21,4,639,360,360,279,279,1837620,5985,2017-05-05,8.8,7,1,0
82,21,4,623,352,352,271,271,1749060,5985,2017-05-05,8.8,13,1,0
81,21,4,591,324,324,267,267,1663740,5985,2017-05-05,8.8,5,1,0
77,20,4,585,324,324,261,261,1353275,4845,2017-05-28,8.8,12,1,0
80,21,4,559,317,317,242,242,1581580,5985,2017-05-01,8.8,5,1,0
78,20,4,592,351,351,241,241,1426425,4845,2017-05-28,8.8,10,1,0
79,20,4,595,360,360,235,235,1502501,4845,2017-05-28,8.8,19,1,0
80,20,4,597,368,368,229,229,1581580,4845,2017-05-28,8.8,16,1,0
79,21,4,523,309,309,214,214,1502501,5985,2017-05-01,8.8,10,1,0
77,21,4,478,279,279,199,199,1353275,5985,2017-05-01,8.8,8,1,0
47,20,5,279,144,116,135,163,1533939,15504,2017-05-19,8.8,8,1,0
25,16,7,144,82,50,62,94,480700,11440,2017-05-16,8.8,12,1,0
22,15,7,90,53,43,37,47,170544,6435,2017-04-28,8.8,3,1,0
22,13,6,104,72,66,32,38,74613,1716,2017-05-16,8.8,10,1,0
43,9,3,193,163,153,30,40,12341,84,2017-05-18,8.8,8,1,0
42,9,3,176,154,145,22,31,11480,84,2017-05-19,8.8,7,1,0
34,8,3,139,124,124,15,15,5984,56,2017-05-28,8.8,6,1,0
33,8,3,127,116,116,11,11,5456,56,2017-05-28,8.8,4,1,0
93,19,4,1781,852,828,929,953,2919735,3876,2017-06-08,8.7,23,1,0
95,19,4,1895,970,865,925,1030,3183545,3876,2017-06-08,8.7,17,1,0
92,19,4,1671,809,785,862,886,2794155,3876,2017-06-08,8.7,15,1,0
91,19,4,1599,767,767,832,832,2672670,3876,2017-06-08,8.7,14,1,0
89,19,4,1440,712,712,728,728,2441626,3876,2017-06-08,8.7,16,1,0
88,19,4,1322,695,695,627,627,2331890,3876,2017-06-08,8.7,13,1,0
87,19,4,1285,660,660,625,625,2225895,3876,2017-06-08,8.7,12,1,0
92,20,4,1276,663,663,613,613,2794155,4845,2017-05-31,8.7,18,1,0
86,19,4,1214,643,643,571,571,2123555,3876,2017-06-08,8.7,16,1,0
85,19,4,1125,627,627,498,498,2024785,3876,2017-06-08,8.7,18,1,0
83,19,4,1030,560,481,470,549,1837620,3876,2017-06-08,8.7,9,1,0
84,19,4,1058,593,593,465,465,1929501,3876,2017-06-08,8.7,19,1,0
82,19,4,1005,544,467,461,538,1749060,3876,2017-06-08,8.7,5,1,0
79,19,4,839,454,416,385,423,1502501,3876,2017-06-08,8.7,16,1,0
77,19,4,765,398,398,367,367,1353275,3876,2017-06-08,8.7,16,1,0
78,19,4,787,423,407,364,380,1426425,3876,2017-06-08,8.7,13,1,0
81,19,4,867,512,457,355,410,1663740,3876,2017-06-08,8.7,8,1,0
76,19,4,733,384,368,349,365,1282975,3876,2017-06-08,8.7,11,1,0
80,19,4,849,502,426,347,423,1581580,3876,2017-06-08,8.7,14,1,0
75,19,4,687,360,360,327,327,1215450,3876,2017-06-08,8.7,21,1,0
74,19,4,627,351,351,276,276,1150626,3876,2017-06-08,8.7,16,1,0
73,19,4,593,323,323,270,270,1088430,3876,2017-06-08,8.7,14,1,0
72,19,4,584,315,315,269,269,1028790,3876,2017-06-08,8.7,13,1,0
18,11,8,532,374,338,158,194,43758,165,2017-06-23,8.7,18,1,0
44,9,3,210,172,162,38,48,13244,84,2017-06-07,8.7,4,1,0
45,9,3,232,195,195,37,37,14190,84,2017-06-07,8.7,5,1,0
31,11,4,153,119,110,34,43,31465,330,2017-06-30,8.7,8,1,0
36,9,3,112,96,88,16,24,7140,84,2017-06-09,8.7,8,1,0
39,10,3,104,90,86,14,18,9139,120,2017-07-05,8.7,10,1,0
35,9,3,103,90,86,13,17,6545,84,2017-06-09,8.7,5,1,0
37,10,3,85,74,74,11,11,7770,120,2017-07-02,8.7,5,1,0
35,10,3,77,67,67,10,10,6545,120,2017-07-02,8.7,4,1,0
38,10,3,89,80,80,9,9,8436,120,2017-07-02,8.7,9,1,0
63,19,5,1979,790,617,1189,1362,7028847,11628,2017-07-25,8.6,23,1,0
91,18,4,1938,1022,910,916,1028,2672670,3060,2017-07-13,8.6,10,1,0
59,19,5,1364,513,472,851,892,5006386,11628,2017-07-24,8.6,18,1,0
58,19,5,1264,486,455,778,809,4582116,11628,2017-07-25,8.6,15,1,0
87,18,4,1580,808,783,772,797,2225895,3060,2017-07-13,8.6,11,1,0
90,18,4,1739,970,865,769,874,2555190,3060,2017-07-13,8.6,7,1,0
89,18,4,1676,925,846,751,830,2441626,3060,2017-07-13,8.6,4,1,0
86,18,4,1512,765,765,747,747,2123555,3060,2017-07-13,8.6,11,1,0
85,18,4,1432,751,751,681,681,2024785,3060,2017-07-13,8.6,6,1,0
84,18,4,1349,710,710,639,639,1929501,3060,2017-07-13,8.6,6,1,0
27,11,6,1415,799,749,616,666,296010,462,2017-08-04,8.6,16,1,0
83,18,4,1251,692,692,559,559,1837620,3060,2017-07-13,8.6,12,1,0
82,18,4,1151,656,652,495,499,1749060,3060,2017-07-13,8.6,7,1,0
81,18,4,1090,639,639,451,451,1663740,3060,2017-07-13,8.6,2,1,0
80,18,4,1041,623,623,418,418,1581580,3060,2017-07-13,8.6,2,1,0
75,18,4,834,475,421,359,413,1215450,3060,2017-07-13,8.6,15,1,0
77,18,4,861,539,462,322,399,1353275,3060,2017-07-13,8.6,22,1,0
78,18,4,863,551,473,312,390,1426425,3060,2017-07-13,8.6,12,1,0
71,18,4,651,359,359,292,292,971635,3060,2017-07-13,8.6,13,1,0
72,18,4,667,388,368,279,299,1028790,3060,2017-07-13,8.6,9,1,0
29,8,4,504,392,392,112,112,23751,70,2017-08-09,8.6,6,1,0
46,9,3,246,205,205,41,41,15180,84,2017-07-17,8.6,8,1,0
31,17,8,1428,480,453,948,975,7888725,24310,2017-09-05,8.5,15,1,0
90,19,4,1521,754,754,767,767,2555190,3876,2017-08-14,8.5,18,1,0
25,12,7,1559,830,830,729,729,480700,792,2017-08-28,8.5,17,1,0
29,12,6,1362,636,636,726,726,475020,924,2017-08-18,8.5,20,1,0
30,15,7,1062,486,386,576,676,2035800,6435,2017-08-14,8.5,10,1,0
29,15,7,800,341,341,459,459,1560780,6435,2017-08-14,8.5,13,1,0
30,16,7,610,263,248,347,362,2035800,11440,2017-09-13,8.5,10,1,0
58,16,4,504,276,276,228,228,424270,1820,2017-08-16,8.5,5,1,0
27,15,7,380,195,195,185,185,888030,6435,2017-08-17,8.5,11,1,0
25,14,7,377,206,193,171,184,480700,3432,2017-08-15,8.5,18,1,0
31,16,6,262,132,132,130,130,736281,8008,2017-09-05,8.5,5,1,0
26,15,7,272,156,156,116,116,657800,6435,2017-08-14,8.5,11,1,0
25,11,5,231,160,128,71,103,53130,462,2017-09-10,8.5,14,1,0
30,16,6,176,109,109,67,67,593775,8008,2017-09-11,8.5,6,1,0
22,11,5,108,84,76,24,32,26334,462,2017-09-10,8.5,4,1,0
67,23,5,894,368,359,526,535,9657648,33649,2017-10-12,8.4,25,1,0
49,16,5,1011,530,503,481,508,1906884,4368,2017-09-28,8.4,4,1,0
52,18,5,819,382,382,437,437,2598960,8568,2017-10-17,8.4,3,1,0
90,9,3,1848,1450,1450,398,398,117480,84,2017-10-06,8.4,27,1,0
64,23,5,665,312,312,353,353,7624512,33649,2017-10-12,8.4,23,1,0
63,23,5,589,288,272,301,317,7028847,33649,2017-10-09,8.4,15,1,0
65,24,5,559,274,266,285,293,8259888,42504,2017-10-07,8.4,12,1,0
62,23,5,553,270,265,283,288,6471002,33649,2017-10-12,8.4,19,1,0
64,24,5,509,251,192,258,317,7624512,42504,2017-10-05,8.4,8,1,0
55,15,4,522,297,297,225,225,341055,1365,2017-09-28,8.4,14,1,0
59,23,5,402,206,170,196,232,5006386,33649,2017-10-12,8.4,17,1,0
54,15,4,469,274,274,195,195,316251,1365,2017-09-28,8.4,15,1,0
26,9,5,819,624,624,195,195,65780,126,2017-10-12,8.4,12,1,0
53,15,4,437,265,265,172,172,292825,1365,2017-09-28,8.4,16,1,0
50,15,4,324,210,177,114,147,230300,1365,2017-09-28,8.4,12,1,0
51,15,4,342,232,198,110,144,249900,1365,2017-09-28,8.4,12,1,0
49,15,4,284,203,170,81,114,211876,1365,2017-09-28,8.4,12,1,0
47,15,4,237,157,145,80,92,178365,1365,2017-09-28,8.4,4,1,0
48,15,4,252,173,164,79,88,194580,1365,2017-09-28,8.4,6,1,0
46,15,4,214,138,138,76,76,163185,1365,2017-09-28,8.4,10,1,0
27,17,6,75,40,32,35,43,296010,12376,2017-10-13,8.4,3,1,0
41,15,4,131,104,96,27,35,101270,1365,2017-09-27,8.4,10,1,0
55,16,5,1977,945,942,1032,1035,3478761,4368,2017-11-27,8.3,16,1,0
66,15,4,911,616,616,295,295,720720,1365,2017-11-13,8.3,9,1,0
27,18,8,212,89,74,123,138,2220075,43758,2017-11-07,8.3,7,1,0
25,15,7,201,124,112,77,89,480700,6435,2017-11-03,8.3,15,1,0
24,15,7,164,90,64,74,100,346104,6435,2017-11-06,8.3,10,1,0
63,12,3,260,210,210,50,50,39711,220,2017-11-13,8.3,13,1,0
56,12,3,181,140,140,41,41,27720,220,2017-11-20,8.3,7,1,0
57,12,3,185,148,148,37,37,29260,220,2017-11-20,8.3,7,1,0
24,14,6,107,74,67,33,40,134596,3003,2017-11-14,8.3,9,1,0
53,19,4,130,106,98,24,32,292825,3876,2017-11-06,8.3,12,1,0
47,18,3,34,29,24,5,10,16215,816,2017-10-26,8.3,3,1,0
64,15,2,25,22,22,3,3,2016,105,2017-11-08,8.3,5,1,0
65,15,2,25,23,22,2,3,2080,105,2017-11-01,8.3,3,1,0
56,17,5,1773,784,659,989,1114,3819816,6188,2017-12-27,8.2,16,1,0
97,22,4,1052,565,485,487,567,3464840,7315,2017-12-13,8.2,23,1,0
96,22,4,996,555,476,441,520,3321960,7315,2017-12-13,8.2,12,1,0
95,22,4,946,523,467,423,479,3183545,7315,2017-12-13,8.2,21,1,0
29,17,8,653,282,275,371,378,4292145,24310,2018-01-18,8.1,9,1,0
30,19,8,311,144,103,167,208,5852925,75582,2018-01-23,8.1,6,1,0
32,17,6,192,112,112,80,80,906192,12376,2018-02-09,8.1,11,1,0
31,17,6,133,97,97,36,36,736281,12376,2018-02-08,8.1,6,1,0
35,17,5,109,77,70,32,39,324632,6188,2018-02-06,8.1,8,1,0
59,24,4,92,64,52,28,40,455126,10626,2018-02-06,8.1,3,1,0
34,16,4,45,37,34,8,11,46376,1820,2018-02-06,8.1,5,1,0
50,19,5,538,253,245,285,293,2118760,11628,2018-02-23,8.0,13,1,0
45,22,6,407,160,152,247,255,8145060,74613,2018-03-06,8.0,10,1,0
35,14,5,411,218,218,193,193,324632,2002,2018-02-11,8.0,12,1,0
46,19,5,328,177,146,151,182,1370754,11628,2018-02-23,8.0,14,1,0
37,19,6,266,125,121,141,145,2324784,27132,2018-02-15,8.0,5,1,0
36,19,6,219,112,112,107,107,1947792,27132,2018-02-21,8.0,12,1,0
32,14,5,239,138,110,101,129,201376,2002,2018-02-11,8.0,7,1,0
36,22,7,183,94,66,89,117,8347680,170544,2018-02-21,8.0,8,1,0
29,18,7,168,91,65,77,103,1560780,31824,2018-02-20,8.0,8,1,0
42,19,5,187,113,98,74,89,850668,11628,2018-02-23,8.0,9,1,0
33,18,6,161,98,98,63,63,1107568,18564,2018-02-27,8.0,10,1,0
33,19,6,112,70,47,42,65,1107568,27132,2018-02-24,8.0,11,1,0
29,17,6,106,67,47,39,59,475020,12376,2018-02-20,8.0,6,1,0
29,20,7,73,44,38,29,35,1560780,77520,2018-02-22,8.0,4,1,0
39,22,5,60,39,27,21,33,575757,26334,2018-03-16,8.0,4,1,0
41,23,5,60,40,27,20,33,749398,33649,2018-02-16,8.0,4,1,0
34,7,3,209,190,190,19,19,5984,35,2018-03-12,8.0,3,1,0
40,10,3,110,96,88,14,22,9880,120,2018-03-15,8.0,12,1,0
33,7,3,191,180,180,11,11,5456,35,2018-03-12,8.0,4,1,0
44,13,4,373,244,244,129,129,135751,715,2018-03-31,7.9,17,1,0
41,7,3,378,317,317,61,61,10660,35,2018-03-30,7.9,8,1,0
40,7,3,353,298,298,55,55,9880,35,2018-03-27,7.9,8,1,0
35,6,3,405,362,362,43,43,6545,20,2018-03-23,7.9,6,1,0
38,7,3,309,272,272,37,37,8436,35,2018-03-23,7.9,7,1,0
41,10,3,121,103,95,18,26,10660,120,2018-03-26,7.9,9,1,0
69,20,3,74,56,52,18,22,52394,1140,2018-04-20,7.9,6,1,0
48,21,4,69,51,44,18,25,194580,5985,2018-03-21,7.9,5,1,0
66,20,3,65,48,47,17,18,45760,1140,2018-04-20,7.9,7,1,0
67,19,3,76,60,53,16,23,47905,969,2018-04-20,7.9,5,1,0
68,19,3,80,65,54,15,26,50116,969,2018-04-20,7.9,6,1,0
67,20,3,66,51,47,15,19,47905,1140,2018-04-20,7.9,3,1,0
70,20,3,75,60,53,15,22,54740,1140,2018-04-20,7.9,5,1,0
36,21,5,50,35,24,15,26,376992,20349,2018-03-21,7.9,4,1,0
33,10,3,66,57,50,9,16,5456,120,2018-04-13,7.9,3,1,0
60,20,3,45,39,39,6,6,34220,1140,2018-04-20,7.9,3,1,0
61,20,3,45,41,40,4,5,35990,1140,2018-04-20,7.9,4,1,0
62,20,3,46,42,41,4,5,37820,1140,2018-04-20,7.9,3,1,0
28,15,8,1776,693,635,1083,1141,3108105,6435,2018-04-26,7.8,10,1,0
37,16,5,238,139,111,99,127,435897,4368,2018-05-15,7.8,4,1,0
32,11,4,176,137,128,39,48,35960,330,2018-05-09,7.8,7,1,0
80,23,3,76,56,53,20,23,82160,1771,2018-04-30,7.8,10,1,0
72,23,3,55,44,41,11,14,59640,1771,2018-04-30,7.8,8,1,0
70,23,3,45,40,40,5,5,54740,1771,2018-04-30,7.8,6,1,0
42,18,6,976,413,339,563,637,5245786,18564,2018-05-31,7.7,11,1,0
34,21,7,183,86,65,97,118,5379616,116280,2018-06-29,7.7,5,1,0
35,22,7,151,70,53,81,98,6724520,170544,2018-06-29,7.7,5,1,0
30,17,6,121,82,75,39,46,593775,12376,2018-06-21,7.7,6,1,0
28,16,7,305,165,161,140,144,1184040,11440,2018-07-29,7.6,6,1,0
29,17,7,231,135,127,96,104,1560780,19448,2018-07-19,7.6,6,1,0
31,17,5,59,50,42,9,17,169911,6188,2018-07-29,7.6,3,1,0
28,15,7,588,275,247,313,341,1184040,6435,2018-10-06,7.4,15,1,0
25,9,4,162,125,117,37,45,12650,126,2018-10-02,7.4,9,1,0
38,9,4,856,626,608,230,248,73815,126,2018-11-01,7.3,13,1,0
34,9,4,565,439,439,126,126,46376,126,2018-11-21,7.3,7,1,0
30,10,4,209,165,138,44,71,27405,210,2018-11-21,7.3,8,1,0
25,14,6,129,90,90,39,39,177100,3003,2018-11-04,7.3,10,1,0
26,15,6,111,75,73,36,38,230230,5005,2018-11-04,7.3,7,1,0
27,15,6,126,94,92,32,34,296010,5005,2018-11-04,7.3,9,1,0
25,10,5,379,255,255,124,124,53130,252,2019-01-03,7.2,14,1,0
31,9,4,385,286,273,99,112,31465,126,2018-12-14,7.2,17,1,0
26,9,4,188,156,128,32,60,14950,126,2018-12-14,7.2,13,1,0
49,19,3,32,26,21,6,11,18424,969,2018-12-27,7.2,4,1,0
62,16,4,615,349,349,266,266,557845,1820,2019-01-22,7.1,4,1,0
40,19,6,462,215,198,247,264,3838380,27132,2019-01-22,7.1,8,1,0
50,20,5,379,195,155,184,224,2118760,15504,2019-01-10,7.1,4,1,0
38,11,4,408,256,256,152,152,73815,330,2019-01-09,7.1,8,1,0
31,8,4,615,485,485,130,130,31465,70,2019-01-14,7.1,4,1,0
32,13,5,342,212,212,130,130,201376,1287,2019-02-06,7.1,23,1,0
30,20,8,200,87,74,113,126,5852925,125970,2019-01-14,7.1,7,1,0
33,21,7,143,63,51,80,92,4272048,116280,2019-02-03,7.1,3,1,0
33,12,4,143,105,105,38,38,40920,495,2019-01-08,7.1,7,1,0
34,12,4,157,119,111,38,46,46376,495,2019-01-10,7.1,12,1,0
36,10,3,81,72,72,9,9,7140,120,2019-01-18,7.1,5,1,0
36,13,3,37,34,34,3,3,7140,286,2019-01-06,7.1,4,1,0
65,20,5,1722,660,582,1062,1140,8259888,15504,2019-03-18,7.0,14,1,0
54,11,4,1900,1095,1071,805,829,316251,330,2019-03-11,7.0,24,1,0
60,20,5,1095,429,429,666,666,5461512,15504,2019-03-18,7.0,9,1,0
58,20,5,869,383,357,486,512,4582116,15504,2019-02-18,7.0,12,1,0
56,20,5,738,317,317,421,421,3819816,15504,2019-02-18,7.0,9,1,0
29,10,5,869,589,589,280,280,118755,252,2019-02-18,7.0,28,1,0
39,9,4,938,681,659,257,279,82251,126,2019-03-07,7.0,20,1,0
28,10,5,738,496,412,242,326,98280,252,2019-02-18,7.0,13,1,0
25,15,8,482,255,255,227,227,1081575,6435,2019-03-12,7.0,13,1,0
27,13,6,443,250,208,193,235,296010,1716,2019-02-27,7.0,25,1,0
33,13,5,436,252,231,184,205,237336,1287,2019-03-05,7.0,15,1,0
18,8,5,250,192,176,58,74,8568,56,2019-02-14,7.0,6,1,0
31,21,7,90,49,39,41,51,2629575,116280,2019-03-17,7.0,4,1,0
15,5,4,294,274,273,20,21,1365,5,2019-02-18,7.0,4,1,0
43,17,6,1993,691,638,1302,1355,6096454,12376,2019-04-22,6.9,7,1,0
34,11,5,1378,736,736,642,642,278256,462,2019-04-10,6.9,12,1,0
33,11,5,1147,636,636,511,511,237336,462,2019-04-18,6.9,17,1,0
73,18,4,742,414,398,328,344,1088430,3060,2019-04-10,6.9,23,1,0
45,17,5,564,278,257,286,307,1221759,6188,2019-04-09,6.9,18,1,0
36,14,5,494,258,237,236,257,376992,2002,2019-03-26,6.9,19,1,0
31,19,8,406,183,129,223,277,7888725,75582,2019-03-19,6.9,7,1,0
54,21,5,442,227,173,215,269,3162510,20349,2019-04-20,6.9,16,1,0
35,20,7,346,158,135,188,211,6724520,77520,2019-04-09,6.9,9,1,0
50,21,5,290,153,124,137,166,2118760,20349,2019-04-16,6.9,13,1,0
37,11,4,379,243,243,136,136,66045,330,2019-04-17,6.9,13,1,0
49,21,5,266,140,112,126,154,1906884,20349,2019-04-03,6.9,9,1,0
35,21,7,221,105,77,116,144,6724520,116280,2019-03-31,6.9,10,1,0
38,16,5,285,171,143,114,142,501942,4368,2019-04-01,6.9,14,1,0
33,20,7,216,104,73,112,143,4272048,77520,2019-04-09,6.9,5,1,0
33,10,4,349,238,238,111,111,40920,210,2019-04-20,6.9,5,1,0
50,22,5,229,119,107,110,122,2118760,26334,2019-04-02,6.9,3,1,0
39,17,5,235,138,111,97,124,575757,6188,2019-03-28,6.9,17,1,0
34,15,5,222,134,109,88,113,278256,3003,2019-04-21,6.9,10,1,0
35,11,4,280,198,163,82,117,52360,330,2019-04-17,6.9,8,1,0
37,20,6,181,100,100,81,81,2324784,38760,2019-03-26,6.9,12,1,0
34,11,4,249,177,155,72,94,46376,330,2019-04-17,6.9,8,1,0
44,21,5,139,78,74,61,65,1086008,20349,2019-04-02,6.9,7,1,0
32,21,7,119,58,46,61,73,3365856,116280,2019-03-31,6.9,4,1,0
43,21,5,125,70,70,55,55,962598,20349,2019-04-02,6.9,6,1,0
34,19,6,144,90,77,54,67,1344904,27132,2019-03-28,6.9,6,1,0
34,20,6,102,63,46,39,56,1344904,38760,2019-03-26,6.9,5,1,0
29,18,6,80,44,33,36,47,475020,18564,2019-03-31,6.9,4,1,0
99,24,3,108,92,91,16,17,156849,2024,2019-04-20,6.9,8,1,0
37,11,3,69,58,51,11,18,7770,165,2019-04-17,6.9,6,1,0
38,11,3,74,63,52,11,22,8436,165,2019-04-18,6.9,9,1,0
66,21,5,1365,522,491,843,874,8936928,20349,2019-05-12,6.8,18,1,0
36,16,6,829,338,268,491,561,1947792,8008,2019-05-29,6.8,7,1,0
47,17,5,728,319,313,409,415,1533939,6188,2019-05-26,6.8,7,1,0
40,18,6,655,307,247,348,408,3838380,18564,2019-05-20,6.8,9,1,0
74,18,4,744,444,407,300,337,1150626,3060,2019-04-25,6.8,23,1,0
32,12,5,543,318,294,225,249,201376,792,2019-05-29,6.8,21,1,0
65,16,4,670,451,403,219,267,677040,1820,2019-05-09,6.8,9,1,0
38,18,6,420,222,199,198,221,2760681,18564,2019-05-30,6.8,10,1,0
37,9,4,744,576,555,168,189,66045,126,2019-04-25,6.8,23,1,0
31,20,8,275,109,83,166,192,7888725,125970,2019-05-20,6.8,8,1,0
29,12,5,295,203,203,92,92,118755,792,2019-04-25,6.8,13,1,0
28,12,5,256,168,138,88,118,98280,792,2019-04-25,6.8,5,1,0
45,24,6,188,105,102,83,86,8145060,134596,2019-05-29,6.8,12,1,0
41,22,6,182,105,101,77,81,4496388,74613,2019-05-20,6.8,5,1,0
44,24,6,154,94,79,60,75,7059052,134596,2019-05-29,6.8,2,1,0
44,18,4,95,64,52,31,43,135751,3060,2019-04-30,6.8,6,1,0
22,9,4,95,79,79,16,16,7315,126,2019-04-25,6.8,9,1,0
27,8,5,1961,1570,1519,391,442,80730,56,2019-06-22,6.7,9,1,0
41,9,4,1263,889,889,374,374,101270,126,2019-06-26,6.7,37,1,0
44,16,5,688,333,308,355,380,1086008,4368,2019-06-25,6.7,9,1,0
30,11,5,634,396,350,238,284,142506,462,2019-06-28,6.7,12,1,0
22,8,5,688,528,528,160,160,26334,56,2019-06-24,6.7,8,1,0
17,8,5,177,147,147,30,30,6188,56,2019-06-24,6.7,9,1,0
42,21,5,94,64,62,30,32,850668,20349,2019-06-20,6.7,8,1,0
32,11,5,972,542,451,430,521,201376,462,2019-07-08,6.6,26,1,0
34,18,7,652,235,229,417,423,5379616,31824,2019-08-07,6.6,11,1,0
95,23,4,628,409,409,219,219,3183545,8855,2019-07-15,6.6,16,1,0
47,19,5,381,191,154,190,227,1533939,11628,2019-07-17,6.6,23,1,0
85,24,4,401,248,209,153,192,2024785,10626,2019-07-17,6.6,20,1,0
43,19,5,226,118,107,108,119,962598,11628,2019-07-17,6.6,12,1,0
41,19,5,169,93,93,76,76,749398,11628,2019-07-15,6.6,11,1,0
43,20,5,165,91,91,74,74,962598,15504,2019-07-15,6.6,6,1,0
41,23,6,146,75,50,71,96,4496388,100947,2019-07-14,6.6,7,1,0
40,22,6,162,93,79,69,83,3838380,74613,2019-07-14,6.6,3,1,0
41,20,5,127,70,70,57,57,749398,15504,2019-07-15,6.6,6,1,0
39,19,5,123,70,70,53,53,575757,11628,2019-07-13,6.6,8,1,0
40,19,5,135,83,74,52,61,658008,11628,2019-07-15,6.6,14,1,0
38,19,5,94,64,62,30,32,501942,11628,2019-07-13,6.6,5,1,0
41,21,5,80,59,59,21,21,749398,20349,2019-08-01,6.6,7,1,0
39,20,5,76,59,59,17,17,575757,15504,2019-07-11,6.6,8,1,0
37,19,5,71,59,59,12,12,435897,11628,2019-07-13,6.6,5,1,0
35,19,5,61,50,43,11,18,324632,11628,2019-07-10,6.6,4,1,0
36,19,5,65,54,54,11,11,376992,11628,2019-07-11,6.6,9,1,0
38,20,5,64,54,54,10,10,501942,15504,2019-07-13,6.6,7,1,0
39,16,4,90,69,52,21,38,82251,1820,2019-08-15,6.5,7,1,0
57,21,5,581,283,266,298,315,4187106,20349,2019-10-04,6.4,20,1,0
28,17,8,448,210,205,238,243,3108105,24310,2019-10-01,6.4,17,1,0
38,19,6,318,148,140,170,178,2760681,27132,2019-10-11,6.4,9,1,0
36,11,4,334,220,220,114,114,58905,330,2019-09-28,6.4,12,1,0
30,9,4,345,257,244,88,101,27405,126,2019-10-05,6.4,17,1,0
29,9,4,293,226,226,67,67,23751,126,2019-09-28,6.4,16,1,0
28,9,4,261,203,203,58,58,20475,126,2019-10-20,6.4,15,1,0
62,21,5,968,408,408,560,560,6471002,20349,2019-11-01,6.3,20,1,0
28,14,7,1056,500,416,556,640,1184040,3432,2019-12-11,6.2,14,1,0
22,10,6,730,427,427,303,303,74613,210,2019-12-18,6.2,15,1,0
27,17,8,314,153,115,161,199,2220075,24310,2019-12-27,6.2,8,1,0
82,13,3,453,341,341,112,112,88560,286,2019-12-20,6.2,15,1,0
81,13,3,443,337,337,106,106,85320,286,2019-12-20,6.2,14,1,0
45,12,3,88,75,75,13,13,14190,220,2019-12-26,6.2,5,1,0
36,17,4,48,36,34,12,14,58905,2380,2019-12-27,6.2,5,1,0
63,21,5,1026,420,420,606,606,7028847,20349,2020-01-15,6.1,27,1,0
66,16,4,685,483,413,202,272,720720,1820,2020-02-05,6.1,68,1,0
46,12,3,90,81,81,9,9,15180,220,2020-01-21,6.1,8,1,0
15,5,3,55,54,54,1,1,455,10,2020-01-15,6.1,3,1,0
70,16,4,995,604,604,391,391,916895,1820,2020-02-14,6.0,17,1,0
29,9,5,1558,1051,961,507,597,118755,126,2020-04-22,5.9,12,1,0
19,9,6,581,406,372,175,209,27132,84,2020-04-19,5.9,11,1,0
43,5,3,1390,1265,1265,125,125,12341,10,2020-04-19,5.9,9,1,0
23,9,5,455,338,297,117,158,33649,126,2020-04-19,5.9,19,1,0
31,13,5,287,175,144,112,143,169911,1287,2020-04-21,5.9,15,1,0
22,9,5,362,277,245,85,117,26334,126,2020-04-19,5.9,15,1,0
21,9,5,268,194,194,74,74,20349,126,2020-04-19,5.9,14,1,0
39,13,4,201,135,135,66,66,82251,715,2020-03-25,5.9,12,1,0
61,13,3,170,141,141,29,29,35990,286,2020-04-18,5.9,10,1,0
30,5,3,459,438,438,21,21,4060,10,2020-04-19,5.9,8,1,0
37,9,3,122,103,95,19,27,7770,84,2020-04-19,5.9,7,1,0
34,9,3,95,84,80,11,15,5984,84,2020-04-19,5.9,6,1,0
58,18,5,1558,684,574,874,984,4582116,8568,2020-04-28,5.8,8,1,0
70,14,4,1814,1065,1065,749,749,916895,1001,2020-05-08,5.8,12,1,0
28,12,6,946,511,511,435,435,376740,924,2020-04-30,5.8,22,1,0
76,18,4,847,507,448,340,399,1282975,3060,2020-05-08,5.8,14,1,0
51,19,5,577,269,264,308,313,2349060,11628,2020-05-09,5.8,18,1,0
55,21,5,506,241,186,265,320,3478761,20349,2020-05-18,5.8,20,1,0
20,9,6,820,587,507,233,313,38760,84,2020-05-04,5.8,18,1,0
53,21,5,409,197,165,212,244,2869685,20349,2020-05-08,5.8,16,1,0
32,18,7,369,173,173,196,196,3365856,31824,2020-05-09,5.8,6,1,0
52,21,5,373,184,154,189,219,2598960,20349,2020-05-08,5.8,15,1,0
27,10,5,608,422,346,186,262,80730,252,2020-05-24,5.8,14,1,0
24,9,5,601,416,339,185,262,42504,126,2020-04-29,5.8,17,1,0
25,9,5,703,525,525,178,178,53130,126,2020-05-26,5.8,9,1,0
51,21,5,321,158,129,163,192,2349060,20349,2020-05-08,5.8,11,1,0
33,19,7,302,155,131,147,171,4272048,50388,2020-05-08,5.8,8,1,0
34,20,7,263,119,80,144,183,5379616,77520,2020-04-26,5.8,10,1,0
80,12,3,522,407,387,115,135,82160,220,2020-04-28,5.8,8,1,0
80,13,3,409,327,327,82,82,82160,286,2020-04-24,5.8,17,1,0
31,20,7,131,62,50,69,81,2629575,77520,2020-04-28,5.8,5,1,0
23,10,5,241,182,182,59,59,33649,252,2020-05-24,5.8,15,1,0
28,17,6,89,56,40,33,49,376740,12376,2020-04-26,5.8,6,1,0
20,12,6,84,70,64,14,20,38760,924,2020-05-28,5.8,10,1,0
27,7,3,104,93,85,11,19,2925,35,2020-05-26,5.8,7,1,0
49,5,2,122,118,118,4,4,1176,10,2020-05-22,5.8,5,1,0
73,5,2,268,264,263,4,5,2628,10,2020-05-19,5.8,6,1,0
77,5,2,296,293,293,3,3,2926,10,2020-05-19,5.8,5,1,0
69,5,2,237,235,235,2,2,2346,10,2020-05-14,5.8,6,1,0
71,5,2,257,256,256,1,1,2485,10,2020-05-16,5.8,7,1,0
32,15,7,1922,743,615,1179,1307,3365856,6435,2020-06-26,5.7,13,1,0
60,18,5,1855,800,674,1055,1181,5461512,8568,2020-06-15,5.7,7,1,0
57,18,5,1425,618,545,807,880,4187106,8568,2020-06-15,5.7,14,1,0
54,19,5,836,344,336,492,500,3162510,11628,2020-06-03,5.7,24,1,0
63,22,5,823,350,341,473,482,7028847,26334,2020-06-23,5.7,16,1,0
50,18,5,703,323,314,380,389,2118760,8568,2020-06-15,5.7,7,1,0
62,22,5,701,322,322,379,379,6471002,26334,2020-06-15,5.7,11,1,0
61,22,5,667,311,311,356,356,5949147,26334,2020-06-14,5.7,15,1,0
54,20,5,608,287,265,321,343,3162510,15504,2020-06-15,5.7,10,1,0
60,22,5,612,292,270,320,342,5461512,26334,2020-06-14,5.7,7,1,0
68,16,4,853,536,459,317,394,814385,1820,2020-07-01,5.7,24,1,0
59,22,5,558,269,261,289,297,5006386,26334,2020-06-14,5.7,10,1,0
28,13,6,606,326,233,280,373,376740,1716,2020-06-25,5.7,18,1,0
53,20,5,532,255,250,277,282,2869685,15504,2020-06-08,5.7,13,1,0
61,16,4,602,336,336,266,266,521855,1820,2020-06-11,5.7,11,1,0
36,20,7,439,177,177,262,262,8347680,77520,2020-06-07,5.7,6,1,0
52,20,5,479,240,177,239,302,2598960,15504,2020-06-06,5.7,8,1,0
58,22,5,476,246,188,230,288,4582116,26334,2020-06-14,5.7,9,1,0
57,22,5,447,228,174,219,273,4187106,26334,2020-06-10,5.7,16,1,0
56,22,5,403,202,168,201,235,3819816,26334,2020-06-14,5.7,6,1,0
51,20,5,421,222,169,199,252,2349060,15504,2020-06-06,5.7,13,1,0
36,21,7,298,120,83,178,215,8347680,116280,2020-06-23,5.7,17,1,0
49,20,5,346,182,150,164,196,1906884,15504,2020-06-07,5.7,12,1,0
54,22,5,337,182,150,155,187,3162510,26334,2020-06-14,5.7,7,1,0
53,22,5,311,157,126,154,185,2869685,26334,2020-06-10,5.7,10,1,0
38,20,6,224,113,113,111,111,2760681,38760,2020-06-29,5.7,6,1,0
46,20,5,241,138,111,103,130,1370754,15504,2020-06-15,5.7,5,1,0
47,21,5,207,115,99,92,108,1533939,20349,2020-06-14,5.7,16,1,0
48,22,5,175,94,94,81,81,1712304,26334,2020-06-10,5.7,4,1,0
30,19,7,149,70,53,79,96,2035800,50388,2020-06-01,5.7,4,1,0
44,20,5,184,106,95,78,89,1086008,15504,2020-06-15,5.7,4,1,0
22,10,5,184,146,119,38,65,26334,252,2020-06-07,5.7,11,1,0
32,19,6,100,63,44,37,56,906192,27132,2020-06-01,5.7,4,1,0
42,16,4,114,87,66,27,48,111930,1820,2020-06-10,5.7,3,1,0
43,16,4,122,95,92,27,30,123410,1820,2020-06-11,5.7,7,1,0
41,16,4,108,82,62,26,46,101270,1820,2020-06-10,5.7,9,1,0
36,18,5,86,64,62,22,24,376992,8568,2020-06-29,5.7,8,1,0
31,13,6,1233,537,537,696,696,736281,1716,2020-08-04,5.6,25,1,0
51,17,5,977,462,432,515,545,2349060,6188,2020-08-08,5.6,11,1,0
30,13,6,979,469,469,510,510,593775,1716,2020-07-29,5.6,10,1,0
44,15,5,858,443,417,415,441,1086008,3003,2020-08-10,5.6,21,1,0
56,21,5,544,264,259,280,285,3819816,20349,2020-07-26,5.6,21,1,0
37,15,5,378,210,161,168,217,435897,3003,2020-07-26,5.6,16,1,0
26,10,5,490,325,305,165,185,65780,252,2020-07-27,5.6,22,1,0
46,6,3,907,759,759,148,148,15180,20,2020-08-03,5.6,6,1,0
24,14,7,252,153,153,99,99,346104,3432,2020-07-18,5.6,11,1,0
28,15,6,187,109,109,78,78,376740,5005,2020-07-21,5.6,10,1,0
35,19,6,161,98,98,63,63,1623160,27132,2020-07-26,5.6,8,1,0
99,16,3,350,310,285,40,65,156849,560,2020-07-20,5.6,6,1,0
99,16,2,49,44,44,5,5,4851,120,2020-07-20,5.6,8,1,0
99,22,2,28,24,23,4,5,4851,231,2020-07-20,5.6,7,1,0
45,14,5,1822,785,785,1037,1037,1221759,2002,2020-09-16,5.5,19,1,0
50,10,4,1972,1200,1145,772,827,230300,210,2020-09-01,5.5,18,1,0
49,10,4,1836,1098,1098,738,738,211876,210,2020-09-01,5.5,22,1,0
45,10,4,1258,774,729,484,529,148995,210,2020-09-03,5.5,15,1,0
34,15,6,863,386,322,477,541,1344904,5005,2020-09-16,5.5,7,1,0
59,21,5,752,321,321,431,431,5006386,20349,2020-08-30,5.5,18,1,0
30,10,5,1096,678,678,418,418,142506,252,2020-09-01,5.5,11,1,0
43,10,4,1052,663,624,389,428,123410,210,2020-08-31,5.5,19,1,0
40,9,4,1141,827,827,314,314,91390,126,2020-09-01,5.5,33,1,0
42,10,4,928,614,576,314,352,111930,210,2020-08-31,5.5,16,1,0
44,11,4,772,484,484,288,288,135751,330,2020-09-01,5.5,22,1,0
41,10,4,825,566,550,259,275,101270,210,2020-08-31,5.5,15,1,0
41,11,4,545,358,328,187,217,101270,330,2020-08-31,5.5,17,1,0
56,6,3,1622,1438,1438,184,184,27720,20,2020-09-09,5.5,7,1,0
40,11,4,507,328,313,179,194,91390,330,2020-09-02,5.5,24,1,0
66,18,4,461,283,283,178,178,720720,3060,2020-09-08,5.5,13,1,0
36,9,4,680,528,528,152,152,58905,126,2020-09-01,5.5,12,1,0
36,15,5,322,176,144,146,178,376992,3003,2020-08-17,5.5,7,1,0
35,9,4,628,483,483,145,145,52360,126,2020-09-01,5.5,11,1,0
46,5,3,1688,1555,1555,133,133,15180,10,2020-09-05,5.5,8,1,0
32,9,4,428,331,306,97,122,35960,126,2020-09-16,5.5,24,1,0
33,9,4,461,382,338,79,123,40920,126,2020-09-01,5.5,10,1,0
37,18,5,124,74,70,50,54,435897,8568,2020-08-29,5.5,3,1,0
46,18,6,1983,711,657,1272,1326,9366819,18564,2020-09-26,5.4,10,1,0
35,14,6,1771,688,688,1083,1083,1623160,3003,2020-09-23,5.4,9,1,0
84,17,4,1890,949,850,941,1040,1929501,2380,2020-10-08,5.4,21,1,0
80,16,4,1929,1005,900,924,1029,1581580,1820,2020-10-18,5.4,18,1,0
83,17,4,1794,904,830,890,964,1837620,2380,2020-10-08,5.4,20,1,0
79,16,4,1835,953,850,882,985,1502501,1820,2020-10-18,5.4,28,1,0
82,17,4,1692,835,782,857,910,1749060,2380,2020-10-18,5.4,18,1,0
34,14,6,1437,612,561,825,876,1344904,3003,2020-09-23,5.4,8,1,0
78,16,4,1723,902,829,821,894,1426425,1820,2020-10-02,5.4,21,1,0
38,12,5,1589,770,770,819,819,501942,792,2020-09-22,5.4,24,1,0
65,21,5,1298,496,468,802,830,8259888,20349,2020-10-02,5.4,21,1,0
75,16,4,1440,741,741,699,699,1215450,1820,2020-10-18,5.4,21,1,0
74,16,4,1337,699,699,638,638,1150626,1820,2020-10-18,5.4,25,1,0
33,14,6,1123,500,500,623,623,1107568,3003,2020-09-22,5.4,7,1,0
73,16,4,1251,680,680,571,571,1088430,1820,2020-10-18,5.4,33,1,0
36,12,5,1126,594,489,532,637,376992,792,2020-09-27,5.4,10,1,0
72,16,4,1161,639,639,522,522,1028790,1820,2020-10-02,5.4,19,1,0
41,18,6,853,372,281,481,572,4496388,18564,2020-09-21,5.4,18,1,0
44,10,4,1179,718,674,461,505,135751,210,2020-09-22,5.4,22,1,0
71,16,4,1074,622,622,452,452,971635,1820,2020-10-08,5.4,17,1,0
60,21,5,797,346,338,451,459,5461512,20349,2020-10-19,5.4,24,1,0
35,12,5,966,517,453,449,513,324632,792,2020-09-29,5.4,26,1,0
68,15,4,1068,676,676,392,392,814385,1365,2020-10-06,5.4,12,1,0
31,14,6,706,348,288,358,418,736281,3003,2020-09-22,5.4,15,1,0
69,16,4,901,570,570,331,331,864501,1820,2020-10-18,5.4,30,1,0
33,12,5,667,377,352,290,315,237336,792,2020-09-29,5.4,15,1,0
69,7,3,1855,1568,1568,287,287,52394,35,2020-10-22,5.4,15,1,0
61,7,3,1311,1046,1046,265,265,35990,35,2020-10-14,5.4,11,1,0
75,8,3,1537,1294,1294,243,243,67525,56,2020-10-20,5.4,13,1,0
43,12,4,489,291,291,198,198,123410,495,2020-09-23,5.4,13,1,0
54,7,3,897,756,756,141,141,24804,35,2020-10-08,5.4,8,1,0
86,12,3,634,509,502,125,132,102340,220,2020-10-08,5.4,9,1,0
83,12,3,587,471,471,116,116,91881,220,2020-10-08,5.4,7,1,0
74,11,3,524,411,397,113,127,64824,165,2020-10-08,5.4,13,1,0
78,12,3,490,377,364,113,126,76076,220,2020-10-08,5.4,5,1,0
73,11,3,498,399,385,99,113,62196,165,2020-10-08,5.4,14,1,0
78,13,3,388,294,270,94,118,76076,286,2020-10-18,5.4,12,1,0
72,12,3,384,294,276,90,108,59640,220,2020-10-08,5.4,7,1,0
57,8,3,656,570,570,86,86,29260,56,2020-10-17,5.4,10,1,0
83,11,3,660,574,559,86,101,91881,165,2020-10-08,5.4,13,1,0
87,11,3,767,681,681,86,86,105995,165,2020-10-08,5.4,20,1,0
81,11,3,630,545,531,85,99,85320,165,2020-10-08,5.4,11,1,0
69,12,3,350,265,253,85,97,52394,220,2020-10-08,5.4,11,1,0
72,13,3,317,233,233,84,84,59640,286,2020-10-18,5.4,13,1,0
88,11,3,779,696,696,83,83,109736,165,2020-10-08,5.4,15,1,0
89,11,3,795,712,712,83,83,113564,165,2020-10-08,5.4,18,1,0
41,6,3,629,547,547,82,82,10660,20,2020-10-15,5.4,4,1,0
67,11,3,405,323,323,82,82,47905,165,2020-10-08,5.4,12,1,0
78,11,3,586,504,497,82,89,76076,165,2020-10-08,5.4,18,1,0
79,11,3,600,518,510,82,90,79079,165,2020-10-08,5.4,15,1,0
90,11,3,810,729,729,81,81,117480,165,2020-10-08,5.4,17,1,0
66,10,3,476,396,383,80,93,45760,120,2020-10-02,5.4,5,1,0
55,10,3,320,242,231,78,89,26235,120,2020-09-29,5.4,10,1,0
66,11,3,389,312,312,77,77,45760,165,2020-10-08,5.4,11,1,0
67,10,3,519,443,443,76,76,47905,120,2020-10-02,5.4,9,1,0
57,10,3,337,263,251,74,86,29260,120,2020-10-02,5.4,10,1,0
67,12,3,320,246,235,74,85,47905,220,2020-10-08,5.4,7,1,0
65,10,3,456,384,371,72,85,43680,120,2020-10-02,5.4,8,1,0
43,8,3,297,226,226,71,71,12341,56,2020-10-04,5.4,5,1,0
70,10,3,546,483,483,63,63,54740,120,2020-10-02,5.4,9,1,0
54,10,3,292,233,227,59,65,24804,120,2020-10-01,5.4,7,1,0
73,10,3,584,526,526,58,58,62196,120,2020-10-02,5.4,10,1,0
63,10,3,417,360,353,57,64,39711,120,2020-10-02,5.4,11,1,0
64,12,3,273,219,219,54,54,41664,220,2020-10-08,5.4,12,1,0
61,9,3,512,461,461,51,51,35990,84,2020-10-18,5.4,6,1,0
61,10,3,380,330,330,50,50,35990,120,2020-10-02,5.4,13,1,0
95,18,3,246,196,180,50,66,138415,816,2020-10-18,5.4,14,1,0
53,10,3,267,223,218,44,49,23426,120,2020-10-02,5.4,8,1,0
67,13,3,233,191,171,42,62,47905,286,2020-10-18,5.4,11,1,0
51,10,3,238,199,199,39,39,20825,120,2020-10-04,5.4,7,1,0
75,10,3,662,623,623,39,39,67525,120,2020-10-02,5.4,13,1,0
90,18,3,190,160,160,30,30,117480,816,2020-10-18,5.4,11,1,0
39,16,6,1572,556,556,1016,1016,3262623,8008,2020-11-11,5.3,23,1,0
39,12,5,1804,832,832,972,972,575757,792,2020-11-15,5.3,23,1,0
44,14,5,1578,657,554,921,1024,1086008,2002,2020-11-01,5.3,13,1,0
43,14,5,1414,618,516,796,898,962598,2002,2020-11-05,5.3,27,1,0
38,16,6,1252,499,383,753,869,2760681,8008,2020-11-11,5.3,12,1,0
40,13,5,1338,631,520,707,818,658008,1287,2020-11-06,5.3,18,1,0
30,17,8,1017,350,350,667,667,5852925,24310,2020-10-25,5.3,13,1,0
41,14,5,1042,443,416,599,626,749398,2002,2020-10-27,5.3,14,1,0
40,14,5,918,386,386,532,532,658008,2002,2020-10-30,5.3,13,1,0
39,14,5,809,360,360,449,449,575757,2002,2020-10-30,5.3,9,1,0
36,13,5,743,358,358,385,385,376992,1287,2020-11-10,5.3,17,1,0
44,20,6,627,260,236,367,391,7059052,38760,2020-11-13,5.3,10,1,0
38,14,5,668,302,302,366,366,501942,2002,2020-11-04,5.3,12,1,0
37,14,5,578,281,281,297,297,435897,2002,2020-11-01,5.3,14,1,0
67,7,3,1628,1370,1369,258,259,47905,35,2020-10-23,5.3,10,1,0
68,7,3,1772,1526,1526,246,246,50116,35,2020-10-24,5.3,15,1,0
64,7,3,1470,1253,1253,217,217,41664,35,2020-10-23,5.3,4,1,0
45,7,3,510,425,425,85,85,14190,35,2020-10-26,5.3,3,1,0
62,12,3,248,192,176,56,72,37820,220,2020-11-28,5.3,7,1,0
38,18,5,131,85,74,46,57,501942,8568,2020-11-17,5.3,5,1,0
35,16,4,57,42,42,15,15,52360,1820,2020-11-20,5.3,6,1,0
45,18,6,1724,615,598,1109,1126,8145060,18564,2020-12-22,5.2,25,1,0
59,18,5,1722,728,607,994,1115,5006386,8568,2021-01-03,5.2,19,1,0
37,15,6,1609,637,585,972,1024,2324784,5005,2020-12-28,5.2,17,1,0
36,15,6,1338,524,524,814,814,1947792,5005,2020-12-28,5.2,19,1,0
41,13,5,1500,716,716,784,784,749398,1287,2020-12-11,5.2,17,1,0
61,13,4,1413,822,775,591,638,521855,715,2020-12-29,5.2,20,1,0
34,7,4,1949,1390,1390,559,559,46376,35,2020-12-21,5.2,9,1,0
38,13,5,1022,506,416,516,606,501942,1287,2020-12-11,5.2,9,1,0
41,16,5,461,234,234,227,227,749398,4368,2020-12-12,5.2,20,1,0
37,10,4,557,356,326,201,231,66045,210,2020-12-11,5.2,12,1,0
40,10,4,703,504,504,199,199,91390,210,2020-12-15,5.2,15,1,0
36,10,4,510,324,310,186,200,58905,210,2020-12-11,5.2,9,1,0
42,17,5,367,203,154,164,213,850668,6188,2020-12-06,5.2,21,1,0
35,10,4,444,294,280,150,164,52360,210,2020-12-12,5.2,5,1,0
34,10,4,383,252,252,131,131,46376,210,2020-12-13,5.2,8,1,0
85,12,3,614,496,489,118,125,98770,220,2021-01-02,5.2,15,1,0
84,13,3,493,375,362,118,131,95284,286,2021-01-02,5.2,15,1,0
50,7,3,697,586,586,111,111,19600,35,2020-12-04,5.2,5,1,0
95,12,3,795,689,681,106,114,138415,220,2020-12-20,5.2,8,1,0
96,12,3,810,704,696,106,114,142880,220,2020-12-20,5.2,6,1,0
97,12,3,826,720,712,106,114,147440,220,2020-12-20,5.2,9,1,0
75,13,3,371,266,254,105,117,67525,286,2021-01-02,5.2,11,1,0
77,13,3,383,285,267,98,116,73150,286,2021-01-02,5.2,12,1,0
70,13,3,285,221,221,64,64,54740,286,2021-01-02,5.2,12,1,0
59,13,3,162,132,132,30,30,32509,286,2021-01-02,5.2,9,1,0
67,20,5,1980,804,677,1176,1303,9657648,15504,2021-01-27,5.1,9,1,0
38,15,6,1883,712,712,1171,1171,2760681,5005,2021-01-09,5.1,15,1,0
23,11,7,1750,893,893,857,857,245157,330,2021-02-08,5.1,15,1,0
42,13,5,1654,808,808,846,846,850668,1287,2021-01-28,5.1,25,1,0
41,17,6,1353,519,394,834,959,4496388,12376,2021-01-30,5.1,7,1,0
62,20,5,1329,500,469,829,860,6471002,15504,2021-01-21,5.1,6,1,0
28,11,6,1847,1075,881,772,966,376740,462,2021-02-01,5.1,11,1,0
67,22,5,1178,442,442,736,736,9657648,26334,2021-01-12,5.1,14,1,0
44,9,4,1769,1105,1105,664,664,135751,126,2021-01-23,5.1,47,1,0
66,22,5,1042,420,420,622,622,8936928,26334,2021-01-12,5.1,13,1,0
58,12,4,1610,1006,1006,604,604,424270,495,2021-01-15,5.1,6,1,0
59,20,5,1011,408,408,603,603,5006386,15504,2021-01-12,5.1,17,1,0
43,9,4,1570,1032,1032,538,538,123410,126,2021-01-23,5.1,46,1,0
39,17,6,905,393,329,512,576,3262623,12376,2021-01-30,5.1,7,1,0
58,13,4,1121,661,661,460,460,424270,715,2021-01-13,5.1,17,1,0
22,9,6,1511,1054,1047,457,464,74613,84,2021-02-05,5.1,25,1,0
24,12,7,1012,612,498,400,514,346104,792,2021-01-13,5.1,11,1,0
34,12,5,807,442,383,365,424,278256,792,2021-01-08,5.1,15,1,0
55,20,5,666,306,306,360,360,3478761,15504,2021-01-12,5.1,14,1,0
89,9,3,1749,1415,1415,334,334,113564,84,2021-01-30,5.1,25,1,0
21,9,6,1060,766,665,294,395,54264,84,2021-02-01,5.1,35,1,0
46,22,6,459,180,164,279,295,9366819,74613,2021-01-30,5.1,5,1,0
22,7,5,1584,1364,1276,220,308,26334,21,2021-01-12,5.1,16,1,0
45,18,5,385,215,163,170,222,1221759,8568,2021-01-12,5.1,24,1,0
74,21,4,381,247,208,134,173,1150626,5985,2021-01-12,5.1,7,1,0
74,23,4,275,155,152,120,123,1150626,8855,2021-01-30,5.1,14,1,0
42,18,5,247,143,115,104,132,850668,8568,2021-01-05,5.1,12,1,0
41,18,5,231,135,110,96,121,749398,8568,2021-01-07,5.1,13,1,0
40,13,4,240,151,142,89,98,91390,715,2021-02-02,5.1,12,1,0
37,5,3,886,800,800,86,86,7770,10,2021-01-26,5.1,6,1,0
41,5,3,1148,1066,1066,82,82,10660,10,2021-01-12,5.1,4,1,0
56,10,3,329,252,241,77,88,27720,120,2021-01-12,5.1,11,1,0
42,5,3,1286,1210,1210,76,76,11480,10,2021-01-28,5.1,17,1,0
40,18,5,186,114,98,72,88,658008,8568,2021-02-04,5.1,24,1,0
45,21,5,155,86,78,69,77,1221759,20349,2021-01-12,5.1,8,1,0
43,24,6,128,76,51,52,77,6096454,134596,2021-01-12,5.1,5,1,0
37,13,4,160,111,111,49,49,66045,715,2021-01-11,5.1,6,1,0
38,13,4,178,129,129,49,49,73815,715,2021-01-10,5.1,11,1,0
40,5,3,1061,1016,1016,45,45,9880,10,2021-01-18,5.1,11,1,0
61,21,4,153,114,114,39,39,521855,5985,2021-02-03,5.1,11,1,0
39,5,3,1004,968,968,36,36,9139,10,2021-01-28,5.1,6,1,0
60,22,4,128,93,71,35,57,487635,7315,2021-01-30,5.1,7,1,0
95,19,3,191,160,160,31,31,138415,969,2021-01-12,5.1,14,1,0
69,16,3,128,113,100,15,28,52394,560,2021-01-12,5.1,7,1,0
68,16,3,121,107,98,14,23,50116,560,2021-01-12,5.1,6,1,0
98,8,2,185,172,172,13,13,4753,28,2021-01-12,5.1,7,1,0
92,8,2,162,150,150,12,12,4186,28,2021-01-12,5.1,3,1,0
84,8,2,137,126,126,11,11,3486,28,2021-01-12,5.1,5,1,0
83,8,2,135,125,125,10,10,3403,28,2021-01-18,5.1,6,1,0
89,22,3,95,86,85,9,10,113564,1540,2021-01-12,5.1,11,1,0
44,13,3,66,58,51,8,15,13244,286,2021-01-12,5.1,5,1,0
96,7,2,227,220,220,7,7,4560,21,2021-01-12,5.1,6,1,0
96,8,2,174,168,168,6,6,4560,28,2021-01-12,5.1,9,1,0
51,6,2,90,85,85,5,5,1275,15,2021-01-12,5.1,2,1,0
60,7,2,91,86,86,5,5,1770,21,2021-01-12,5.1,2,1,0
99,7,2,246,241,241,5,5,4851,21,2021-01-12,5.1,3,1,0
70,8,2,92,88,88,4,4,2415,28,2021-01-12,5.1,3,1,0
91,9,2,126,122,122,4,4,4095,36,2021-01-12,5.1,9,1,0
68,11,2,50,46,44,4,6,2278,55,2021-01-12,5.1,11,1,0
64,11,2,44,41,41,3,3,2016,55,2021-01-12,5.1,6,1,0
93,12,2,75,72,70,3,5,4278,66,2021-01-12,5.1,4,1,0
94,12,2,76,73,71,3,5,4371,66,2021-01-12,5.1,6,1,0
81,13,2,50,47,44,3,6,3240,78,2021-01-12,5.1,7,1,0
95,13,2,66,63,59,3,7,4465,78,2021-01-12,5.1,6,1,0
95,15,2,51,48,45,3,6,4465,105,2021-01-12,5.1,3,1,0
99,15,2,54,51,47,3,7,4851,105,2021-01-12,5.1,2,1,0
76,7,2,144,142,142,2,2,2850,21,2021-01-12,5.1,4,1,0
47,8,2,44,42,42,2,2,1081,28,2021-01-12,5.1,6,1,0
61,8,2,71,69,69,2,2,1830,28,2021-01-12,5.1,2,1,0
53,9,2,45,43,42,2,3,1378,36,2021-01-12,5.1,5,1,0
54,9,2,46,44,42,2,4,1431,36,2021-01-12,5.1,6,1,0
61,9,2,57,55,55,2,2,1830,36,2021-01-12,5.1,4,1,0
69,10,2,59,57,56,2,3,2346,45,2021-01-12,5.1,10,1,0
70,10,2,60,58,56,2,4,2415,45,2021-01-12,5.1,7,1,0
89,11,2,77,75,73,2,4,3916,55,2021-01-12,5.1,10,1,0
64,12,2,37,35,32,2,5,2016,66,2021-01-12,5.1,2,1,0
83,14,2,44,42,42,2,2,3403,91,2021-01-12,5.1,6,1,0
94,16,2,44,42,42,2,2,4371,120,2021-01-12,5.1,4,1,0
77,17,2,27,25,23,2,4,2926,136,2021-01-12,5.1,5,1,0
80,18,2,26,24,23,2,3,3160,153,2021-01-12,5.1,2,1,0
57,5,2,161,160,160,1,1,1596,10,2021-01-12,5.1,4,1,0
80,7,2,161,160,160,1,1,3160,21,2021-01-12,5.1,5,1,0
40,9,2,26,25,23,1,3,780,36,2021-01-12,5.1,2,1,0
59,9,2,55,54,53,1,2,1711,36,2021-01-12,5.1,4,1,0
44,10,2,26,25,22,1,4,946,45,2021-01-12,5.1,3,1,0
79,17,2,28,27,24,1,4,3081,136,2021-01-12,5.1,9,1,0
98,17,2,42,41,41,1,1,4753,136,2021-01-12,5.1,7,1,0
45,9,4,1935,1185,1185,750,750,148995,126,2021-02-22,5.0,34,1,0
42,9,4,1453,957,957,496,496,111930,126,2021-02-19,5.0,34,1,0
43,16,5,603,296,296,307,307,962598,4368,2021-02-10,5.0,18,1,0
47,18,5,499,249,241,250,258,1533939,8568,2021-03-01,5.0,36,1,0
39,16,5,330,186,149,144,181,575757,4368,2021-02-18,5.0,11,1,0
27,14,6,248,147,132,101,116,296010,3003,2021-03-16,5.0,8,1,0
65,13,4,1924,1095,1095,829,829,677040,715,2021-04-21,4.9,14,1,0
64,13,4,1792,1034,1034,758,758,635376,715,2021-04-19,4.9,18,1,0
37,12,5,1367,679,679,688,688,435897,792,2021-04-10,4.9,24,1,0
37,16,6,1025,407,333,618,692,2324784,8008,2021-04-15,4.9,12,1,0
67,24,5,685,313,313,372,372,9657648,42504,2021-04-02,4.9,16,1,0
61,23,5,503,247,189,256,314,5949147,33649,2021-04-07,4.9,18,1,0
76,20,4,570,316,316,254,254,1282975,4845,2021-04-02,4.9,15,1,0
75,20,4,551,308,308,243,243,1215450,4845,2021-04-02,4.9,14,1,0
34,13,5,510,275,275,235,235,278256,1287,2021-04-14,4.9,14,1,0
74,20,4,508,285,285,223,223,1150626,4845,2021-04-02,4.9,13,1,0
63,24,5,458,242,179,216,279,7028847,42504,2021-04-02,4.9,16,1,0
73,20,4,486,278,278,208,208,1088430,4845,2021-04-02,4.9,15,1,0
62,24,5,423,228,174,195,249,6471002,42504,2021-04-02,4.9,3,1,0
72,20,4,451,270,270,181,181,1028790,4845,2021-04-02,4.9,17,1,0
71,20,4,424,249,210,175,214,971635,4845,2021-04-02,4.9,9,1,0
68,20,4,330,204,181,126,149,814385,4845,2021-04-02,4.9,14,1,0
59,8,3,737,613,613,124,124,32509,56,2021-04-08,4.9,8,1,0
65,20,4,285,166,156,119,129,677040,4845,2021-04-02,4.9,11,1,0
26,6,4,1152,1040,1040,112,112,14950,15,2021-03-28,4.9,8,1,0
67,20,4,311,201,178,110,133,766480,4845,2021-04-02,4.9,16,1,0
58,8,3,687,595,595,92,92,30856,56,2021-04-09,4.9,12,1,0
64,20,4,246,160,151,86,95,635376,4845,2021-04-02,4.9,11,1,0
54,17,4,242,159,150,83,92,316251,2380,2021-04-05,4.9,13,1,0
63,20,4,227,149,145,78,82,595665,4845,2021-04-02,4.9,11,1,0
61,20,4,210,138,138,72,72,521855,4845,2021-04-02,4.9,11,1,0
60,20,4,197,132,123,65,74,487635,4845,2021-04-07,4.9,7,1,0
45,15,4,166,132,132,34,34,148995,1365,2021-04-01,4.9,13,1,0
59,20,4,153,121,118,32,35,455126,4845,2021-03-28,4.9,16,1,0
50,18,4,131,100,98,31,33,230300,3060,2021-04-13,4.9,4,1,0
47,17,4,130,100,97,30,33,178365,2380,2021-04-05,4.9,14,1,0
54,20,4,122,92,71,30,51,316251,4845,2021-04-15,4.9,7,1,0
55,20,4,126,99,97,27,29,341055,4845,2021-03-28,4.9,9,1,0
58,20,4,141,114,114,27,27,424270,4845,2021-03-29,4.9,10,1,0
56,20,4,127,104,98,23,29,367290,4845,2021-03-27,4.9,10,1,0
33,13,6,1990,808,747,1182,1243,1107568,1716,2021-05-28,4.8,14,1,0
32,13,6,1582,714,663,868,919,906192,1716,2021-05-26,4.8,14,1,0
48,18,5,549,267,259,282,290,1712304,8568,2021-04-29,4.8,14,1,0
60,23,5,466,240,178,226,288,5461512,33649,2021-05-18,4.8,22,1,0
44,12,4,509,305,305,204,204,135751,495,2021-04-25,4.8,11,1,0
55,21,4,119,79,66,40,53,341055,5985,2021-04-29,4.8,5,1,0
53,20,4,119,88,67,31,52,292825,4845,2021-05-25,4.8,9,1,0
47,18,4,117,87,66,30,51,178365,3060,2021-05-04,4.8,8,1,0
37,15,4,100,72,60,28,40,66045,1365,2021-04-24,4.8,8,1,0
38,15,4,104,76,61,28,43,73815,1365,2021-04-25,4.8,7,1,0
57,20,4,135,112,112,23,23,395010,4845,2021-05-13,4.8,9,1,0
50,15,5,1842,864,864,978,978,2118760,3003,2021-07-01,4.7,11,1,0
20,11,8,1658,1017,1017,641,641,125970,165,2021-06-18,4.7,14,1,0
46,11,4,967,565,565,402,402,163185,330,2021-07-01,4.7,22,1,0
19,11,8,895,614,482,281,413,75582,165,2021-06-01,4.7,14,1,0
47,12,4,577,427,380,150,197,178365,495,2021-06-30,4.7,6,1,0
30,18,7,200,112,79,88,121,2035800,31824,2021-06-08,4.7,5,1,0
23,16,8,142,77,62,65,80,490314,12870,2021-06-24,4.7,9,1,0
52,20,4,117,78,65,39,52,270725,4845,2021-06-18,4.7,5,1,0
23,16,7,74,45,36,29,38,245157,11440,2021-06-22,4.7,3,1,0
55,18,5,1147,486,459,661,688,3478761,8568,2021-07-11,4.6,12,1,0
53,18,5,900,407,407,493,493,2869685,8568,2021-08-02,4.6,12,1,0
51,18,5,777,343,335,434,442,2349060,8568,2021-07-30,4.6,7,1,0
45,11,4,880,524,524,356,356,148995,330,2021-07-10,4.6,28,1,0
42,20,6,446,196,196,250,250,5245786,38760,2021-08-09,4.6,10,1,0
99,14,3,611,481,481,130,130,156849,364,2021-08-02,4.6,9,1,0
48,21,5,236,135,108,101,128,1712304,20349,2021-08-06,4.6,10,1,0
49,24,5,108,68,66,40,42,1906884,42504,2021-08-01,4.6,7,1,0
44,15,4,162,127,118,35,44,135751,1365,2021-07-26,4.6,11,1,0
43,15,4,155,121,112,34,43,123410,1365,2021-07-29,4.6,9,1,0
42,15,4,142,110,110,32,32,111930,1365,2021-07-30,4.6,11,1,0
36,14,4,108,85,65,23,43,58905,1001,2021-07-06,4.6,6,1,0
43,24,5,60,40,27,20,33,962598,42504,2021-08-11,4.6,4,1,0
29,16,8,1359,499,448,860,911,4292145,12870,2021-09-02,4.5,10,1,0
24,13,8,1510,807,645,703,865,735471,1287,2021-09-09,4.5,16,1,0
28,16,8,865,342,342,523,523,3108105,12870,2021-08-30,4.5,6,1,0
37,8,4,1483,976,976,507,507,66045,70,2021-08-30,4.5,12,1,0
45,20,6,809,313,252,496,557,8145060,38760,2021-08-12,4.5,10,1,0
27,16,8,586,264,264,322,322,2220075,12870,2021-09-02,4.5,8,1,0
64,10,3,433,372,359,61,74,41664,120,2021-08-15,4.5,10,1,0
46,23,5,92,64,62,28,30,1370754,33649,2021-08-12,4.5,14,1,0
26,14,8,1599,708,630,891,969,1562275,3003,2021-10-06,4.4,15,1,0
25,14,8,1091,538,483,553,608,1081575,3003,2021-10-09,4.4,16,1,0
49,11,4,1233,731,686,502,547,211876,330,2021-09-17,4.4,33,1,0
79,18,4,992,589,589,403,403,1502501,3060,2021-09-18,4.4,9,1,0
58,21,5,683,310,310,373,373,4582116,20349,2021-10-12,4.4,23,1,0
49,18,5,635,303,303,332,332,1906884,8568,2021-09-26,4.4,28,1,0
37,18,6,379,183,183,196,196,2324784,18564,2021-09-24,4.4,10,1,0
35,18,6,250,125,121,125,129,1623160,18564,2021-10-04,4.4,10,1,0
38,5,3,942,845,844,97,98,8436,10,2021-10-18,4.4,8,1,0
42,14,4,214,135,135,79,79,111930,1001,2021-10-19,4.4,11,1,0
36,17,7,1906,623,507,1283,1399,8347680,19448,2021-11-06,4.3,11,1,0
40,16,6,1830,618,618,1212,1212,3838380,8008,2021-11-09,4.3,9,1,0
57,17,5,1926,869,869,1057,1057,4187106,6188,2021-11-15,4.3,17,1,0
35,17,7,1487,497,447,990,1040,6724520,19448,2021-11-06,4.3,11,1,0
33,16,7,1390,570,462,820,928,4272048,11440,2021-11-13,4.3,9,1,0
55,11,4,1971,1165,1135,806,836,341055,330,2021-11-16,4.3,36,1,0
43,18,6,1267,487,368,780,899,6096454,18564,2021-11-09,4.3,25,1,0
34,17,7,1152,418,380,734,772,5379616,19448,2021-11-09,4.3,9,1,0
53,17,5,1247,559,518,688,729,2869685,6188,2021-11-13,4.3,12,1,0
33,17,7,849,300,284,549,565,4272048,19448,2021-11-07,4.3,7,1,0
57,20,5,848,362,337,486,511,4187106,15504,2021-11-10,4.3,16,1,0
46,17,5,654,298,298,356,356,1370754,6188,2021-11-12,4.3,19,1,0
41,20,6,399,171,152,228,247,4496388,38760,2021-10-24,4.3,8,1,0
33,16,6,416,209,190,207,226,1107568,8008,2021-11-18,4.3,8,1,0
52,15,4,398,254,254,144,144,270725,1365,2021-11-18,4.3,17,1,0
15,8,7,968,919,919,49,49,6435,8,2021-11-17,4.3,5,1,0
62,19,5,1777,709,588,1068,1189,6471002,11628,2022-01-04,4.2,22,1,0
60,19,5,1536,572,540,964,996,5461512,11628,2021-12-25,4.2,15,1,0
32,10,5,1624,916,874,708,750,201376,252,2021-12-31,4.2,23,1,0
57,19,5,1082,432,432,650,650,4187106,11628,2021-12-16,4.2,11,1,0
56,19,5,974,407,407,567,567,3819816,11628,2021-12-16,4.2,16,1,0
42,21,6,321,140,140,181,181,5245786,54264,2021-12-20,4.2,18,1,0
58,23,5,362,197,159,165,203,4582116,33649,2021-11-30,4.2,16,1,0
34,17,6,318,162,146,156,172,1344904,12376,2021-12-09,4.2,14,1,0
24,15,8,334,191,175,143,159,735471,6435,2021-12-14,4.2,14,1,0
41,21,6,263,126,122,137,141,4496388,54264,2021-12-16,4.2,15,1,0
16,9,8,1757,1634,1634,123,123,12870,9,2021-12-01,4.2,6,1,0
40,21,6,226,113,113,113,113,3838380,54264,2021-12-14,4.2,16,1,0
53,23,5,225,120,111,105,114,2869685,33649,2021-11-29,4.2,9,1,0
49,22,5,195,114,98,81,97,1906884,26334,2021-11-29,4.2,14,1,0
55,24,5,198,120,108,78,90,3478761,42504,2021-11-29,4.2,7,1,0
43,23,6,181,105,101,76,80,6096454,100947,2021-12-16,4.2,11,1,0
39,22,6,126,75,50,51,76,3262623,74613,2021-12-17,4.2,13,1,0
42,24,6,118,70,48,48,70,5245786,134596,2021-12-26,4.2,7,1,0
38,21,6,133,91,78,42,55,2760681,54264,2021-12-09,4.2,15,1,0
38,22,6,100,68,47,32,53,2760681,74613,2021-12-24,4.2,3,1,0
30,18,6,90,59,40,31,50,593775,18564,2021-12-13,4.2,4,1,0
46,20,6,963,350,286,613,677,9366819,38760,2022-01-28,4.1,21,1,0
48,11,4,1159,681,638,478,521,194580,330,2022-01-25,4.1,26,1,0
42,16,5,517,273,252,244,265,850668,4368,2022-01-25,4.1,13,1,0
39,21,6,168,101,101,67,67,3262623,54264,2022-01-05,4.1,18,1,0
40,14,4,154,112,112,42,42,91390,1001,2022-01-22,4.1,8,1,0
59,12,3,198,168,158,30,40,32509,220,2022-02-09,4.1,13,1,0
89,12,2,67,63,60,4,7,3916,66,2022-02-05,4.1,6,1,0
88,18,4,1597,851,827,746,770,2331890,3060,2022-03-02,4.0,12,1,0
53,11,4,1700,1003,1003,697,697,292825,330,2022-02-15,4.0,45,1,0
40,17,6,1112,438,351,674,761,3838380,12376,2022-02-25,4.0,14,1,0
51,11,4,1497,835,765,662,732,249900,330,2022-02-22,4.0,32,1,0
42,14,5,1182,540,474,642,708,850668,2002,2022-03-07,4.0,28,1,0
50,11,4,1375,782,714,593,661,230300,330,2022-02-22,4.0,47,1,0
35,18,7,863,315,284,548,579,6724520,31824,2022-02-17,4.0,10,1,0
35,15,6,1012,467,348,545,664,1623160,5005,2022-03-07,4.0,8,1,0
26,15,8,821,358,335,463,486,1562275,6435,2022-02-10,4.0,15,1,0
37,17,6,600,290,231,310,369,2324784,12376,2022-03-13,4.0,9,1,0
39,18,6,538,273,230,265,308,3262623,18564,2022-03-07,4.0,9,1,0
42,11,4,646,394,363,252,283,111930,330,2022-03-17,4.0,20,1,0
58,6,3,1798,1547,1547,251,251,30856,20,2022-03-02,4.0,14,1,0
57,6,3,1704,1492,1492,212,212,29260,20,2022-02-25,4.0,9,1,0
45,19,5,288,152,124,136,164,1221759,11628,2022-03-15,4.0,18,1,0
52,6,3,1283,1153,1153,130,130,22100,20,2022-02-25,4.0,4,1,0
55,6,3,1523,1394,1394,129,129,26235,20,2022-02-24,4.0,11,1,0
45,6,3,851,728,728,123,123,14190,20,2022-02-24,4.0,7,1,0
50,6,3,1093,984,984,109,109,19600,20,2022-02-28,4.0,11,1,0
51,6,3,1207,1105,1105,102,102,20825,20,2022-03-07,4.0,9,1,0
49,6,3,1042,948,948,94,94,18424,20,2022-02-23,4.0,8,1,0
63,11,3,348,264,252,84,96,39711,165,2022-03-16,4.0,12,1,0
64,11,3,357,274,262,83,95,41664,165,2022-03-17,4.0,12,1,0
50,9,3,326,245,239,81,87,19600,84,2022-03-10,4.0,7,1,0
74,12,3,412,333,333,79,79,64824,220,2022-02-10,4.0,4,1,0
47,6,3,946,870,870,76,76,16215,20,2022-03-02,4.0,6,1,0
71,13,3,299,224,224,75,75,57155,286,2022-03-13,4.0,15,1,0
42,20,5,143,78,74,65,69,850668,15504,2022-03-15,4.0,2,1,0
52,9,3,345,295,295,50,50,22100,84,2022-03-08,4.0,8,1,0
37,21,6,118,74,48,44,70,2324784,54264,2022-02-10,4.0,8,1,0
66,13,3,218,183,168,35,50,45760,286,2022-03-04,4.0,12,1,0
65,13,3,206,175,160,31,46,43680,286,2022-03-14,4.0,14,1,0
58,12,3,195,165,155,30,40,30856,220,2022-03-10,4.0,9,1,0
64,13,3,198,168,158,30,40,41664,286,2022-03-14,4.0,9,1,0
55,22,4,102,73,53,29,49,341055,7315,2022-02-10,4.0,5,1,0
36,15,4,77,60,48,17,29,58905,1365,2022-02-10,4.0,5,1,0
36,18,7,1056,372,372,684,684,8347680,31824,2022-04-11,3.9,8,1,0
50,17,5,853,406,406,447,447,2118760,6188,2022-04-06,3.9,7,1,0
67,15,4,999,635,635,364,364,766480,1365,2022-04-04,3.9,10,1,0
67,16,4,818,499,444,319,374,766480,1820,2022-04-04,3.9,8,1,0
49,19,5,454,235,173,219,281,1906884,11628,2022-04-04,3.9,28,1,0
57,16,4,469,268,268,201,201,395010,1820,2022-04-08,3.9,9,1,0
59,6,3,1908,1711,1711,197,197,32509,20,2022-03-23,3.9,17,1,0
39,11,4,462,284,284,178,178,82251,330,2022-03-27,3.9,16,1,0
44,18,5,338,181,150,157,188,1086008,8568,2022-04-11,3.9,28,1,0
33,14,5,274,170,142,104,132,237336,2002,2022-04-09,3.9,17,1,0
70,12,3,371,275,257,96,114,54740,220,2022-04-23,3.9,5,1,0
65,11,3,377,284,266,93,111,43680,165,2022-03-25,3.9,11,1,0
70,11,3,448,363,357,85,91,54740,165,2022-04-11,3.9,12,1,0
48,6,3,987,904,904,83,83,17296,20,2022-04-08,3.9,7,1,0
51,9,3,334,255,250,79,84,20825,84,2022-04-05,3.9,4,1,0
62,20,4,218,140,140,78,78,557845,4845,2022-04-15,3.9,9,1,0
36,13,4,147,106,106,41,41,58905,715,2022-04-11,3.9,6,1,0
52,11,3,188,156,147,32,41,22100,165,2022-04-01,3.9,6,1,0
65,24,4,124,93,71,31,53,677040,10626,2022-04-08,3.9,11,1,0
49,18,4,126,96,93,30,33,211876,3060,2022-04-14,3.9,9,1,0
65,15,3,144,117,100,27,44,43680,455,2022-04-23,3.9,7,1,0
45,18,4,100,73,60,27,40,148995,3060,2022-04-11,3.9,7,1,0
39,15,4,108,86,65,22,43,82251,1365,2022-04-14,3.9,10,1,0
61,15,3,109,90,90,19,19,35990,455,2022-04-18,3.9,7,1,0
37,17,4,58,40,35,18,23,66045,2380,2022-04-15,3.9,5,1,0
40,18,4,60,43,43,17,17,91390,3060,2022-04-06,3.9,4,1,0
39,18,4,55,39,35,16,20,82251,3060,2022-04-23,3.9,8,1,0
41,19,4,53,37,35,16,18,101270,3876,2022-04-13,3.9,11,1,0
30,13,4,73,58,47,15,26,27405,715,2022-04-09,3.9,5,1,0
44,11,3,110,96,88,14,22,13244,165,2022-04-09,3.9,9,1,0
57,18,3,53,45,45,8,8,29260,816,2022-03-31,3.9,3,1,0
38,18,4,41,34,34,7,7,73815,3060,2022-04-05,3.9,4,1,0
56,18,3,49,44,41,5,8,27720,816,2022-04-08,3.9,6,1,0
39,18,3,19,16,16,3,3,9139,816,2022-04-08,3.9,3,1,0
61,19,5,1611,633,569,978,1042,5949147,11628,2022-05-21,3.8,22,1,0
30,12,6,1660,728,725,932,935,593775,924,2022-05-18,3.8,27,1,0
55,17,5,1571,699,580,872,991,3478761,6188,2022-05-13,3.8,16,1,0
33,10,5,1935,1093,1010,842,925,237336,252,2022-05-18,3.8,10,1,0
45,19,6,1194,429,356,765,838,8145060,27132,2022-05-13,3.8,27,1,0
54,17,5,1428,664,550,764,878,3162510,6188,2022-05-29,3.8,16,1,0
52,11,4,1572,941,941,631,631,270725,330,2022-05-13,3.8,31,1,0
44,19,6,1008,399,290,609,718,7059052,27132,2022-05-10,3.8,17,1,0
43,19,6,812,324,261,488,551,6096454,27132,2022-05-16,3.8,16,1,0
47,11,4,1037,633,590,404,447,178365,330,2022-05-13,3.8,36,1,0
52,19,5,663,304,304,359,359,2598960,11628,2022-05-01,3.8,30,1,0
70,7,3,1968,1610,1610,358,358,54740,35,2022-05-13,3.8,16,1,0
41,19,6,551,246,212,305,339,4496388,27132,2022-05-10,3.8,7,1,0
54,14,4,604,363,348,241,256,316251,1001,2022-04-27,3.8,9,1,0
98,13,3,774,573,551,201,223,152096,286,2022-05-11,3.8,26,1,0
48,19,5,417,220,167,197,250,1712304,11628,2022-05-24,3.8,23,1,0
89,12,3,728,549,534,179,194,113564,220,2022-05-24,3.8,9,1,0
90,12,3,735,563,548,172,187,117480,220,2022-05-24,3.8,11,1,0
88,12,3,707,536,528,171,179,109736,220,2022-05-12,3.8,10,1,0
92,12,3,752,591,575,161,177,125580,220,2022-05-17,3.8,8,1,0
90,13,3,574,437,416,137,158,117480,286,2022-05-11,3.8,15,1,0
92,13,3,624,489,489,135,135,125580,286,2022-05-11,3.8,22,1,0
89,13,3,559,425,404,134,155,113564,286,2022-05-11,3.8,16,1,0
44,23,6,239,113,113,126,126,7059052,100947,2022-05-19,3.8,18,1,0
66,20,4,299,182,172,117,127,720720,4845,2022-05-11,3.8,10,1,0
93,12,3,767,651,651,116,116,129766,220,2022-05-13,3.8,10,1,0
44,19,5,255,139,112,116,143,1086008,11628,2022-05-13,3.8,25,1,0
86,13,3,506,391,378,115,128,102340,286,2022-05-11,3.8,15,1,0
85,13,3,500,386,367,114,133,98770,286,2022-05-11,3.8,14,1,0
98,12,3,846,735,727,111,119,152096,220,2022-05-20,3.8,8,1,0
94,12,3,779,674,666,105,113,134044,220,2022-05-13,3.8,11,1,0
45,20,5,217,115,106,102,111,1221759,15504,2022-05-24,3.8,12,1,0
43,14,4,238,151,142,87,96,123410,1001,2022-05-13,3.8,10,1,0
94,11,3,964,881,881,83,83,134044,165,2022-04-27,3.8,17,1,0
46,21,5,187,106,95,81,92,1370754,20349,2022-05-24,3.8,10,1,0
49,16,4,209,138,138,71,71,211876,1820,2022-05-04,3.8,12,1,0
42,23,6,147,94,79,53,68,5245786,100947,2022-05-04,3.8,12,1,0
35,13,4,132,100,92,32,40,52360,715,2022-05-17,3.8,14,1,0
40,15,4,121,91,91,30,30,91390,1365,2022-05-13,3.8,13,1,0
35,14,4,100,73,60,27,40,52360,1001,2022-04-27,3.8,9,1,0
63,15,3,123,101,97,22,26,39711,455,2022-04-25,3.8,6,1,0
34,19,5,58,40,27,18,31,278256,11628,2022-04-27,3.8,7,1,0
62,15,3,113,96,91,17,22,37820,455,2022-04-28,3.8,6,1,0
96,9,2,136,128,128,8,8,4560,36,2022-04-29,3.8,7,1,0
95,9,2,132,127,127,5,5,4465,36,2022-04-26,3.8,6,1,0
92,9,2,127,123,123,4,4,4186,36,2022-04-24,3.8,12,1,0
93,9,2,128,124,124,4,4,4278,36,2022-04-27,3.8,11,1,0
94,9,2,130,126,126,4,4,4371,36,2022-04-26,3.8,8,1,0
82,11,2,69,68,68,1,1,3321,55,2022-04-26,3.8,9,1,0
39,13,5,1179,552,486,627,693,575757,1287,2022-06-19,3.7,24,1,0
55,13,4,853,555,555,298,298,341055,715,2022-07-04,3.7,20,1,0
51,12,4,875,583,583,292,292,249900,495,2022-06-25,3.7,10,1,0
54,13,4,765,536,536,229,229,316251,715,2022-06-27,3.7,16,1,0
69,8,3,1213,1010,1010,203,203,52394,56,2022-06-16,3.7,16,1,0
70,8,3,1240,1042,1042,198,198,54740,56,2022-06-16,3.7,17,1,0
60,8,3,786,638,638,148,148,34220,56,2022-07-04,3.7,9,1,0
63,8,3,912,772,772,140,140,39711,56,2022-06-22,3.7,11,1,0
70,21,4,319,187,174,132,145,916895,5985,2022-06-22,3.7,11,1,0
92,24,4,432,322,322,110,110,2794155,10626,2022-06-22,3.7,22,1,0
61,11,3,322,244,233,78,89,35990,165,2022-07-05,3.7,10,1,0
48,9,3,294,224,224,70,70,17296,84,2022-06-25,3.7,11,1,0
75,15,4,1810,1005,900,805,910,1215450,1365,2022-07-19,3.6,14,1,0
77,16,4,1628,857,809,771,819,1353275,1820,2022-07-19,3.6,21,1,0
64,21,5,1206,455,442,751,764,7624512,20349,2022-07-19,3.6,25,1,0
76,16,4,1533,784,760,749,773,1282975,1820,2022-07-19,3.6,22,1,0
47,10,4,1573,964,964,609,609,178365,210,2022-07-26,3.6,20,1,0
65,22,5,960,408,408,552,552,8259888,26334,2022-07-19,3.6,14,1,0
57,13,4,1015,615,614,400,401,395010,715,2022-08-02,3.6,18,1,0
56,13,4,936,595,595,341,341,367290,715,2022-07-08,3.6,18,1,0
66,24,5,624,289,273,335,351,8936928,42504,2022-07-19,3.6,10,1,0
77,8,3,1680,1367,1367,313,313,73150,56,2022-07-14,3.6,16,1,0
78,8,3,1703,1395,1395,308,308,76076,56,2022-07-14,3.6,17,1,0
81,8,3,1921,1620,1620,301,301,85320,56,2022-07-14,3.6,15,1,0
97,24,4,562,376,372,186,190,3464840,10626,2022-08-07,3.6,14,1,0
95,13,3,712,534,519,178,193,138415,286,2022-07-19,3.6,21,1,0
59,17,4,403,240,202,163,201,455126,2380,2022-07-19,3.6,15,1,0
84,24,4,390,228,193,162,197,1929501,10626,2022-07-26,3.6,10,1,0
26,13,6,343,192,176,151,167,230230,1716,2022-08-03,3.6,19,1,0
86,24,4,405,255,215,150,190,2123555,10626,2022-07-28,3.6,27,1,0
93,13,3,638,494,494,144,144,129766,286,2022-07-19,3.6,20,1,0
88,24,4,418,283,279,135,139,2331890,10626,2022-08-03,3.6,15,1,0
89,24,4,421,290,286,131,135,2441626,10626,2022-07-25,3.6,19,1,0
90,24,4,424,297,293,127,131,2555190,10626,2022-07-10,3.6,14,1,0
91,24,4,428,315,315,113,113,2672670,10626,2022-07-08,3.6,14,1,0
93,24,4,440,330,326,110,114,2919735,10626,2022-08-10,3.6,10,1,0
60,18,4,302,197,177,105,125,487635,3060,2022-07-19,3.6,9,1,0
94,24,4,442,337,333,105,109,3049501,10626,2022-07-20,3.6,10,1,0
29,15,6,242,140,132,102,110,475020,5005,2022-07-23,3.6,18,1,0
33,17,6,224,124,121,100,103,1107568,12376,2022-07-14,3.6,8,1,0
25,13,6,229,139,131,90,98,177100,1716,2022-07-24,3.6,13,1,0
71,11,3,459,375,362,84,97,57155,165,2022-07-14,3.6,13,1,0
72,11,3,467,387,374,80,93,59640,165,2022-07-14,3.6,17,1,0
96,24,4,448,368,364,80,84,3321960,10626,2022-08-09,3.6,4,1,0
62,10,3,402,341,341,61,61,37820,120,2022-08-01,3.6,11,1,0
60,9,3,492,447,447,45,45,34220,84,2022-07-28,3.6,10,1,0
57,9,3,398,355,355,43,43,29260,84,2022-07-31,3.6,11,1,0
58,9,3,410,368,368,42,42,30856,84,2022-07-26,3.6,15,1,0
51,11,3,181,140,140,41,41,20825,165,2022-07-14,3.6,9,1,0
38,14,4,136,95,95,41,41,73815,1001,2022-08-06,3.6,6,1,0
39,14,4,144,106,106,38,38,82251,1001,2022-08-06,3.6,13,1,0
59,9,3,465,433,433,32,32,32509,84,2022-07-31,3.6,13,1,0
60,12,3,206,175,165,31,41,34220,220,2022-07-23,3.6,7,1,0
53,11,3,194,164,155,30,39,23426,165,2022-07-25,3.6,6,1,0
54,12,3,161,131,131,30,30,24804,220,2022-07-13,3.6,10,1,0
55,12,3,168,138,138,30,30,26235,220,2022-07-13,3.6,9,1,0
54,11,3,200,172,158,28,42,24804,165,2022-07-14,3.6,5,1,0
51,18,4,133,111,111,22,22,249900,3060,2022-08-09,3.6,10,1,0
56,14,3,103,88,88,15,15,27720,364,2022-07-12,3.6,5,1,0
47,14,3,67,54,51,13,16,16215,364,2022-07-10,3.6,6,1,0
46,14,3,62,50,46,12,16,15180,364,2022-07-10,3.6,6,1,0
94,19,4,1861,896,846,965,1015,3049501,3876,2022-08-30,3.5,22,1,0
46,19,6,1396,521,395,875,1001,9366819,27132,2022-09-07,3.5,24,1,0
63,13,4,1669,931,853,738,816,595665,715,2022-08-26,3.5,20,1,0
62,13,4,1530,873,802,657,728,557845,715,2022-09-07,3.5,21,1,0
60,13,4,1318,776,730,542,588,487635,715,2022-08-22,3.5,19,1,0
59,13,4,1223,749,704,474,519,455126,715,2022-08-26,3.5,23,1,0
32,15,6,534,276,224,258,310,906192,5005,2022-08-18,3.5,17,1,0
62,8,3,893,682,682,211,211,37820,56,2022-09-05,3.5,11,1,0
98,24,4,584,384,380,200,204,3612280,10626,2022-08-17,3.5,12,1,0
56,14,4,639,440,392,199,247,367290,1001,2022-08-17,3.5,6,1,0
99,24,4,603,405,405,198,198,3764376,10626,2022-08-17,3.5,7,1,0
87,24,4,410,261,218,149,192,2225895,10626,2022-08-25,3.5,27,1,0
96,11,3,1042,917,917,125,125,142880,165,2022-09-16,3.5,19,1,0
88,13,3,539,420,393,119,146,109736,286,2022-08-21,3.5,18,1,0
94,14,3,516,403,390,113,126,134044,364,2022-09-10,3.5,11,1,0
95,24,4,445,357,357,88,88,3183545,10626,2022-08-22,3.5,6,1,0
94,19,3,180,154,154,26,26,134044,969,2022-08-27,3.5,13,1,0
64,20,5,1596,596,554,1000,1042,7624512,15504,2022-09-27,3.4,12,1,0
67,21,5,1541,581,549,960,992,9657648,20349,2022-10-11,3.4,25,1,0
44,18,6,1474,541,409,933,1065,7059052,18564,2022-10-12,3.4,14,1,0
63,20,5,1464,567,527,897,937,7028847,15504,2022-09-27,3.4,19,1,0
67,14,4,1591,876,804,715,787,766480,1001,2022-09-29,3.4,8,1,0
61,21,5,901,384,358,517,543,5949147,20349,2022-09-29,3.4,28,1,0
62,14,4,1074,625,625,449,449,557845,1001,2022-09-29,3.4,13,1,0
53,19,5,735,324,316,411,419,2869685,11628,2022-09-25,3.4,24,1,0
42,19,6,685,299,244,386,441,5245786,27132,2022-10-12,3.4,17,1,0
43,11,4,703,430,380,273,323,123410,330,2022-10-19,3.4,22,1,0
43,17,5,429,221,167,208,262,962598,6188,2022-10-22,3.4,20,1,0
55,22,5,380,195,155,185,225,3478761,26334,2022-09-23,3.4,11,1,0
56,16,4,406,259,259,147,147,367290,1820,2022-10-11,3.4,8,1,0
62,21,4,177,122,119,55,58,557845,5985,2022-10-21,3.4,9,1,0
43,13,5,1835,870,870,965,965,962598,1287,2022-11-08,3.3,22,1,0
36,11,5,1874,963,917,911,957,376992,462,2022-11-02,3.3,37,1,0
35,11,5,1581,802,802,779,779,324632,462,2022-11-02,3.3,14,1,0
36,19,7,688,237,230,451,458,8347680,50388,2022-11-13,3.3,15,1,0
46,21,6,676,252,233,424,443,9366819,54264,2022-11-25,3.3,8,1,0
38,17,6,705,314,249,391,456,2760681,12376,2022-11-02,3.3,11,1,0
40,15,5,613,283,283,330,330,658008,3003,2022-11-16,3.3,16,1,0
45,21,6,528,228,204,300,324,8145060,54264,2022-11-14,3.3,15,1,0
90,23,4,614,337,333,277,281,2555190,8855,2022-11-04,3.3,18,1,0
44,21,6,456,191,191,265,265,7059052,54264,2022-11-04,3.3,8,1,0
36,17,6,494,233,206,261,288,1947792,12376,2022-11-23,3.3,10,1,0
44,17,5,500,246,239,254,261,1086008,6188,2022-11-22,3.3,24,1,0
99,11,3,1213,972,972,241,241,156849,165,2022-11-15,3.3,20,1,0
43,21,6,398,160,152,238,246,6096454,54264,2022-11-04,3.3,10,1,0
34,19,7,413,176,176,237,237,5379616,50388,2022-11-23,3.3,4,1,0
99,13,3,789,587,564,202,225,156849,286,2022-11-15,3.3,12,1,0
51,13,4,597,412,377,185,220,249900,715,2022-11-26,3.3,32,1,0
91,12,3,740,577,562,163,178,121485,220,2022-11-22,3.3,11,1,0
18,10,7,498,355,279,143,219,31824,120,2022-10-28,3.3,16,1,0
46,24,6,231,114,114,117,117,9366819,134596,2022-11-06,3.3,12,1,0
99,12,3,859,751,743,108,116,156849,220,2022-11-15,3.3,9,1,0
87,13,3,511,409,389,102,122,105995,286,2022-11-09,3.3,23,1,0
94,15,3,433,339,339,94,94,134044,455,2022-11-15,3.3,13,1,0
66,21,4,233,145,145,88,88,720720,5985,2022-10-29,3.3,8,1,0
63,21,4,202,126,123,76,79,595665,5985,2022-11-04,3.3,11,1,0
65,21,4,216,140,140,76,76,677040,5985,2022-11-17,3.3,12,1,0
64,21,4,210,138,138,72,72,635376,5985,2022-11-06,3.3,9,1,0
41,14,4,186,118,118,68,68,101270,1001,2022-11-10,3.3,12,1,0
56,21,4,121,88,67,33,54,367290,5985,2022-11-23,3.3,11,1,0
57,21,4,123,93,71,30,52,395010,5985,2022-11-05,3.3,10,1,0
60,21,4,140,112,112,28,28,487635,5985,2022-10-25,3.3,12,1,0
37,14,4,117,90,90,27,27,66045,1001,2022-11-10,3.3,5,1,0
40,19,4,47,34,34,13,13,91390,3876,2022-10-24,3.3,7,1,0
60,16,3,83,75,75,8,8,34220,560,2022-10-27,3.3,5,1,0
53,16,5,1673,842,842,831,831,2869685,4368,2022-12-08,3.2,24,1,0
37,13,5,832,410,385,422,447,435897,1287,2022-12-11,3.2,18,1,0
32,17,7,625,249,249,376,376,3365856,19448,2022-12-12,3.2,9,1,0
35,13,5,627,321,299,306,328,324632,1287,2022-11-30,3.2,12,1,0
49,13,4,561,332,332,229,229,211876,715,2022-12-03,3.2,18,1,0
46,18,5,454,225,172,229,282,1370754,8568,2022-12-05,3.2,9,1,0
50,13,4,577,378,347,199,230,230300,715,2022-12-03,3.2,32,1,0
43,22,6,278,126,122,152,156,6096454,74613,2022-12-06,3.2,16,1,0
41,17,5,315,177,145,138,170,749398,6188,2022-11-30,3.2,11,1,0
43,18,5,299,172,125,127,174,962598,8568,2022-12-05,3.2,16,1,0
40,17,5,275,163,123,112,152,658008,6188,2022-12-10,3.2,17,1,0
39,18,5,155,102,94,53,61,575757,8568,2022-12-01,3.2,14,1,0
5,3,2,4,4,4,0,0,10,3,1996-11-14,29.3,1,0,0
6,3,2,6,6,6,0,0,15,3,1996-11-14,29.3,1,0,0
7,3,2,7,7,7,0,0,21,3,1996-11-14,29.3,1,0,0
8,3,2,11,11,11,0,0,28,3,1996-11-14,29.3,1,0,0
9,3,2,12,12,12,0,0,36,3,1996-11-14,29.3,1,0,0
10,3,2,17,17,17,0,0,45,3,1996-11-14,29.3,1,0,0
14,3,2,33,33,33,0,0,91,3,1996-11-14,29.3,1,0,0
15,3,2,35,35,35,0,0,105,3,1996-11-14,29.3,1,0,0
16,3,2,43,43,43,0,0,120,3,1996-11-14,29.3,1,0,0
19,3,2,57,57,57,0,0,171,3,1996-11-14,29.3,1,0,0
20,3,2,67,67,67,0,0,190,3,1996-11-14,29.3,1,0,0
21,3,2,70,70,70,0,0,210,3,1996-11-14,29.3,1,0,0
22,3,2,81,81,81,0,0,231,3,1996-11-14,29.3,1,0,0
23,3,2,85,85,85,0,0,253,3,1996-11-14,29.3,1,0,0
24,3,2,96,96,96,0,0,276,3,1996-11-14,29.3,1,0,0
25,3,2,100,100,100,0,0,300,3,1996-11-14,29.3,1,0,0
26,3,2,113,113,113,0,0,325,3,1996-11-14,29.3,1,0,0
27,3,2,117,117,117,0,0,351,3,1996-11-14,29.3,1,0,0
28,3,2,131,131,131,0,0,378,3,1996-11-14,29.3,1,0,0
29,3,2,136,136,136,0,0,406,3,1996-11-14,29.3,1,0,0
30,3,2,150,150,150,0,0,435,3,1996-11-14,29.3,1,0,0
31,3,2,155,155,155,0,0,465,3,1996-11-14,29.3,1,0,0
32,3,2,171,171,171,0,0,496,3,1996-11-14,29.3,1,0,0
5,4,2,3,3,3,0,0,10,6,1996-11-14,29.3,1,0,0
6,4,2,3,3,3,0,0,15,6,1996-11-14,29.3,1,0,0
7,4,2,5,5,4,0,1,21,6,1996-11-14,29.3,1,0,0
8,4,2,6,6,6,0,0,28,6,1996-11-14,29.3,1,0,0
9,4,2,8,8,7,0,1,36,6,1996-11-14,29.3,1,0,0
10,4,2,9,9,8,0,1,45,6,1996-11-14,29.3,1,0,0
11,4,2,11,11,11,0,0,55,6,1996-11-14,29.3,1,0,0
12,4,2,12,12,12,0,0,66,6,1996-11-14,29.3,1,0,0
13,4,2,13,13,13,0,0,78,6,1996-11-14,29.3,1,0,0
14,4,2,18,18,18,0,0,91,6,1996-11-14,29.3,1,0,0
16,4,2,20,20,20,0,0,120,6,1996-11-14,29.3,1,0,0
18,4,2,27,27,27,0,0,153,6,1996-11-14,29.3,1,0,0
19,4,2,31,31,29,0,2,171,6,1996-11-14,29.3,1,0,0
21,4,2,37,37,37,0,0,210,6,1996-11-14,29.3,1,0,0
22,4,2,39,39,39,0,0,231,6,1996-11-14,29.3,1,0,0
23,4,2,46,46,46,0,0,253,6,1996-11-14,29.3,1,0,0
24,4,2,48,48,48,0,0,276,6,1996-11-14,29.3,1,0,0
25,4,2,50,50,50,0,0,300,6,1996-11-14,29.3,1,0,0
26,4,2,59,59,59,0,0,325,6,1996-11-14,29.3,1,0,0
27,4,2,61,61,61,0,0,351,6,1996-11-14,29.3,1,0,0
28,4,2,63,63,63,0,0,378,6,1996-11-14,29.3,1,0,0
29,4,2,73,73,73,0,0,406,6,1996-11-14,29.3,1,0,0
30,4,2,75,75,75,0,0,435,6,1996-11-14,29.3,1,0,0
31,4,2,78,78,78,0,0,465,6,1996-11-14,29.3,1,0,0
32,4,2,88,88,88,0,0,496,6,1996-11-14,29.3,1,0,0
6,5,2,3,3,3,0,0,15,10,1996-11-14,29.3,1,0,0
7,5,2,3,3,3,0,0,21,10,1996-11-14,29.3,1,0,0
8,5,2,4,4,4,0,0,28,10,1996-11-14,29.3,1,0,0
9,5,2,5,5,4,0,1,36,10,1996-11-14,29.3,1,0,0
10,5,2,6,6,6,0,0,45,10,1996-11-14,29.3,1,0,0
13,5,2,10,10,8,0,2,78,10,1996-11-14,29.3,1,0,0
14,5,2,12,12,12,0,0,91,10,1996-11-14,29.3,1,0,0
18,5,2,18,18,18,0,0,153,10,1996-11-14,29.3,1,0,0
19,5,2,19,19,19,0,0,171,10,1996-11-14,29.3,1,0,0
21,5,2,21,21,21,0,0,210,10,1996-11-14,29.3,1,0,0
22,5,2,27,27,27,0,0,231,10,1996-11-14,29.3,1,0,0
23,5,2,28,28,28,0,0,253,10,1996-11-14,29.3,1,0,0
24,5,2,30,30,29,0,1,276,10,1996-11-14,29.3,1,0,0
25,5,2,30,30,30,0,0,300,10,1996-11-14,29.3,1,0,0
26,5,2,37,37,37,0,0,325,10,1996-11-14,29.3,1,0,0
27,5,2,38,38,38,0,0,351,10,1996-11-14,29.3,1,0,0
30,5,2,48,48,48,0,0,435,10,1996-11-14,29.3,1,0,0
31,5,2,50,50,50,0,0,465,10,1996-11-14,29.3,1,0,0
7,6,2,3,3,3,0,0,21,15,1996-11-14,29.3,1,0,0
8,6,2,3,3,3,0,0,28,15,1996-11-14,29.3,1,0,0
9,6,2,3,3,3,0,0,36,15,1996-11-14,29.3,1,0,0
10,6,2,4,4,4,0,0,45,15,1996-11-14,29.3,1,0,0
11,6,2,6,6,4,0,2,55,15,1996-11-14,29.3,1,0,0
12,6,2,6,6,6,0,0,66,15,1996-11-14,29.3,1,0,0
13,6,2,7,7,7,0,0,78,15,1996-11-14,29.3,1,0,0
14,6,2,7,7,7,0,0,91,15,1996-11-14,29.3,1,0,0
15,6,2,10,10,8,0,2,105,15,1996-11-14,29.3,1,0,0
16,6,2,10,10,8,0,2,120,15,1996-11-14,29.3,1,0,0
17,6,2,12,12,12,0,0,136,15,1996-11-14,29.3,1,0,0
18,6,2,12,12,12,0,0,153,15,1996-11-14,29.3,1,0,0
20,6,2,16,16,14,0,2,190,15,1996-11-14,29.3,1,0,0
21,6,2,17,17,14,0,3,210,15,1996-11-14,29.3,1,0,0
22,6,2,19,19,19,0,0,231,15,1996-11-14,29.3,1,0,0
25,6,2,23,23,21,0,2,300,15,1996-11-14,29.3,1,0,0
26,6,2,24,24,22,0,2,325,15,1996-11-14,29.3,1,0,0
27,6,2,27,27,27,0,0,351,15,1996-11-14,29.3,1,0,0
28,6,2,28,28,28,0,0,378,15,1996-11-14,29.3,1,0,0
30,6,2,31,31,30,0,1,435,15,1996-11-14,29.3,1,0,0
31,6,2,31,31,31,0,0,465,15,1996-11-14,29.3,1,0,0
32,6,2,38,38,38,0,0,496,15,1996-11-14,29.3,1,0,0
8,7,2,3,3,3,0,0,28,21,1996-11-14,29.3,1,0,0
9,7,2,3,3,3,0,0,36,21,1996-11-14,29.3,1,0,0
10,7,2,3,3,3,0,0,45,21,1996-11-14,29.3,1,0,0
11,7,2,4,4,4,0,0,55,21,1996-11-14,29.3,1,0,0
12,7,2,5,5,4,0,1,66,21,1996-11-14,29.3,1,0,0
13,7,2,6,6,4,0,2,78,21,1996-11-14,29.3,1,0,0
14,7,2,6,6,6,0,0,91,21,1996-11-14,29.3,1,0,0
15,7,2,7,7,7,0,0,105,21,1996-11-14,29.3,1,0,0
16,7,2,8,8,7,0,1,120,21,1996-11-14,29.3,1,0,0
18,7,2,10,10,8,0,2,153,21,1996-11-14,29.3,1,0,0
19,7,2,11,11,9,0,2,171,21,1996-11-14,29.3,1,0,0
20,7,2,12,12,12,0,0,190,21,1996-11-14,29.3,1,0,0
21,7,2,13,13,12,0,1,210,21,1996-11-14,29.3,1,0,0
22,7,2,13,13,13,0,0,231,21,1996-11-14,29.3,1,0,0
24,7,2,17,17,14,0,3,276,21,1996-11-14,29.3,1,0,0
25,7,2,18,18,15,0,3,300,21,1996-11-14,29.3,1,0,0
27,7,2,20,20,20,0,0,351,21,1996-11-14,29.3,1,0,0
31,7,2,26,26,23,0,3,465,21,1996-11-14,29.3,1,0,0
9,8,2,3,3,3,0,0,36,28,1996-11-14,29.3,1,0,0
10,8,2,3,3,3,0,0,45,28,1996-11-14,29.3,1,0,0
11,8,2,3,3,3,0,0,55,28,1996-11-14,29.3,1,0,0
12,8,2,3,3,3,0,0,66,28,1996-11-14,29.3,1,0,0
13,8,2,4,4,4,0,0,78,28,1996-11-14,29.3,1,0,0
14,8,2,5,5,4,0,1,91,28,1996-11-14,29.3,1,0,0
15,8,2,6,6,4,0,2,105,28,1996-11-14,29.3,1,0,0
16,8,2,6,6,6,0,0,120,28,1996-11-14,29.3,1,0,0
17,8,2,7,7,7,0,0,136,28,1996-11-14,29.3,1,0,0
18,8,2,7,7,7,0,0,153,28,1996-11-14,29.3,1,0,0
19,8,2,9,9,8,0,1,171,28,1996-11-14,29.3,1,0,0
20,8,2,9,9,8,0,1,190,28,1996-11-14,29.3,1,0,0
21,8,2,11,11,8,0,3,210,28,1996-11-14,29.3,1,0,0
22,8,2,11,11,9,0,2,231,28,1996-11-14,29.3,1,0,0
23,8,2,12,12,12,0,0,253,28,1996-11-14,29.3,1,0,0
24,8,2,12,12,12,0,0,276,28,1996-11-14,29.3,1,0,0
25,8,2,13,13,13,0,0,300,28,1996-11-14,29.3,1,0,0
26,8,2,13,13,13,0,0,325,28,1996-11-14,29.3,1,0,0
29,8,2,18,18,15,0,3,406,28,1996-11-14,29.3,1,0,0
30,8,2,19,19,19,0,0,435,28,1996-11-14,29.3,1,0,0
31,8,2,20,20,20,0,0,465,28,1996-11-14,29.3,1,0,0
32,8,2,20,20,20,0,0,496,28,1996-11-14,29.3,1,0,0
10,9,2,3,3,3,0,0,45,36,1996-11-14,29.3,1,0,0
11,9,2,3,3,3,0,0,55,36,1996-11-14,29.3,1,0,0
12,9,2,3,3,3,0,0,66,36,1996-11-14,29.3,1,0,0
13,9,2,3,3,3,0,0,78,36,1996-11-14,29.3,1,0,0
14,9,2,4,4,4,0,0,91,36,1996-11-14,29.3,1,0,0
15,9,2,4,4,4,0,0,105,36,1996-11-14,29.3,1,0,0
16,9,2,5,5,4,0,1,120,36,1996-11-14,29.3,1,0,0
17,9,2,6,6,4,0,2,136,36,1996-11-14,29.3,1,0,0
18,9,2,6,6,6,0,0,153,36,1996-11-14,29.3,1,0,0
19,9,2,7,7,7,0,0,171,36,1996-11-14,29.3,1,0,0
20,9,2,7,7,7,0,0,190,36,1996-11-14,29.3,1,0,0
21,9,2,7,7,7,0,0,210,36,1996-11-14,29.3,1,0,0
22,9,2,9,9,8,0,1,231,36,1996-11-14,29.3,1,0,0
23,9,2,10,10,8,0,2,253,36,1996-11-14,29.3,1,0,0
24,9,2,11,11,8,0,3,276,36,1996-11-14,29.3,1,0,0
25,9,2,11,11,9,0,2,300,36,1996-11-14,29.3,1,0,0
26,9,2,12,12,12,0,0,325,36,1996-11-14,29.3,1,0,0
27,9,2,12,12,12,0,0,351,36,1996-11-14,29.3,1,0,0
29,9,2,14,14,13,0,1,406,36,1996-11-14,29.3,1,0,0
30,9,2,15,15,14,0,1,435,36,1996-11-14,29.3,1,0,0
11,10,2,3,3,3,0,0,55,45,1996-11-14,29.3,1,0,0
12,10,2,3,3,3,0,0,66,45,1996-11-14,29.3,1,0,0
13,10,2,3,3,3,0,0,78,45,1996-11-14,29.3,1,0,0
14,10,2,3,3,3,0,0,91,45,1996-11-14,29.3,1,0,0
15,10,2,3,3,3,0,0,105,45,1996-11-14,29.3,1,0,0
16,10,2,4,4,4,0,0,120,45,1996-11-14,29.3,1,0,0
17,10,2,5,5,4,0,1,136,45,1996-11-14,29.3,1,0,0
18,10,2,5,5,4,0,1,153,45,1996-11-14,29.3,1,0,0
19,10,2,6,6,4,0,2,171,45,1996-11-14,29.3,1,0,0
20,10,2,6,6,6,0,0,190,45,1996-11-14,29.3,1,0,0
21,10,2,7,7,7,0,0,210,45,1996-11-14,29.3,1,0,0
22,10,2,7,7,7,0,0,231,45,1996-11-14,29.3,1,0,0
23,10,2,8,8,7,0,1,253,45,1996-11-14,29.3,1,0,0
24,10,2,8,8,8,0,0,276,45,1996-11-14,29.3,1,0,0
26,10,2,10,10,8,0,2,325,45,1996-11-14,29.3,1,0,0
30,10,2,13,13,12,0,1,435,45,1996-11-14,29.3,1,0,0
31,10,2,13,13,13,0,0,465,45,1996-11-14,29.3,1,0,0
12,11,2,3,3,3,0,0,66,55,1996-11-14,29.3,1,0,0
13,11,2,3,3,3,0,0,78,55,1996-11-14,29.3,1,0,0
14,11,2,3,3,3,0,0,91,55,1996-11-14,29.3,1,0,0
15,11,2,3,3,3,0,0,105,55,1996-11-14,29.3,1,0,0
16,11,2,3,3,3,0,0,120,55,1996-11-14,29.3,1,0,0
17,11,2,4,4,4,0,0,136,55,1996-11-14,29.3,1,0,0
18,11,2,4,4,4,0,0,153,55,1996-11-14,29.3,1,0,0
19,11,2,5,5,4,0,1,171,55,1996-11-14,29.3,1,0,0
20,11,2,6,6,4,0,2,190,55,1996-11-14,29.3,1,0,0
21,11,2,6,6,4,0,2,210,55,1996-11-14,29.3,1,0,0
22,11,2,6,6,6,0,0,231,55,1996-11-14,29.3,1,0,0
23,11,2,7,7,7,0,0,253,55,1996-11-14,29.3,1,0,0
24,11,2,7,7,7,0,0,276,55,1996-11-14,29.3,1,0,0
25,11,2,7,7,7,0,0,300,55,1996-11-14,29.3,1,0,0
26,11,2,8,8,8,0,0,325,55,1996-11-14,29.3,1,0,0
27,11,2,9,9,8,0,1,351,55,1996-11-14,29.3,1,0,0
29,11,2,10,10,8,0,2,406,55,1996-11-14,29.3,1,0,0
30,11,2,11,11,9,0,2,435,55,1996-11-14,29.3,1,0,0
32,11,2,12,12,12,0,0,496,55,1996-11-14,29.3,1,0,0
13,12,2,3,3,3,0,0,78,66,1996-11-14,29.3,1,0,0
14,12,2,3,3,3,0,0,91,66,1996-11-14,29.3,1,0,0
15,12,2,3,3,3,0,0,105,66,1996-11-14,29.3,1,0,0
16,12,2,3,3,3,0,0,120,66,1996-11-14,29.3,1,0,0
17,12,2,3,3,3,0,0,136,66,1996-11-14,29.3,1,0,0
18,12,2,3,3,3,0,0,153,66,1996-11-14,29.3,1,0,0
19,12,2,4,4,4,0,0,171,66,1996-11-14,29.3,1,0,0
20,12,2,4,4,4,0,0,190,66,1996-11-14,29.3,1,0,0
21,12,2,5,5,4,0,1,210,66,1996-11-14,29.3,1,0,0
22,12,2,6,6,4,0,2,231,66,1996-11-14,29.3,1,0,0
23,12,2,6,6,4,0,2,253,66,1996-11-14,29.3,1,0,0
24,12,2,6,6,6,0,0,276,66,1996-11-14,29.3,1,0,0
26,12,2,7,7,7,0,0,325,66,1996-11-14,29.3,1,0,0
27,12,2,7,7,7,0,0,351,66,1996-11-14,29.3,1,0,0
28,12,2,7,7,7,0,0,378,66,1996-11-14,29.3,1,0,0
29,12,2,9,9,8,0,1,406,66,1996-11-14,29.3,1,0,0
30,12,2,9,9,8,0,1,435,66,1996-11-14,29.3,1,0,0
32,12,2,10,10,8,0,2,496,66,1996-11-14,29.3,1,0,0
14,13,2,3,3,3,0,0,91,78,1996-11-14,29.3,1,0,0
15,13,2,3,3,3,0,0,105,78,1996-11-14,29.3,1,0,0
16,13,2,3,3,3,0,0,120,78,1996-11-14,29.3,1,0,0
17,13,2,3,3,3,0,0,136,78,1996-11-14,29.3,1,0,0
18,13,2,3,3,3,0,0,153,78,1996-11-14,29.3,1,0,0
19,13,2,3,3,3,0,0,171,78,1996-11-14,29.3,1,0,0
20,13,2,4,4,4,0,0,190,78,1996-11-14,29.3,1,0,0
21,13,2,4,4,4,0,0,210,78,1996-11-14,29.3,1,0,0
22,13,2,5,5,4,0,1,231,78,1996-11-14,29.3,1,0,0
23,13,2,5,5,4,0,1,253,78,1996-11-14,29.3,1,0,0
24,13,2,6,6,4,0,2,276,78,1996-11-14,29.3,1,0,0
26,13,2,6,6,6,0,0,325,78,1996-11-14,29.3,1,0,0
28,13,2,7,7,7,0,0,378,78,1996-11-14,29.3,1,0,0
29,13,2,7,7,7,0,0,406,78,1996-11-14,29.3,1,0,0
30,13,2,8,8,7,0,1,435,78,1996-11-14,29.3,1,0,0
31,13,2,8,8,8,0,0,465,78,1996-11-14,29.3,1,0,0
32,13,2,9,9,8,0,1,496,78,1996-11-14,29.3,1,0,0
15,14,2,3,3,3,0,0,105,91,1996-11-14,29.3,1,0,0
16,14,2,3,3,3,0,0,120,91,1996-11-14,29.3,1,0,0
17,14,2,3,3,3,0,0,136,91,1996-11-14,29.3,1,0,0
18,14,2,3,3,3,0,0,153,91,1996-11-14,29.3,1,0,0
19,14,2,3,3,3,0,0,171,91,1996-11-14,29.3,1,0,0
20,14,2,3,3,3,0,0,190,91,1996-11-14,29.3,1,0,0
21,14,2,3,3,3,0,0,210,91,1996-11-14,29.3,1,0,0
22,14,2,4,4,4,0,0,231,91,1996-11-14,29.3,1,0,0
23,14,2,4,4,4,0,0,253,91,1996-11-14,29.3,1,0,0
24,14,2,5,5,4,0,1,276,91,1996-11-14,29.3,1,0,0
25,14,2,5,5,4,0,1,300,91,1996-11-14,29.3,1,0,0
30,14,2,7,7,7,0,0,435,91,1996-11-14,29.3,1,0,0
31,14,2,7,7,7,0,0,465,91,1996-11-14,29.3,1,0,0
32,14,2,7,7,7,0,0,496,91,1996-11-14,29.3,1,0,0
16,15,2,3,3,3,0,0,120,105,1996-11-14,29.3,1,0,0
17,15,2,3,3,3,0,0,136,105,1996-11-14,29.3,1,0,0
18,15,2,3,3,3,0,0,153,105,1996-11-14,29.3,1,0,0
19,15,2,3,3,3,0,0,171,105,1996-11-14,29.3,1,0,0
20,15,2,3,3,3,0,0,190,105,1996-11-14,29.3,1,0,0
21,15,2,3,3,3,0,0,210,105,1996-11-14,29.3,1,0,0
22,15,2,3,3,3,0,0,231,105,1996-11-14,29.3,1,0,0
23,15,2,4,4,4,0,0,253,105,1996-11-14,29.3,1,0,0
24,15,2,4,4,4,0,0,276,105,1996-11-14,29.3,1,0,0
25,15,2,4,4,4,0,0,300,105,1996-11-14,29.3,1,0,0
27,15,2,5,5,4,0,1,351,105,1996-11-14,29.3,1,0,0
30,15,2,6,6,6,0,0,435,105,1996-11-14,29.3,1,0,0
32,15,2,7,7,7,0,0,496,105,1996-11-14,29.3,1,0,0
17,16,2,3,3,3,0,0,136,120,1996-11-14,29.3,1,0,0
18,16,2,3,3,3,0,0,153,120,1996-11-14,29.3,1,0,0
19,16,2,3,3,3,0,0,171,120,1996-11-14,29.3,1,0,0
20,16,2,3,3,3,0,0,190,120,1996-11-14,29.3,1,0,0
21,16,2,3,3,3,0,0,210,120,1996-11-14,29.3,1,0,0
22,16,2,3,3,3,0,0,231,120,1996-11-14,29.3,1,0,0
23,16,2,3,3,3,0,0,253,120,1996-11-14,29.3,1,0,0
24,16,2,3,3,3,0,0,276,120,1996-11-14,29.3,1,0,0
25,16,2,4,4,4,0,0,300,120,1996-11-14,29.3,1,0,0
26,16,2,4,4,4,0,0,325,120,1996-11-14,29.3,1,0,0
32,16,2,6,6,6,0,0,496,120,1996-11-14,29.3,1,0,0
5,4,3,4,4,4,0,0,10,4,1996-11-14,29.3,1,0,0
6,4,3,6,6,6,0,0,20,4,1996-11-14,29.3,1,0,0
8,4,3,14,14,14,0,0,56,4,1996-11-14,29.3,1,0,0
9,4,3,25,25,25,0,0,84,4,1996-11-14,29.3,1,0,0
11,4,3,47,47,47,0,0,165,4,1996-11-14,29.3,1,0,0
12,4,3,57,57,57,0,0,220,4,1996-11-14,29.3,1,0,0
13,4,3,78,78,78,0,0,286,4,1996-11-14,29.3,1,0,0
14,4,3,91,91,91,0,0,364,4,1996-11-14,29.3,1,0,0
15,4,3,124,124,124,0,0,455,4,1996-11-14,29.3,1,0,0
16,4,3,140,140,140,0,0,560,4,1996-11-14,29.3,1,0,0
17,4,3,183,183,183,0,0,680,4,1996-11-14,29.3,1,0,0
18,4,3,207,207,207,0,0,816,4,1996-11-14,29.3,1,0,0
20,4,3,285,285,285,0,0,1140,4,1996-11-14,29.3,1,0,0
21,4,3,352,352,352,0,0,1330,4,1996-11-14,29.3,1,0,0
22,4,3,385,385,385,0,0,1540,4,1996-11-14,29.3,1,0,0
23,4,3,466,466,466,0,0,1771,4,1996-11-14,29.3,1,0,0
25,4,3,600,600,600,0,0,2300,4,1996-11-14,29.3,1,0,0
26,4,3,650,650,650,0,0,2600,4,1996-11-14,29.3,1,0,0
27,4,3,763,763,763,0,0,2925,4,1996-11-14,29.3,1,0,0
28,4,3,819,819,819,0,0,3276,4,1996-11-14,29.3,1,0,0
29,4,3,950,950,950,0,0,3654,4,1996-11-14,29.3,1,0,0
30,4,3,1020,1020,1020,0,0,4060,4,1996-11-14,29.3,1,0,0
32,4,3,1240,1240,1240,0,0,4960,4,1996-11-14,29.3,1,0,0
6,5,3,4,4,4,0,0,20,10,1996-11-14,29.3,1,0,0
7,5,3,5,5,5,0,0,35,10,1996-11-14,29.3,1,0,0
8,5,3,8,8,7,0,1,56,10,1996-11-14,29.3,1,0,0
9,5,3,12,12,11,0,1,84,10,1996-11-14,29.3,1,0,0
11,5,3,20,20,18,0,2,165,10,1996-11-14,29.3,1,0,0
18,5,3,94,94,94,0,0,816,10,1996-11-14,29.3,1,0,0
27,5,3,319,319,319,0,0,2925,10,1996-11-14,29.3,1,0,0
8,6,3,4,4,4,0,0,56,20,1996-11-14,29.3,1,0,0
9,6,3,7,7,6,0,1,84,20,1996-11-14,29.3,1,0,0
10,6,3,10,10,7,0,3,120,20,1996-11-14,29.3,1,0,0
11,6,3,11,11,11,0,0,165,20,1996-11-14,29.3,1,0,0
12,6,3,15,15,14,0,1,220,20,1996-11-14,29.3,1,0,0
18,6,3,48,48,42,0,6,816,20,1996-11-14,29.3,1,0,0
22,6,3,77,77,77,0,0,1540,20,1996-11-14,29.3,1,0,0
23,6,3,104,104,104,0,0,1771,20,1996-11-14,29.3,1,0,0
27,6,3,167,167,167,0,0,2925,20,1996-11-14,29.3,1,0,0
8,7,3,4,4,4,0,0,56,35,1996-11-14,29.3,1,0,0
9,7,3,4,4,4,0,0,84,35,1996-11-14,29.3,1,0,0
10,7,3,6,6,5,0,1,120,35,1996-11-14,29.3,1,0,0
11,7,3,8,8,7,0,1,165,35,1996-11-14,29.3,1,0,0
12,7,3,11,11,7,0,4,220,35,1996-11-14,29.3,1,0,0
13,7,3,13,13,12,0,1,286,35,1996-11-14,29.3,1,0,0
14,7,3,15,15,14,0,1,364,35,1996-11-14,29.3,1,0,0
15,7,3,15,15,15,0,0,455,35,1996-11-14,29.3,1,0,0
9,8,3,4,4,4,0,0,84,56,1996-11-14,29.3,1,0,0
10,8,3,4,4,4,0,0,120,56,1996-11-14,29.3,1,0,0
11,8,3,5,5,5,0,0,165,56,1996-11-14,29.3,1,0,0
12,8,3,6,6,6,0,0,220,56,1996-11-14,29.3,1,0,0
13,8,3,10,10,7,0,3,286,56,1996-11-14,29.3,1,0,0
14,8,3,11,11,7,0,4,364,56,1996-11-14,29.3,1,0,0
16,8,3,14,14,14,0,0,560,56,1996-11-14,29.3,1,0,0
10,9,3,4,4,4,0,0,120,84,1996-11-14,29.3,1,0,0
11,9,3,4,4,4,0,0,165,84,1996-11-14,29.3,1,0,0
12,9,3,4,4,4,0,0,220,84,1996-11-14,29.3,1,0,0
13,9,3,6,6,5,0,1,286,84,1996-11-14,29.3,1,0,0
14,9,3,8,8,7,0,1,364,84,1996-11-14,29.3,1,0,0
15,9,3,10,10,7,0,3,455,84,1996-11-14,29.3,1,0,0
16,9,3,11,11,8,0,3,560,84,1996-11-14,29.3,1,0,0
27,9,3,39,39,39,0,0,2925,84,1996-11-14,29.3,1,0,0
11,10,3,4,4,4,0,0,165,120,1996-11-14,29.3,1,0,0
12,10,3,4,4,4,0,0,220,120,1996-11-14,29.3,1,0,0
13,10,3,4,4,4,0,0,286,120,1996-11-14,29.3,1,0,0
14,10,3,5,5,5,0,0,364,120,1996-11-14,29.3,1,0,0
15,10,3,7,7,6,0,1,455,120,1996-11-14,29.3,1,0,0
16,10,3,8,8,7,0,1,560,120,1996-11-14,29.3,1,0,0
17,10,3,11,11,7,0,4,680,120,1996-11-14,29.3,1,0,0
24,10,3,24,24,20,0,4,2024,120,1996-11-14,29.3,1,0,0
12,11,3,4,4,4,0,0,220,165,1996-11-14,29.3,1,0,0
13,11,3,4,4,4,0,0,286,165,1996-11-14,29.3,1,0,0
14,11,3,4,4,4,0,0,364,165,1996-11-14,29.3,1,0,0
15,11,3,5,5,5,0,0,455,165,1996-11-14,29.3,1,0,0
16,11,3,6,6,5,0,1,560,165,1996-11-14,29.3,1,0,0
17,11,3,7,7,7,0,0,680,165,1996-11-14,29.3,1,0,0
23,11,3,15,15,15,0,0,1771,165,1996-11-14,29.3,1,0,0
13,12,3,4,4,4,0,0,286,220,1996-11-14,29.3,1,0,0
14,12,3,4,4,4,0,0,364,220,1996-11-14,29.3,1,0,0
15,12,3,4,4,4,0,0,455,220,1996-11-14,29.3,1,0,0
16,12,3,4,4,4,0,0,560,220,1996-11-14,29.3,1,0,0
17,12,3,6,6,5,0,1,680,220,1996-11-14,29.3,1,0,0
18,12,3,6,6,6,0,0,816,220,1996-11-14,29.3,1,0,0
19,12,3,9,9,7,0,2,969,220,1996-11-14,29.3,1,0,0
21,12,3,11,11,7,0,4,1330,220,1996-11-14,29.3,1,0,0
22,12,3,11,11,8,0,3,1540,220,1996-11-14,29.3,1,0,0
24,12,3,14,14,14,0,0,2024,220,1996-11-14,29.3,1,0,0
14,13,3,4,4,4,0,0,364,286,1996-11-14,29.3,1,0,0
15,13,3,4,4,4,0,0,455,286,1996-11-14,29.3,1,0,0
16,13,3,4,4,4,0,0,560,286,1996-11-14,29.3,1,0,0
17,13,3,4,4,4,0,0,680,286,1996-11-14,29.3,1,0,0
18,13,3,5,5,5,0,0,816,286,1996-11-14,29.3,1,0,0
19,13,3,6,6,5,0,1,969,286,1996-11-14,29.3,1,0,0
20,13,3,8,8,7,0,1,1140,286,1996-11-14,29.3,1,0,0
21,13,3,9,9,7,0,2,1330,286,1996-11-14,29.3,1,0,0
23,13,3,11,11,8,0,3,1771,286,1996-11-14,29.3,1,0,0
27,13,3,15,15,15,0,0,2925,286,1996-11-14,29.3,1,0,0
15,14,3,4,4,4,0,0,455,364,1996-11-14,29.3,1,0,0
16,14,3,4,4,4,0,0,560,364,1996-11-14,29.3,1,0,0
17,14,3,4,4,4,0,0,680,364,1996-11-14,29.3,1,0,0
18,14,3,4,4,4,0,0,816,364,1996-11-14,29.3,1,0,0
19,14,3,5,5,5,0,0,969,364,1996-11-14,29.3,1,0,0
20,14,3,6,6,5,0,1,1140,364,1996-11-14,29.3,1,0,0
21,14,3,7,7,6,0,1,1330,364,1996-11-14,29.3,1,0,0
22,14,3,8,8,7,0,1,1540,364,1996-11-14,29.3,1,0,0
29,14,3,15,15,15,0,0,3654,364,1996-11-14,29.3,1,0,0
30,14,3,15,15,15,0,0,4060,364,1996-11-14,29.3,1,0,0
16,15,3,4,4,4,0,0,560,455,1996-11-14,29.3,1,0,0
17,15,3,4,4,4,0,0,680,455,1996-11-14,29.3,1,0,0
18,15,3,4,4,4,0,0,816,455,1996-11-14,29.3,1,0,0
19,15,3,4,4,4,0,0,969,455,1996-11-14,29.3,1,0,0
21,15,3,5,5,5,0,0,1330,455,1996-11-14,29.3,1,0,0
22,15,3,6,6,5,0,1,1540,455,1996-11-14,29.3,1,0,0
23,15,3,7,7,7,0,0,1771,455,1996-11-14,29.3,1,0,0
24,15,3,8,8,7,0,1,2024,455,1996-11-14,29.3,1,0,0
27,15,3,11,11,8,0,3,2925,455,1996-11-14,29.3,1,0,0
31,15,3,15,15,15,0,0,4495,455,1996-11-14,29.3,1,0,0
22,16,3,5,5,5,0,0,1540,560,1996-11-14,29.3,1,0,0
23,16,3,6,6,5,0,1,1771,560,1996-11-14,29.3,1,0,0
24,16,3,6,6,6,0,0,2024,560,1996-11-14,29.3,1,0,0
25,16,3,8,8,7,0,1,2300,560,1996-11-14,29.3,1,0,0
31,16,3,14,14,12,0,2,4495,560,1996-11-14,29.3,1,0,0
32,16,3,14,14,14,0,0,4960,560,1996-11-14,29.3,1,0,0
6,5,4,5,5,5,0,0,15,5,1996-11-14,29.3,1,0,0
7,5,4,9,9,9,0,0,35,5,1996-11-14,29.3,1,0,0
8,5,4,20,20,18,0,2,70,5,1996-11-14,29.3,1,0,0
9,5,4,30,30,26,0,4,126,5,1996-11-14,29.3,1,0,0
11,5,4,66,66,66,0,0,330,5,1996-11-14,29.3,1,0,0
12,5,4,113,113,113,0,0,495,5,1996-11-14,29.3,1,0,0
23,5,4,1771,1771,1771,0,0,8855,5,1996-11-14,29.3,1,0,0
24,5,4,2237,2237,2237,0,0,10626,5,1996-11-14,29.3,1,0,0
7,6,4,5,5,5,0,0,35,15,1996-11-14,29.3,1,0,0
8,6,4,7,7,7,0,0,70,15,1996-11-14,29.3,1,0,0
9,6,4,12,12,11,0,1,126,15,1996-11-14,29.3,1,0,0
11,6,4,32,32,26,0,6,330,15,1996-11-14,29.3,1,0,0
27,6,4,1170,1170,1170,0,0,17550,15,1996-11-14,29.3,1,0,0
28,6,4,1489,1489,1489,0,0,20475,15,1996-11-14,29.3,1,0,0
8,7,4,5,5,5,0,0,70,35,1996-11-14,29.3,1,0,0
9,7,4,6,6,6,0,0,126,35,1996-11-14,29.3,1,0,0
10,7,4,10,10,9,0,1,210,35,1996-11-14,29.3,1,0,0
11,7,4,17,17,11,0,6,330,35,1996-11-14,29.3,1,0,0
23,7,4,253,253,253,0,0,8855,35,1996-11-14,29.3,1,0,0
24,7,4,357,357,357,0,0,10626,35,1996-11-14,29.3,1,0,0
9,8,4,5,5,5,0,0,126,70,1996-11-14,29.3,1,0,0
10,8,4,5,5,5,0,0,210,70,1996-11-14,29.3,1,0,0
11,8,4,9,9,7,0,2,330,70,1996-11-14,29.3,1,0,0
12,8,4,12,12,11,0,1,495,70,1996-11-14,29.3,1,0,0
16,8,4,30,30,30,0,0,1820,70,1996-11-14,29.3,1,0,0
10,9,4,5,5,5,0,0,210,126,1996-11-14,29.3,1,0,0
11,9,4,5,5,5,0,0,330,126,1996-11-14,29.3,1,0,0
12,9,4,8,8,7,0,1,495,126,1996-11-14,29.3,1,0,0
13,9,4,10,10,9,0,1,715,126,1996-11-14,29.3,1,0,0
14,9,4,16,16,11,0,5,1001,126,1996-11-14,29.3,1,0,0
11,10,4,5,5,5,0,0,330,210,1996-11-14,29.3,1,0,0
12,10,4,5,5,5,0,0,495,210,1996-11-14,29.3,1,0,0
13,10,4,7,7,6,0,1,715,210,1996-11-14,29.3,1,0,0
14,10,4,9,9,7,0,2,1001,210,1996-11-14,29.3,1,0,0
12,11,4,5,5,5,0,0,495,330,1996-11-14,29.3,1,0,0
13,11,4,5,5,5,0,0,715,330,1996-11-14,29.3,1,0,0
14,11,4,6,6,6,0,0,1001,330,1996-11-14,29.3,1,0,0
15,11,4,8,8,7,0,1,1365,330,1996-11-14,29.3,1,0,0
16,11,4,12,12,9,0,3,1820,330,1996-11-14,29.3,1,0,0
13,12,4,5,5,5,0,0,715,495,1996-11-14,29.3,1,0,0
14,12,4,5,5,5,0,0,1001,495,1996-11-14,29.3,1,0,0
15,12,4,5,5,5,0,0,1365,495,1996-11-14,29.3,1,0,0
16,12,4,7,7,7,0,0,1820,495,1996-11-14,29.3,1,0,0
17,12,4,10,10,8,0,2,2380,495,1996-11-14,29.3,1,0,0
18,12,4,12,12,11,0,1,3060,495,1996-11-14,29.3,1,0,0
14,13,4,5,5,5,0,0,1001,715,1996-11-14,29.3,1,0,0
15,13,4,5,5,5,0,0,1365,715,1996-11-14,29.3,1,0,0
16,13,4,5,5,5,0,0,1820,715,1996-11-14,29.3,1,0,0
17,13,4,7,7,6,0,1,2380,715,1996-11-14,29.3,1,0,0
18,13,4,9,9,7,0,2,3060,715,1996-11-14,29.3,1,0,0
19,13,4,11,11,9,0,2,3876,715,1996-11-14,29.3,1,0,0
15,14,4,5,5,5,0,0,1365,1001,1996-11-14,29.3,1,0,0
16,14,4,5,5,5,0,0,1820,1001,1996-11-14,29.3,1,0,0
17,14,4,5,5,5,0,0,2380,1001,1996-11-14,29.3,1,0,0
18,14,4,6,6,6,0,0,3060,1001,1996-11-14,29.3,1,0,0
19,14,4,9,9,7,0,2,3876,1001,1996-11-14,29.3,1,0,0
20,14,4,10,10,8,0,2,4845,1001,1996-11-14,29.3,1,0,0
16,15,4,5,5,5,0,0,1820,1365,1996-11-14,29.3,1,0,0
17,15,4,5,5,5,0,0,2380,1365,1996-11-14,29.3,1,0,0
18,15,4,5,5,5,0,0,3060,1365,1996-11-14,29.3,1,0,0
19,15,4,6,6,6,0,0,3876,1365,1996-11-14,29.3,1,0,0
20,15,4,8,8,7,0,1,4845,1365,1996-11-14,29.3,1,0,0
21,15,4,9,9,7,0,2,5985,1365,1996-11-14,29.3,1,0,0
31,15,4,31,31,31,0,0,31465,1365,1996-11-14,29.3,1,0,0
21,16,4,7,7,6,0,1,5985,1820,1996-11-14,29.3,1,0,0
22,16,4,9,9,7,0,2,7315,1820,1996-11-14,29.3,1,0,0
32,16,4,30,30,30,0,0,35960,1820,1996-11-14,29.3,1,0,0
7,6,5,6,6,6,0,0,21,6,1996-11-14,29.3,1,0,0
8,6,5,12,12,12,0,0,56,6,1996-11-14,29.3,1,0,0
12,6,5,132,132,132,0,0,792,6,1996-11-14,29.3,1,0,0
13,6,5,245,245,245,0,0,1287,6,1996-11-14,29.3,1,0,0
24,6,5,7084,7084,7084,0,0,42504,6,1996-11-14,29.3,1,0,0
25,6,5,9321,9321,9321,0,0,53130,6,1996-11-14,29.3,1,0,0
8,7,5,6,6,6,0,0,56,21,1996-11-14,29.3,1,0,0
9,7,5,9,9,9,0,0,126,21,1996-11-14,29.3,1,0,0
10,7,5,20,20,16,0,4,252,21,1996-11-14,29.3,1,0,0
11,7,5,34,34,30,0,4,462,21,1996-11-14,29.3,1,0,0
28,7,5,4680,4680,4680,0,0,98280,21,1996-11-14,29.3,1,0,0
29,7,5,6169,6169,6169,0,0,118755,21,1996-11-14,29.3,1,0,0
9,8,5,6,6,6,0,0,126,56,1996-11-14,29.3,1,0,0
10,8,5,8,8,8,0,0,252,56,1996-11-14,29.3,1,0,0
11,8,5,16,16,13,0,3,462,56,1996-11-14,29.3,1,0,0
12,8,5,26,26,17,0,9,792,56,1996-11-14,29.3,1,0,0
24,8,5,759,759,759,0,0,42504,56,1996-11-14,29.3,1,0,0
25,8,5,1116,1116,1116,0,0,53130,56,1996-11-14,29.3,1,0,0
10,9,5,6,6,6,0,0,252,126,1996-11-14,29.3,1,0,0
11,9,5,7,7,7,0,0,462,126,1996-11-14,29.3,1,0,0
12,9,5,12,12,10,0,2,792,126,1996-11-14,29.3,1,0,0
13,9,5,19,19,16,0,3,1287,126,1996-11-14,29.3,1,0,0
11,10,5,6,6,6,0,0,462,252,1996-11-14,29.3,1,0,0
12,10,5,6,6,6,0,0,792,252,1996-11-14,29.3,1,0,0
13,10,5,11,11,10,0,1,1287,252,1996-11-14,29.3,1,0,0
14,10,5,14,14,13,0,1,2002,252,1996-11-14,29.3,1,0,0
12,11,5,6,6,6,0,0,792,462,1996-11-14,29.3,1,0,0
13,11,5,6,6,6,0,0,1287,462,1996-11-14,29.3,1,0,0
14,11,5,10,10,8,0,2,2002,462,1996-11-14,29.3,1,0,0
15,11,5,13,13,10,0,3,3003,462,1996-11-14,29.3,1,0,0
13,12,5,6,6,6,0,0,1287,792,1996-11-14,29.3,1,0,0
14,12,5,6,6,6,0,0,2002,792,1996-11-14,29.3,1,0,0
15,12,5,9,9,8,0,1,3003,792,1996-11-14,29.3,1,0,0
16,12,5,12,12,10,0,2,4368,792,1996-11-14,29.3,1,0,0
17,12,5,17,17,13,0,4,6188,792,1996-11-14,29.3,1,0,0
14,13,5,6,6,6,0,0,2002,1287,1996-11-14,29.3,1,0,0
15,13,5,6,6,6,0,0,3003,1287,1996-11-14,29.3,1,0,0
16,13,5,8,8,7,0,1,4368,1287,1996-11-14,29.3,1,0,0
17,13,5,11,11,10,0,1,6188,1287,1996-11-14,29.3,1,0,0
18,13,5,15,15,12,0,3,8568,1287,1996-11-14,29.3,1,0,0
15,14,5,6,6,6,0,0,3003,2002,1996-11-14,29.3,1,0,0
16,14,5,6,6,6,0,0,4368,2002,1996-11-14,29.3,1,0,0
17,14,5,7,7,7,0,0,6188,2002,1996-11-14,29.3,1,0,0
18,14,5,9,9,8,0,1,8568,2002,1996-11-14,29.3,1,0,0
19,14,5,14,14,10,0,4,11628,2002,1996-11-14,29.3,1,0,0
16,15,5,6,6,6,0,0,4368,3003,1996-11-14,29.3,1,0,0
17,15,5,6,6,6,0,0,6188,3003,1996-11-14,29.3,1,0,0
18,15,5,6,6,6,0,0,8568,3003,1996-11-14,29.3,1,0,0
19,15,5,9,9,8,0,1,11628,3003,1996-11-14,29.3,1,0,0
20,15,5,12,12,10,0,2,15504,3003,1996-11-14,29.3,1,0,0
20,16,5,8,8,8,0,0,15504,4368,1996-11-14,29.3,1,0,0
21,16,5,12,12,10,0,2,20349,4368,1996-11-14,29.3,1,0,0
32,16,5,62,62,62,0,0,201376,4368,1996-11-14,29.3,1,0,0
8,7,6,7,7,7,0,0,28,7,1996-11-14,29.3,1,0,0
9,7,6,16,16,16,0,0,84,7,1996-11-14,29.3,1,0,0
10,7,6,45,45,39,0,6,210,7,1996-11-14,29.3,1,0,0
11,7,6,84,84,70,0,14,462,7,1996-11-14,29.3,1,0,0
9,8,6,7,7,7,0,0,84,28,1996-11-14,29.3,1,0,0
10,8,6,12,12,12,0,0,210,28,1996-11-14,29.3,1,0,0
11,8,6,29,29,22,0,7,462,28,1996-11-14,29.3,1,0,0
12,8,6,51,51,45,0,6,924,28,1996-11-14,29.3,1,0,0
10,9,6,7,7,7,0,0,210,84,1996-11-14,29.3,1,0,0
11,9,6,10,10,10,0,0,462,84,1996-11-14,29.3,1,0,0
12,9,6,22,22,18,0,4,924,84,1996-11-14,29.3,1,0,0
11,10,6,7,7,7,0,0,462,210,1996-11-14,29.3,1,0,0
12,10,6,9,9,9,0,0,924,210,1996-11-14,29.3,1,0,0
13,10,6,16,16,13,0,3,1716,210,1996-11-14,29.3,1,0,0
12,11,6,7,7,7,0,0,924,462,1996-11-14,29.3,1,0,0
13,11,6,8,8,8,0,0,1716,462,1996-11-14,29.3,1,0,0
14,11,6,14,14,13,0,1,3003,462,1996-11-14,29.3,1,0,0
15,11,6,21,21,18,0,3,5005,462,1996-11-14,29.3,1,0,0
15,12,6,13,13,10,0,3,5005,924,1996-11-14,29.3,1,0,0
16,12,6,19,19,14,0,5,8008,924,1996-11-14,29.3,1,0,0
16,13,6,12,12,10,0,2,8008,1716,1996-11-14,29.3,1,0,0
17,13,6,17,17,14,0,3,12376,1716,1996-11-14,29.3,1,0,0
17,14,6,11,11,9,0,2,12376,3003,1996-11-14,29.3,1,0,0
18,14,6,15,15,13,0,2,18564,3003,1996-11-14,29.3,1,0,0
18,15,6,10,10,9,0,1,18564,5005,1996-11-14,29.3,1,0,0
19,15,6,13,13,11,0,2,27132,5005,1996-11-14,29.3,1,0,0
20,15,6,19,19,14,0,5,38760,5005,1996-11-14,29.3,1,0,0
20,16,6,12,12,10,0,2,38760,8008,1996-11-14,29.3,1,0,0
21,16,6,17,17,14,0,3,54264,8008,1996-11-14,29.3,1,0,0
9,8,7,8,8,8,0,0,36,8,1996-11-14,29.3,1,0,0
10,8,7,20,20,20,0,0,120,8,1996-11-14,29.3,1,0,0
11,8,7,63,63,54,0,9,330,8,1996-11-14,29.3,1,0,0
12,8,7,126,126,105,0,21,792,8,1996-11-14,29.3,1,0,0
10,9,7,8,8,8,0,0,120,36,1996-11-14,29.3,1,0,0
11,9,7,15,15,15,0,0,330,36,1996-11-14,29.3,1,0,0
12,9,7,40,40,30,0,10,792,36,1996-11-14,29.3,1,0,0
11,10,7,8,8,8,0,0,330,120,1996-11-14,29.3,1,0,0
12,10,7,12,12,12,0,0,792,120,1996-11-14,29.3,1,0,0
13,10,7,30,30,24,0,6,1716,120,1996-11-14,29.3,1,0,0
12,11,7,8,8,8,0,0,792,330,1996-11-14,29.3,1,0,0
13,11,7,11,11,11,0,0,1716,330,1996-11-14,29.3,1,0,0
14,11,7,22,22,17,0,5,3432,330,1996-11-14,29.3,1,0,0
13,12,7,8,8,8,0,0,1716,792,1996-11-14,29.3,1,0,0
14,12,7,10,10,10,0,0,3432,792,1996-11-14,29.3,1,0,0
15,12,7,18,18,17,0,1,6435,792,1996-11-14,29.3,1,0,0
16,12,7,28,28,24,0,4,11440,792,1996-11-14,29.3,1,0,0
14,13,7,8,8,8,0,0,3432,1716,1996-11-14,29.3,1,0,0
15,13,7,9,9,9,0,0,6435,1716,1996-11-14,29.3,1,0,0
16,13,7,16,16,13,0,3,11440,1716,1996-11-14,29.3,1,0,0
17,14,7,15,15,13,0,2,19448,3432,1996-11-14,29.3,1,0,0
18,14,7,24,24,18,0,6,31824,3432,1996-11-14,29.3,1,0,0
18,15,7,14,14,11,0,3,31824,6435,1996-11-14,29.3,1,0,0
19,15,7,19,19,17,0,2,50388,6435,1996-11-14,29.3,1,0,0
19,16,7,13,13,11,0,2,50388,11440,1996-11-14,29.3,1,0,0
20,16,7,17,17,14,0,3,77520,11440,1996-11-14,29.3,1,0,0
10,9,8,9,9,9,0,0,45,9,1996-11-14,29.3,1,0,0
11,9,8,25,25,25,0,0,165,9,1996-11-14,29.3,1,0,0
12,9,8,84,84,72,0,12,495,9,1996-11-14,29.3,1,0,0
13,9,8,185,185,152,0,33,1287,9,1996-11-14,29.3,1,0,0
11,10,8,9,9,9,0,0,165,45,1996-11-14,29.3,1,0,0
12,10,8,18,18,18,0,0,495,45,1996-11-14,29.3,1,0,0
13,10,8,52,52,39,0,13,1287,45,1996-11-14,29.3,1,0,0
12,11,8,9,9,9,0,0,495,165,1996-11-14,29.3,1,0,0
13,11,8,15,15,15,0,0,1287,165,1996-11-14,29.3,1,0,0
14,11,8,40,40,31,0,9,3003,165,1996-11-14,29.3,1,0,0
13,12,8,9,9,9,0,0,1287,495,1996-11-14,29.3,1,0,0
14,12,8,13,13,13,0,0,3003,495,1996-11-14,29.3,1,0,0
15,12,8,30,30,22,0,8,6435,495,1996-11-14,29.3,1,0,0
14,13,8,9,9,9,0,0,3003,1287,1996-11-14,29.3,1,0,0
15,13,8,12,12,12,0,0,6435,1287,1996-11-14,29.3,1,0,0
16,13,8,24,24,21,0,3,12870,1287,1996-11-14,29.3,1,0,0
16,14,8,11,11,11,0,0,12870,3003,1996-11-14,29.3,1,0,0
17,14,8,20,20,16,0,4,24310,3003,1996-11-14,29.3,1,0,0
18,14,8,34,34,25,0,9,43758,3003,1996-11-14,29.3,1,0,0
18,15,8,18,18,16,0,2,43758,6435,1996-11-14,29.3,1,0,0
19,15,8,31,31,23,0,8,75582,6435,1996-11-14,29.3,1,0,0
19,16,8,17,17,14,0,3,75582,12870,1996-11-14,29.3,1,0,0
20,16,8,26,26,22,0,4,125970,12870,1996-11-14,29.3,1,0,0
4,3,2,3,3,3,0,0,6,3,1996-12-01,29.2,2,0,0
28,9,2,14,14,13,0,1,378,36,1996-12-01,29.2,2,0,0
7,4,3,12,12,11,0,1,35,4,1996-12-01,29.2,2,0,0
24,4,3,510,510,510,0,0,2024,4,1996-12-01,29.2,2,0,0
11,3,2,19,19,19,0,0,55,3,1997-01-31,29.1,2,0,0
12,3,2,24,24,24,0,0,66,3,1997-01-31,29.1,2,0,0
13,3,2,26,26,26,0,0,78,3,1997-01-31,29.1,2,0,0
17,3,2,46,46,46,0,0,136,3,1997-01-31,29.1,2,0,0
18,3,2,54,54,54,0,0,153,3,1997-01-31,29.1,2,0,0
15,4,2,19,19,19,0,0,105,6,1997-01-21,29.1,2,0,0
17,4,2,26,26,26,0,0,136,6,1997-01-21,29.1,2,0,0
20,4,2,35,35,35,0,0,190,6,1997-01-21,29.1,2,0,0
11,5,2,7,7,7,0,0,55,10,1997-01-31,29.1,2,0,0
12,5,2,9,9,8,0,1,66,10,1997-01-31,29.1,2,0,0
15,5,2,13,13,12,0,1,105,10,1997-01-21,29.1,2,0,0
16,5,2,15,15,13,0,2,120,10,1997-01-31,29.1,2,0,0
17,5,2,16,16,14,0,2,136,10,1997-01-31,29.1,2,0,0
20,5,2,21,21,20,0,1,190,10,1997-01-21,29.1,2,0,0
19,6,2,15,15,13,0,2,171,15,1997-01-21,29.1,2,0,0
17,7,2,9,9,8,0,1,136,21,1997-01-31,29.1,2,0,0
25,10,2,10,10,8,0,2,300,45,1997-01-21,29.1,2,0,0
27,10,2,11,11,9,0,2,351,45,1997-01-21,29.1,2,0,0
28,10,2,11,11,9,0,2,378,45,1997-01-21,29.1,2,0,0
29,10,2,12,12,12,0,0,406,45,1997-01-21,29.1,2,0,0
28,11,2,10,10,8,0,2,378,55,1997-01-21,29.1,2,0,0
31,11,2,12,12,9,0,3,465,55,1997-01-21,29.1,2,0,0
25,12,2,7,7,7,0,0,300,66,1997-01-21,29.1,2,0,0
31,12,2,10,10,8,0,2,465,66,1997-01-21,29.1,2,0,0
25,13,2,6,6,4,0,2,300,78,1997-01-21,29.1,2,0,0
27,13,2,7,7,7,0,0,351,78,1997-01-21,29.1,2,0,0
26,14,2,6,6,4,0,2,325,91,1997-01-21,29.1,2,0,0
27,14,2,6,6,4,0,2,351,91,1997-01-21,29.1,2,0,0
28,14,2,6,6,6,0,0,378,91,1997-01-21,29.1,2,0,0
29,14,2,7,7,7,0,0,406,91,1997-01-21,29.1,2,0,0
26,15,2,5,5,4,0,1,325,105,1997-01-21,29.1,2,0,0
28,15,2,6,6,4,0,2,378,105,1997-01-21,29.1,2,0,0
29,15,2,6,6,4,0,2,406,105,1997-01-21,29.1,2,0,0
31,15,2,7,7,7,0,0,465,105,1997-01-21,29.1,2,0,0
27,16,2,5,5,4,0,1,351,120,1997-01-21,29.1,2,0,0
28,16,2,5,5,4,0,1,378,120,1997-01-21,29.1,2,0,0
29,16,2,6,6,4,0,2,406,120,1997-01-21,29.1,2,0,0
30,16,2,6,6,4,0,2,435,120,1997-01-21,29.1,2,0,0
31,16,2,6,6,4,0,2,465,120,1997-01-21,29.1,2,0,0
10,5,3,17,17,14,0,3,120,10,1997-01-31,29.1,2,0,0
20,15,3,4,4,4,0,0,1140,455,1997-01-21,29.1,2,0,0
17,16,3,4,4,4,0,0,680,560,1997-01-21,29.1,2,0,0
18,16,3,4,4,4,0,0,816,560,1997-01-21,29.1,2,0,0
19,16,3,4,4,4,0,0,969,560,1997-01-21,29.1,2,0,0
20,16,3,4,4,4,0,0,1140,560,1997-01-21,29.1,2,0,0
21,16,3,4,4,4,0,0,1330,560,1997-01-21,29.1,2,0,0
10,5,4,51,51,50,0,1,210,5,1997-01-31,29.1,2,0,0
10,6,4,20,20,19,0,1,210,15,1997-01-21,29.1,2,0,0
13,8,4,18,18,12,0,6,715,70,1997-01-15,29.1,2,0,0
17,16,4,5,5,5,0,0,2380,1820,1997-01-21,29.1,2,0,0
18,16,4,5,5,5,0,0,3060,1820,1997-01-21,29.1,2,0,0
19,16,4,5,5,5,0,0,3876,1820,1997-01-21,29.1,2,0,0
20,16,4,5,5,5,0,0,4845,1820,1997-01-21,29.1,2,0,0
9,6,5,30,30,27,0,3,126,6,1997-01-21,29.1,2,0,0
10,6,5,50,50,44,0,6,252,6,1997-01-21,29.1,2,0,0
17,16,5,6,6,6,0,0,6188,4368,1997-01-21,29.1,2,0,0
18,16,5,6,6,6,0,0,8568,4368,1997-01-21,29.1,2,0,0
19,16,5,6,6,6,0,0,11628,4368,1997-01-21,29.1,2,0,0
13,12,6,7,7,7,0,0,1716,924,1997-01-21,29.1,2,0,0
14,12,6,7,7,7,0,0,3003,924,1997-01-21,29.1,2,0,0
14,13,6,7,7,7,0,0,3003,1716,1997-01-21,29.1,2,0,0
15,14,6,7,7,7,0,0,5005,3003,1997-01-21,29.1,2,0,0
16,14,6,7,7,7,0,0,8008,3003,1997-01-21,29.1,2,0,0
16,15,6,7,7,7,0,0,8008,5005,1997-01-21,29.1,2,0,0
17,15,6,7,7,7,0,0,12376,5005,1997-01-21,29.1,2,0,0
17,16,6,7,7,7,0,0,12376,8008,1997-01-21,29.1,2,0,0
18,16,6,7,7,7,0,0,18564,8008,1997-01-21,29.1,2,0,0
19,16,6,9,9,8,0,1,27132,8008,1997-01-21,29.1,2,0,0
15,14,7,8,8,8,0,0,6435,3432,1997-01-21,29.1,2,0,0
16,14,7,8,8,8,0,0,11440,3432,1997-01-21,29.1,2,0,0
16,15,7,8,8,8,0,0,11440,6435,1997-01-21,29.1,2,0,0
17,15,7,8,8,8,0,0,19448,6435,1997-01-21,29.1,2,0,0
17,16,7,8,8,8,0,0,19448,11440,1997-01-21,29.1,2,0,0
18,16,7,8,8,8,0,0,31824,11440,1997-01-21,29.1,2,0,0
15,14,8,9,9,9,0,0,6435,3003,1997-01-21,29.1,2,0,0
16,15,8,9,9,9,0,0,12870,6435,1997-01-21,29.1,2,0,0
17,15,8,10,10,10,0,0,24310,6435,1997-01-21,29.1,2,0,0
17,16,8,9,9,9,0,0,24310,12870,1997-01-21,29.1,2,0,0
18,16,8,9,9,9,0,0,43758,12870,1997-01-21,29.1,2,0,0
15,8,3,13,13,12,0,1,455,56,1997-03-27,28.9,3,0,0
19,6,5,2175,2087,2087,88,88,11628,6,1997-05-23,28.8,3,0,0
23,8,7,38962,32511,32511,6451,6451,245157,8,1997-09-19,28.4,15,0,0
18,9,8,6098,5326,5326,772,772,43758,9,1997-10-06,28.4,10,0,0
17,7,6,2048,1776,1768,272,280,12376,7,1997-10-06,28.4,8,0,0
32,5,2,52,52,52,0,0,496,10,2000-10-23,25.4,2,0,0
20,6,5,2850,2624,2624,226,226,15504,6,2001-01-25,25.1,3,0,0
26,7,2,19,19,19,0,0,325,21,2001-01-05,25.1,2,0,0
32,7,2,28,28,28,0,0,496,21,2001-01-05,25.1,3,0,0
32,10,2,14,14,13,0,1,496,45,2001-01-08,25.1,2,0,0
18,8,3,21,21,18,0,3,816,56,2001-01-19,25.1,3,0,0
20,8,3,28,28,23,0,5,1140,56,2001-01-24,25.1,2,0,0
17,9,3,13,13,12,0,1,680,84,2001-01-24,25.1,2,0,0
10,4,3,30,30,30,0,0,120,4,2001-03-28,24.9,3,0,0
17,5,3,68,68,68,0,0,680,10,2001-03-28,24.9,2,0,0
26,6,3,130,130,130,0,0,2600,20,2001-03-28,24.9,2,0,0
29,15,3,14,14,12,0,2,3654,455,2001-05-30,24.8,2,0,0
28,8,2,17,17,14,0,3,378,28,2001-06-06,24.7,2,0,0
28,5,2,40,40,40,0,0,378,10,2001-10-01,24.4,3,0,0
32,12,3,32,32,24,0,8,4960,220,2005-05-06,20.8,5,0,0
26,16,3,9,9,7,0,2,2600,560,2005-11-21,20.3,2,0,0
20,7,6,6552,5963,5963,589,589,38760,7,2006-09-07,19.5,18,0,0
30,6,5,25015,23755,23755,1260,1260,142506,6,2006-12-12,19.2,11,0,0
26,6,5,11570,11050,11050,520,520,65780,6,2006-12-12,19.2,2,0,0
29,5,4,4955,4751,4751,204,204,23751,5,2006-12-13,19.2,10,0,0
25,5,4,2622,2550,2550,72,72,12650,5,2006-12-15,19.2,3,0,0
19,9,7,2165,1668,1664,497,501,50388,36,2007-03-15,19.0,13,0,0
21,6,5,3908,3598,3598,310,310,20349,6,2007-07-09,18.6,10,0,0
30,5,4,5894,5700,5700,194,194,27405,5,2007-08-28,18.5,10,0,0
22,9,7,8024,5469,5469,2555,2555,170544,36,2008-02-05,18.1,19,0,0
32,16,8,3302,1170,930,2132,2372,10518300,12870,2008-02-05,18.1,3,0,0
19,7,6,4414,3885,3876,529,538,27132,7,2008-02-05,18.1,10,0,0
26,7,5,3925,3436,3421,489,504,65780,21,2008-02-05,18.1,11,0,0
25,7,5,2952,2572,2572,380,380,53130,21,2008-02-01,18.1,12,0,0
30,7,5,7780,7085,7085,695,695,142506,21,2008-04-17,17.9,9,0,0
22,6,5,4676,4389,4389,287,287,26334,6,2008-07-21,17.6,4,0,0
23,6,5,6161,5938,5938,223,223,33649,6,2008-07-21,17.6,3,0,0
27,12,7,3123,1357,1357,1766,1766,888030,792,2008-09-26,17.4,8,0,0
33,3,2,176,176,176,0,0,528,3,2008-11-11,17.3,1,0,0
34,3,2,193,193,193,0,0,561,3,2008-11-11,17.3,1,0,0
35,3,2,199,199,199,0,0,595,3,2008-11-11,17.3,1,0,0
36,3,2,216,216,216,0,0,630,3,2008-11-11,17.3,1,0,0
37,3,2,222,222,222,0,0,666,3,2008-11-11,17.3,1,0,0
38,3,2,241,241,241,0,0,703,3,2008-11-12,17.3,1,0,0
39,3,2,247,247,247,0,0,741,3,2008-11-12,17.3,1,0,0
40,3,2,267,267,267,0,0,780,3,2008-11-12,17.3,1,0,0
41,3,2,274,274,274,0,0,820,3,2008-11-12,17.3,1,0,0
42,3,2,294,294,294,0,0,861,3,2008-11-12,17.3,1,0,0
43,3,2,301,301,301,0,0,903,3,2008-11-12,17.3,1,0,0
44,3,2,323,323,323,0,0,946,3,2008-11-12,17.3,1,0,0
45,3,2,330,330,330,0,0,990,3,2008-11-12,17.3,1,0,0
46,3,2,353,353,353,0,0,1035,3,2008-11-12,17.3,1,0,0
47,3,2,361,361,361,0,0,1081,3,2008-11-12,17.3,1,0,0
48,3,2,384,384,384,0,0,1128,3,2008-11-12,17.3,1,0,0
49,3,2,392,392,392,0,0,1176,3,2008-11-12,17.3,1,0,0
50,3,2,417,417,417,0,0,1225,3,2008-11-12,17.3,1,0,0
51,3,2,425,425,425,0,0,1275,3,2008-11-13,17.3,1,0,0
52,3,2,451,451,451,0,0,1326,3,2008-11-13,17.3,1,0,0
53,3,2,460,460,460,0,0,1378,3,2008-11-13,17.3,1,0,0
54,3,2,486,486,486,0,0,1431,3,2008-11-13,17.3,1,0,0
55,3,2,495,495,495,0,0,1485,3,2008-11-13,17.3,1,0,0
56,3,2,523,523,523,0,0,1540,3,2008-11-13,17.3,1,0,0
57,3,2,532,532,532,0,0,1596,3,2008-11-13,17.3,1,0,0
58,3,2,561,561,561,0,0,1653,3,2008-11-13,17.3,1,0,0
59,3,2,571,571,571,0,0,1711,3,2008-11-13,17.3,1,0,0
60,3,2,600,600,600,0,0,1770,3,2008-11-13,17.3,1,0,0
61,3,2,610,610,610,0,0,1830,3,2008-11-17,17.3,1,0,0
62,3,2,641,641,641,0,0,1891,3,2008-11-16,17.3,1,0,0
63,3,2,651,651,651,0,0,1953,3,2008-11-18,17.3,3,0,0
64,3,2,683,683,683,0,0,2016,3,2008-11-17,17.3,1,0,0
65,3,2,694,694,694,0,0,2080,3,2008-11-18,17.3,1,0,0
66,3,2,726,726,726,0,0,2145,3,2008-11-18,17.3,1,0,0
67,3,2,737,737,737,0,0,2211,3,2008-11-17,17.3,1,0,0
68,3,2,771,771,771,0,0,2278,3,2008-11-17,17.3,1,0,0
69,3,2,782,782,782,0,0,2346,3,2008-11-17,17.3,1,0,0
70,3,2,817,817,817,0,0,2415,3,2008-11-16,17.3,1,0,0
71,3,2,829,829,829,0,0,2485,3,2008-11-16,17.3,1,0,0
72,3,2,864,864,864,0,0,2556,3,2008-11-16,17.3,1,0,0
73,3,2,876,876,876,0,0,2628,3,2008-11-16,17.3,1,0,0
74,3,2,913,913,913,0,0,2701,3,2008-11-16,17.3,1,0,0
75,3,2,925,925,925,0,0,2775,3,2008-11-16,17.3,1,0,0
76,3,2,963,963,963,0,0,2850,3,2008-11-16,17.3,1,0,0
77,3,2,976,976,976,0,0,2926,3,2008-11-16,17.3,1,0,0
78,3,2,1014,1014,1014,0,0,3003,3,2008-11-16,17.3,1,0,0
79,3,2,1027,1027,1027,0,0,3081,3,2008-11-16,17.3,1,0,0
80,3,2,1067,1067,1067,0,0,3160,3,2008-11-17,17.3,1,0,0
81,3,2,1080,1080,1080,0,0,3240,3,2008-11-17,17.3,1,0,0
82,3,2,1121,1121,1121,0,0,3321,3,2008-11-17,17.3,1,0,0
83,3,2,1135,1135,1135,0,0,3403,3,2008-11-20,17.3,1,0,0
85,3,2,1190,1190,1190,0,0,3570,3,2008-11-17,17.3,2,0,0
86,3,2,1233,1233,1233,0,0,3655,3,2008-11-17,17.3,2,0,0
87,3,2,1247,1247,1247,0,0,3741,3,2008-11-12,17.3,1,0,0
88,3,2,1291,1291,1291,0,0,3828,3,2008-11-17,17.3,2,0,0
89,3,2,1306,1306,1306,0,0,3916,3,2008-11-12,17.3,1,0,0
90,3,2,1350,1350,1350,0,0,4005,3,2008-11-14,17.3,1,0,0
91,3,2,1365,1365,1365,0,0,4095,3,2008-11-14,17.3,1,0,0
92,3,2,1411,1411,1411,0,0,4186,3,2008-11-14,17.3,1,0,0
93,3,2,1426,1426,1426,0,0,4278,3,2008-11-14,17.3,1,0,0
94,3,2,1473,1473,1473,0,0,4371,3,2008-11-14,17.3,1,0,0
95,3,2,1489,1489,1489,0,0,4465,3,2008-11-14,17.3,1,0,0
96,3,2,1536,1536,1536,0,0,4560,3,2008-11-14,17.3,1,0,0
97,3,2,1552,1552,1552,0,0,4656,3,2008-11-14,17.3,1,0,0
98,3,2,1601,1601,1601,0,0,4753,3,2008-11-14,17.3,1,0,0
99,3,2,1617,1617,1617,0,0,4851,3,2008-11-14,17.3,1,0,0
35,4,2,105,105,105,0,0,595,6,2008-11-12,17.3,1,0,0
37,4,2,111,111,111,0,0,666,6,2008-11-13,17.3,2,0,0
38,4,2,124,124,124,0,0,703,6,2008-11-12,17.3,1,0,0
40,4,2,130,130,130,0,0,780,6,2008-11-13,17.3,2,0,0
41,4,2,144,144,144,0,0,820,6,2008-11-12,17.3,1,0,0
42,4,2,147,147,147,0,0,861,6,2008-11-15,17.3,1,0,0
43,4,2,151,151,151,0,0,903,6,2008-11-15,17.3,2,0,0
44,4,2,165,165,165,0,0,946,6,2008-11-13,17.3,1,0,0
45,4,2,169,169,169,0,0,990,6,2008-11-13,17.3,1,0,0
47,4,2,188,188,188,0,0,1081,6,2008-11-13,17.3,2,0,0
48,4,2,192,192,192,0,0,1128,6,2008-11-13,17.3,2,0,0
49,4,2,196,196,196,0,0,1176,6,2008-11-13,17.3,2,0,0
50,4,2,213,213,213,0,0,1225,6,2008-11-13,17.3,2,0,0
52,4,2,221,221,221,0,0,1326,6,2008-11-13,17.3,1,0,0
53,4,2,239,239,239,0,0,1378,6,2008-11-13,17.3,1,0,0
61,4,2,305,305,305,0,0,1830,6,2008-11-13,17.3,1,0,0
62,4,2,326,326,326,0,0,1891,6,2008-11-13,17.3,1,0,0
64,4,2,336,336,336,0,0,2016,6,2008-11-13,17.3,1,0,0
65,4,2,358,358,358,0,0,2080,6,2008-11-13,17.3,1,0,0
68,4,2,391,391,391,0,0,2278,6,2008-11-16,17.3,1,0,0
69,4,2,397,397,397,0,0,2346,6,2008-11-13,17.3,1,0,0
72,4,2,432,432,432,0,0,2556,6,2008-11-13,17.3,1,0,0
73,4,2,438,438,438,0,0,2628,6,2008-11-19,17.3,3,0,0
74,4,2,463,463,463,0,0,2701,6,2008-11-13,17.3,1,0,0
76,4,2,475,475,475,0,0,2850,6,2008-11-13,17.3,1,0,0
77,4,2,501,501,501,0,0,2926,6,2008-11-13,17.3,1,0,0
80,4,2,540,540,540,0,0,3160,6,2008-11-13,17.3,1,0,0
85,4,2,595,595,595,0,0,3570,6,2008-11-19,17.3,1,0,0
86,4,2,624,624,624,0,0,3655,6,2008-11-13,17.3,1,0,0
88,4,2,638,638,638,0,0,3828,6,2008-11-13,17.3,1,0,0
89,4,2,668,668,668,0,0,3916,6,2008-11-13,17.3,1,0,0
92,4,2,713,713,713,0,0,4186,6,2008-11-16,17.3,2,0,0
93,4,2,721,721,721,0,0,4278,6,2008-11-28,17.3,2,0,0
96,4,2,768,768,768,0,0,4560,6,2008-11-16,17.3,1,0,0
97,4,2,776,776,776,0,0,4656,6,2008-11-19,17.3,2,0,0
38,5,2,76,76,76,0,0,703,10,2008-11-14,17.3,1,0,0
39,5,2,78,78,78,0,0,741,10,2008-11-14,17.3,1,0,0
41,5,2,82,82,82,0,0,820,10,2008-11-14,17.3,1,0,0
42,5,2,93,93,93,0,0,861,10,2008-11-14,17.3,1,0,0
43,5,2,95,95,95,0,0,903,10,2008-11-22,17.3,1,0,0
45,5,2,99,99,99,0,0,990,10,2008-11-14,17.3,1,0,0
46,5,2,111,111,111,0,0,1035,10,2008-11-14,17.3,1,0,0
47,5,2,113,113,113,0,0,1081,10,2008-11-22,17.3,1,0,0
61,5,2,183,183,183,0,0,1830,10,2008-11-14,17.3,1,0,0
62,5,2,199,199,199,0,0,1891,10,2008-11-14,17.3,1,0,0
63,5,2,202,202,202,0,0,1953,10,2008-11-14,17.3,1,0,0
65,5,2,208,208,208,0,0,2080,10,2008-11-14,17.3,1,0,0
66,5,2,225,225,225,0,0,2145,10,2008-11-14,17.3,1,0,0
81,5,2,324,324,324,0,0,3240,10,2008-11-14,17.3,1,0,0
82,5,2,345,345,345,0,0,3321,10,2008-11-14,17.3,1,0,0
85,5,2,357,357,357,0,0,3570,10,2008-11-14,17.3,1,0,0
86,5,2,379,379,379,0,0,3655,10,2008-11-14,17.3,1,0,0
90,5,2,414,414,414,0,0,4005,10,2008-11-19,17.3,1,0,0
95,5,2,456,456,456,0,0,4465,10,2008-11-16,17.3,1,0,0
33,6,2,39,39,39,0,0,528,15,2008-11-14,17.3,1,0,0
37,6,2,50,50,50,0,0,666,15,2008-11-25,17.3,1,0,0
42,6,2,63,63,63,0,0,861,15,2008-11-14,17.3,1,0,0
49,6,2,82,82,82,0,0,1176,15,2008-11-15,17.3,1,0,0
54,6,2,99,99,99,0,0,1431,15,2008-11-14,17.3,1,0,0
57,6,2,114,114,114,0,0,1596,15,2008-11-14,17.3,1,0,0
66,6,2,143,143,143,0,0,2145,15,2008-11-14,17.3,1,0,0
67,6,2,157,157,157,0,0,2211,15,2008-11-14,17.3,1,0,0
72,6,2,180,180,180,0,0,2556,15,2008-11-14,17.3,1,0,0
76,6,2,190,190,190,0,0,2850,15,2008-11-14,17.3,1,0,0
77,6,2,206,206,206,0,0,2926,15,2008-11-14,17.3,1,0,0
79,6,2,211,211,211,0,0,3081,15,2008-11-14,17.3,1,0,0
91,6,2,273,273,273,0,0,4095,15,2008-11-16,17.3,1,0,0
92,6,2,292,292,292,0,0,4186,15,2008-11-16,17.3,1,0,0
96,6,2,304,304,304,0,0,4560,15,2008-11-16,17.3,1,0,0
97,6,2,324,324,324,0,0,4656,15,2008-11-16,17.3,1,0,0
39,7,2,39,39,39,0,0,741,21,2008-11-14,17.3,1,0,0
44,7,2,51,51,51,0,0,946,21,2008-11-15,17.3,1,0,0
45,7,2,52,52,52,0,0,990,21,2008-11-15,17.3,1,0,0
46,7,2,53,53,53,0,0,1035,21,2008-11-14,17.3,1,0,0
49,7,2,56,56,56,0,0,1176,21,2008-11-14,17.3,1,0,0
50,7,2,65,65,65,0,0,1225,21,2008-11-14,17.3,1,0,0
51,7,2,66,66,66,0,0,1275,21,2008-11-14,17.3,1,0,0
56,7,2,80,80,80,0,0,1540,21,2008-11-15,17.3,1,0,0
57,7,2,82,82,82,0,0,1596,21,2008-11-14,17.3,1,0,0
62,7,2,98,98,98,0,0,1891,21,2008-11-15,17.3,1,0,0
92,7,2,211,211,211,0,0,4186,21,2008-11-16,17.3,1,0,0
37,8,2,28,28,28,0,0,666,28,2008-11-15,17.3,1,0,0
38,8,2,29,29,29,0,0,703,28,2008-11-28,17.3,1,0,0
44,8,2,39,39,39,0,0,946,28,2008-11-18,17.3,1,0,0
51,8,2,51,51,51,0,0,1275,28,2008-11-15,17.3,1,0,0
57,8,2,57,57,57,0,0,1596,28,2008-11-15,17.3,1,0,0
58,8,2,66,66,66,0,0,1653,28,2008-11-15,17.3,1,0,0
59,8,2,67,67,67,0,0,1711,28,2008-11-15,17.3,1,0,0
64,8,2,72,72,72,0,0,2016,28,2008-11-15,17.3,1,0,0
65,8,2,82,82,82,0,0,2080,28,2008-11-15,17.3,1,0,0
66,8,2,83,83,83,0,0,2145,28,2008-11-15,17.3,1,0,0
72,8,2,99,99,99,0,0,2556,28,2008-11-15,17.3,1,0,0
73,8,2,101,101,101,0,0,2628,28,2008-11-15,17.3,1,0,0
89,8,2,145,145,145,0,0,3916,28,2008-11-15,17.3,1,0,0
33,9,2,18,18,15,0,3,528,36,2008-11-21,17.3,1,0,0
34,9,2,19,19,19,0,0,561,36,2008-11-15,17.3,1,0,0
35,9,2,20,20,20,0,0,595,36,2008-11-15,17.3,1,0,0
37,9,2,21,21,21,0,0,666,36,2008-11-15,17.3,1,0,0
44,9,2,30,30,30,0,0,946,36,2008-11-15,17.3,1,0,0
73,9,2,73,73,73,0,0,2628,36,2008-11-15,17.3,1,0,0
74,9,2,83,83,83,0,0,2701,36,2008-11-15,17.3,1,0,0
75,9,2,84,84,84,0,0,2775,36,2008-11-15,17.3,1,0,0
81,9,2,90,90,90,0,0,3240,36,2008-11-15,17.3,1,0,0
82,9,2,101,101,101,0,0,3321,36,2008-11-15,17.3,1,0,0
83,9,2,102,102,102,0,0,3403,36,2008-11-15,17.3,1,0,0
39,10,2,20,20,20,0,0,741,45,2008-11-25,17.3,1,0,0
41,10,2,21,21,21,0,0,820,45,2008-11-15,17.3,1,0,0
42,10,2,21,21,21,0,0,861,45,2008-11-15,17.3,1,0,0
47,10,2,29,29,29,0,0,1081,45,2008-11-15,17.3,1,0,0
49,10,2,30,30,30,0,0,1176,45,2008-11-15,17.3,1,0,0
50,10,2,30,30,30,0,0,1225,45,2008-11-15,17.3,1,0,0
91,10,2,91,91,91,0,0,4095,45,2008-11-15,17.3,1,0,0
92,10,2,102,102,102,0,0,4186,45,2008-11-15,17.3,1,0,0
93,10,2,103,103,103,0,0,4278,45,2008-11-15,17.3,1,0,0
35,11,2,13,13,13,0,0,595,55,2008-11-21,17.3,1,0,0
43,11,2,20,20,20,0,0,903,55,2008-11-21,17.3,1,0,0
35,12,2,12,12,12,0,0,595,66,2008-11-18,17.3,1,0,0
36,12,2,12,12,12,0,0,630,66,2008-11-18,17.3,1,0,0
61,12,2,31,31,31,0,0,1830,66,2008-11-18,17.3,1,0,0
62,12,2,31,31,31,0,0,1891,66,2008-11-18,17.3,1,0,0
36,13,2,11,11,9,0,2,630,78,2008-11-25,17.3,1,0,0
38,13,2,12,12,12,0,0,703,78,2008-11-21,17.3,1,0,0
33,14,2,8,8,8,0,0,528,91,2008-11-20,17.3,1,0,0
43,14,2,13,13,13,0,0,903,91,2008-11-18,17.3,1,0,0
44,14,2,13,13,13,0,0,946,91,2008-11-18,17.3,1,0,0
54,14,2,20,20,20,0,0,1431,91,2008-11-18,17.3,1,0,0
37,15,2,9,9,8,0,1,666,105,2008-11-25,17.3,1,0,0
48,15,2,13,13,13,0,0,1128,105,2008-11-22,17.3,1,0,0
33,16,2,7,7,7,0,0,528,120,2008-11-18,17.3,1,0,0
34,16,2,7,7,7,0,0,561,120,2008-11-18,17.3,1,0,0
35,16,2,7,7,7,0,0,595,120,2008-11-18,17.3,1,0,0
36,16,2,7,7,7,0,0,630,120,2008-11-18,17.3,1,0,0
47,16,2,12,12,12,0,0,1081,120,2008-11-18,17.3,1,0,0
48,16,2,12,12,12,0,0,1128,120,2008-11-18,17.3,1,0,0
49,16,2,13,13,13,0,0,1176,120,2008-11-18,17.3,1,0,0
50,16,2,13,13,13,0,0,1225,120,2008-11-18,17.3,1,0,0
51,16,2,13,13,13,0,0,1275,120,2008-11-18,17.3,1,0,0
52,16,2,13,13,13,0,0,1326,120,2008-11-18,17.3,1,0,0
62,16,2,20,20,20,0,0,1891,120,2008-11-18,17.3,1,0,0
63,16,2,20,20,20,0,0,1953,120,2008-11-18,17.3,1,0,0
64,16,2,20,20,20,0,0,2016,120,2008-11-18,17.3,1,0,0
28,17,2,4,4,4,0,0,378,136,2008-11-18,17.3,1,0,0
30,17,2,5,5,4,0,1,435,136,2008-11-18,17.3,1,0,0
39,17,2,7,7,7,0,0,741,136,2008-11-27,17.3,1,0,0
40,17,2,8,8,8,0,0,780,136,2008-11-27,17.3,1,0,0
42,17,2,9,9,8,0,1,861,136,2008-11-27,17.3,1,0,0
50,17,2,12,12,12,0,0,1225,136,2008-11-22,17.3,1,0,0
38,18,2,7,7,7,0,0,703,153,2008-11-27,17.3,1,0,0
39,18,2,7,7,7,0,0,741,153,2008-11-27,17.3,1,0,0
40,18,2,7,7,7,0,0,780,153,2008-11-27,17.3,1,0,0
41,18,2,7,7,7,0,0,820,153,2008-11-27,17.3,1,0,0
42,18,2,7,7,7,0,0,861,153,2008-11-27,17.3,1,0,0
53,18,2,12,12,12,0,0,1378,153,2008-11-27,17.3,1,0,0
54,18,2,12,12,12,0,0,1431,153,2008-11-27,17.3,1,0,0
70,18,2,20,20,20,0,0,2415,153,2008-11-27,17.3,1,0,0
73,18,2,21,21,21,0,0,2628,153,2008-11-27,17.3,1,0,0
74,18,2,21,21,21,0,0,2701,153,2008-11-27,17.3,1,0,0
88,18,2,30,30,30,0,0,3828,153,2008-11-27,17.3,1,0,0
34,19,2,5,5,4,0,1,561,171,2008-11-22,17.3,1,0,0
38,19,2,6,6,6,0,0,703,171,2008-11-27,17.3,1,0,0
45,19,2,8,8,8,0,0,990,171,2008-11-27,17.3,1,0,0
47,19,2,9,9,8,0,1,1081,171,2008-11-22,17.3,1,0,0
33,20,2,4,4,4,0,0,528,190,2008-11-20,17.3,1,0,0
46,20,2,7,7,7,0,0,1035,190,2008-11-26,17.3,1,0,0
33,22,2,3,3,3,0,0,528,231,2008-11-20,17.3,1,0,0
39,22,2,5,5,4,0,1,741,231,2008-11-26,17.3,1,0,0
38,23,2,4,4,4,0,0,703,253,2008-11-26,17.3,1,0,0
41,23,2,5,5,4,0,1,820,253,2008-11-26,17.3,1,0,0
46,23,2,6,6,6,0,0,1035,253,2008-11-26,17.3,1,0,0
43,24,2,5,5,4,0,1,903,276,2008-11-26,17.3,1,0,0
33,4,3,1411,1411,1411,0,0,5456,4,2008-11-17,17.3,1,0,0
38,4,3,2109,2109,2109,0,0,8436,4,2008-11-17,17.3,1,0,0
39,4,3,2350,2350,2350,0,0,9139,4,2008-11-17,17.3,1,0,0
40,4,3,2470,2470,2470,0,0,9880,4,2008-11-17,17.3,1,0,0
41,4,3,2737,2737,2737,0,0,10660,4,2008-11-17,17.3,1,0,0
44,4,3,3311,3311,3311,0,0,13244,4,2008-11-17,17.3,1,0,0
45,4,3,3634,3634,3634,0,0,14190,4,2008-11-17,17.3,1,0,0
47,4,3,4148,4148,4148,0,0,16215,4,2008-11-17,17.3,1,0,0
50,4,3,4900,4900,4900,0,0,19600,4,2008-11-19,17.3,2,0,0
51,4,3,5317,5317,5317,0,0,20825,4,2008-11-19,17.3,1,0,0
56,4,3,6930,6930,6930,0,0,27720,4,2008-11-17,17.3,1,0,0
57,4,3,7453,7453,7453,0,0,29260,4,2008-11-17,17.3,1,0,0
58,4,3,7714,7714,7714,0,0,30856,4,2008-11-17,17.3,1,0,0
59,4,3,8275,8275,8275,0,0,32509,4,2008-11-17,17.3,1,0,0
64,4,3,10416,10416,10416,0,0,41664,4,2008-11-17,17.3,1,0,0
65,4,3,11099,11099,11099,0,0,43680,4,2008-11-17,17.3,1,0,0
68,4,3,12529,12529,12529,0,0,50116,4,2008-11-17,17.3,1,0,0
69,4,3,13300,13300,13300,0,0,52394,4,2008-11-17,17.3,1,0,0
76,4,3,17575,17575,17575,0,0,70300,4,2008-11-17,17.3,1,0,0
77,4,3,18538,18538,18538,0,0,73150,4,2008-11-17,17.3,1,0,0
80,4,3,20540,20540,20540,0,0,82160,4,2008-11-17,17.3,1,0,0
81,4,3,21607,21607,21607,0,0,85320,4,2008-11-17,17.3,1,0,0
82,4,3,22140,22140,22140,0,0,88560,4,2008-11-17,17.3,1,0,0
83,4,3,23261,23261,23261,0,0,91881,4,2008-11-17,17.3,1,0,0
88,4,3,27434,27434,27434,0,0,109736,4,2008-11-17,17.3,1,0,0
89,4,3,28725,28725,28725,0,0,113564,4,2008-11-17,17.3,1,0,0
92,4,3,31395,31395,31395,0,0,125580,4,2008-11-17,17.3,1,0,0
93,4,3,32806,32806,32806,0,0,129766,4,2008-11-17,17.3,1,0,0
94,4,3,33511,33511,33511,0,0,134044,4,2008-11-17,17.3,1,0,0
95,4,3,34984,34984,34984,0,0,138415,4,2008-11-17,17.3,1,0,0
50,8,3,350,350,350,0,0,19600,56,2008-11-08,17.3,1,0,0
26,17,3,7,7,7,0,0,2600,680,2008-11-28,17.3,2,0,0
25,18,3,5,5,5,0,0,2300,816,2008-11-16,17.3,1,0,0
28,19,3,6,6,5,0,1,3276,969,2008-11-16,17.3,1,0,0
29,19,3,7,7,7,0,0,3654,969,2008-11-16,17.3,1,0,0
28,21,3,4,4,4,0,0,3276,1330,2008-11-18,17.3,1,0,0
32,21,3,7,7,7,0,0,4960,1330,2008-11-20,17.3,2,0,0
32,23,3,5,5,5,0,0,4960,1771,2008-11-22,17.3,1,0,0
23,17,4,8,8,7,0,1,8855,2380,2008-11-22,17.3,1,0,0
23,18,4,6,6,6,0,0,8855,3060,2008-11-22,17.3,1,0,0
25,20,4,5,5,5,0,0,12650,4845,2008-11-24,17.3,1,0,0
27,20,4,8,8,7,0,1,17550,4845,2008-11-26,17.3,2,0,0
25,21,4,5,5,5,0,0,12650,5985,2008-11-28,17.3,1,0,0
27,13,8,5492,2264,2090,3228,3402,2220075,1287,2008-12-08,17.2,13,0,0
38,6,5,87153,83942,83942,3211,3211,501942,6,2008-12-09,17.2,1,0,0
66,6,3,2602,2288,2288,314,314,45760,20,2008-12-04,17.2,3,0,0
31,6,4,2565,2263,2263,302,302,31465,15,2008-12-11,17.2,10,0,0
97,4,3,37256,37248,37248,8,8,147440,4,2008-12-09,17.2,2,0,0
85,4,3,24997,24990,24990,7,7,98770,4,2008-12-09,17.2,3,0,0
91,4,3,30720,30713,30713,7,7,121485,4,2008-12-09,17.2,2,0,0
73,4,3,15774,15768,15768,6,6,62196,4,2008-12-09,17.2,1,0,0
61,4,3,9155,9150,9150,5,5,35990,4,2008-12-09,17.2,2,0,0
49,4,3,4708,4704,4704,4,4,18424,4,2008-12-09,17.2,3,0,0
37,4,3,2001,1998,1998,3,3,7770,4,2008-12-09,17.2,4,0,0
43,4,3,3164,3161,3161,3,3,12341,4,2008-12-09,17.2,3,0,0
84,3,2,1176,1176,1176,0,0,3486,3,2008-12-09,17.2,2,0,0
36,4,2,108,108,108,0,0,630,6,2008-12-08,17.2,2,0,0
46,4,2,173,173,173,0,0,1035,6,2008-12-03,17.2,3,0,0
51,4,2,217,217,217,0,0,1275,6,2008-12-08,17.2,3,0,0
54,4,2,243,243,243,0,0,1431,6,2008-12-08,17.2,3,0,0
56,4,2,266,266,266,0,0,1540,6,2009-01-01,17.2,3,0,0
58,4,2,276,276,276,0,0,1653,6,2008-12-03,17.2,3,0,0
59,4,2,295,295,295,0,0,1711,6,2009-01-01,17.2,3,0,0
60,4,2,300,300,300,0,0,1770,6,2008-12-08,17.2,3,0,0
63,4,2,331,331,331,0,0,1953,6,2008-12-27,17.2,4,0,0
66,4,2,363,363,363,0,0,2145,6,2008-12-08,17.2,3,0,0
71,4,2,426,426,426,0,0,2485,6,2008-12-08,17.2,3,0,0
75,4,2,469,469,469,0,0,2775,6,2008-12-05,17.2,4,0,0
78,4,2,507,507,507,0,0,3003,6,2008-12-08,17.2,3,0,0
83,4,2,581,581,581,0,0,3403,6,2008-12-03,17.2,3,0,0
84,4,2,588,588,588,0,0,3486,6,2008-12-08,17.2,3,0,0
94,4,2,729,729,729,0,0,4371,6,2008-12-02,17.2,3,0,0
95,4,2,760,760,760,0,0,4465,6,2008-12-02,17.2,3,0,0
98,4,2,809,809,809,0,0,4753,6,2008-12-02,17.2,2,0,0
99,4,2,817,817,817,0,0,4851,6,2008-12-02,17.2,2,0,0
34,5,2,62,62,62,0,0,561,10,2008-12-20,17.2,2,0,0
35,5,2,63,63,63,0,0,595,10,2008-12-27,17.2,3,0,0
50,5,2,130,130,130,0,0,1225,10,2008-12-06,17.2,3,0,0
54,5,2,152,152,152,0,0,1431,10,2008-12-06,17.2,2,0,0
58,5,2,174,174,174,0,0,1653,10,2008-12-06,17.2,3,0,0
59,5,2,177,177,177,0,0,1711,10,2008-12-06,17.2,3,0,0
78,5,2,312,312,312,0,0,3003,10,2008-12-06,17.2,4,0,0
79,5,2,316,316,316,0,0,3081,10,2008-12-06,17.2,4,0,0
80,5,2,320,320,320,0,0,3160,10,2008-12-07,17.2,2,0,0
91,5,2,419,419,419,0,0,4095,10,2008-12-16,17.2,4,0,0
97,5,2,466,466,466,0,0,4656,10,2008-12-03,17.2,2,0,0
98,5,2,490,490,490,0,0,4753,10,2008-12-11,17.2,4,0,0
43,6,2,65,65,65,0,0,903,15,2008-12-03,17.2,4,0,0
47,6,2,79,79,79,0,0,1081,15,2008-12-03,17.2,3,0,0
52,6,2,96,96,96,0,0,1326,15,2008-12-03,17.2,2,0,0
62,6,2,135,135,135,0,0,1891,15,2008-12-07,17.2,4,0,0
87,6,2,261,261,261,0,0,3741,15,2008-12-07,17.2,3,0,0
88,6,2,264,264,264,0,0,3828,15,2008-12-07,17.2,4,0,0
89,6,2,267,267,267,0,0,3916,15,2008-12-07,17.2,4,0,0
91,7,2,195,195,195,0,0,4095,21,2008-12-07,17.2,3,0,0
38,10,2,19,19,19,0,0,703,45,2008-12-07,17.2,2,0,0
94,10,2,104,104,104,0,0,4371,45,2008-12-10,17.2,1,0,0
40,11,2,18,18,15,0,3,780,55,2008-11-30,17.2,2,0,0
42,13,2,14,14,13,0,1,861,78,2008-12-01,17.2,1,0,0
51,13,2,20,20,20,0,0,1275,78,2008-12-29,17.2,3,0,0
53,13,2,21,21,21,0,0,1378,78,2008-12-11,17.2,1,0,0
62,13,2,29,29,29,0,0,1891,78,2009-01-03,17.2,2,0,0
63,13,2,30,30,30,0,0,1953,78,2008-12-28,17.2,2,0,0
41,14,2,12,12,12,0,0,820,91,2008-12-16,17.2,2,0,0
45,14,2,14,14,13,0,1,990,91,2008-12-31,17.2,2,0,0
58,14,2,21,21,21,0,0,1653,91,2008-12-30,17.2,1,0,0
97,14,2,56,56,56,0,0,4656,91,2008-12-07,17.2,1,0,0
98,14,2,56,56,56,0,0,4753,91,2008-12-07,17.2,1,0,0
41,15,2,11,11,9,0,2,820,105,2008-12-01,17.2,1,0,0
43,15,2,12,12,9,0,3,903,105,2008-12-03,17.2,2,0,0
44,15,2,12,12,12,0,0,946,105,2008-12-05,17.2,2,0,0
45,15,2,12,12,12,0,0,990,105,2008-12-05,17.2,3,0,0
46,15,2,13,13,13,0,0,1035,105,2008-11-30,17.2,2,0,0
59,15,2,20,20,20,0,0,1711,105,2008-12-29,17.2,1,0,0
61,15,2,21,21,21,0,0,1830,105,2008-12-02,17.2,1,0,0
62,15,2,21,21,21,0,0,1891,105,2008-12-02,17.2,1,0,0
63,15,2,21,21,21,0,0,1953,105,2008-12-02,17.2,1,0,0
73,15,2,30,30,30,0,0,2628,105,2008-12-02,17.2,1,0,0
74,15,2,30,30,30,0,0,2701,105,2008-12-02,17.2,1,0,0
75,15,2,30,30,30,0,0,2775,105,2008-12-02,17.2,1,0,0
38,16,2,8,8,8,0,0,703,120,2008-11-29,17.2,1,0,0
65,16,2,21,21,21,0,0,2080,120,2008-12-26,17.2,1,0,0
34,17,2,6,6,6,0,0,561,136,2008-11-30,17.2,2,0,0
45,17,2,10,10,8,0,2,990,136,2008-11-30,17.2,2,0,0
47,17,2,11,11,9,0,2,1081,136,2008-11-30,17.2,2,0,0
51,17,2,13,13,12,0,1,1275,136,2008-11-29,17.2,1,0,0
52,17,2,13,13,13,0,0,1326,136,2008-11-30,17.2,1,0,0
53,17,2,13,13,13,0,0,1378,136,2008-11-30,17.2,1,0,0
55,17,2,14,14,13,0,1,1485,136,2008-12-20,17.2,1,0,0
69,17,2,21,21,21,0,0,2346,136,2008-12-28,17.2,1,0,0
57,18,2,13,13,13,0,0,1596,153,2008-12-21,17.2,1,0,0
91,18,2,31,31,31,0,0,4095,153,2008-12-02,17.2,1,0,0
92,18,2,31,31,31,0,0,4186,153,2008-12-02,17.2,1,0,0
93,18,2,31,31,31,0,0,4278,153,2008-12-02,17.2,1,0,0
51,19,2,11,11,9,0,2,1275,171,2008-11-30,17.2,1,0,0
54,19,2,12,12,9,0,3,1431,171,2008-11-30,17.2,1,0,0
55,19,2,12,12,9,0,3,1485,171,2008-11-30,17.2,1,0,0
56,19,2,12,12,12,0,0,1540,171,2008-12-26,17.2,2,0,0
57,19,2,13,13,12,0,1,1596,171,2008-12-26,17.2,1,0,0
61,19,2,13,13,13,0,0,1830,171,2008-12-26,17.2,1,0,0
59,20,2,12,12,12,0,0,1711,190,2008-12-18,17.2,1,0,0
61,20,2,13,13,13,0,0,1830,190,2008-11-29,17.2,1,0,0
62,20,2,13,13,13,0,0,1891,190,2008-11-29,17.2,1,0,0
63,20,2,13,13,13,0,0,1953,190,2008-12-07,17.2,1,0,0
64,20,2,13,13,13,0,0,2016,190,2008-12-07,17.2,1,0,0
65,20,2,13,13,13,0,0,2080,190,2008-12-07,17.2,1,0,0
78,20,2,20,20,20,0,0,3003,190,2008-12-18,17.2,1,0,0
79,20,2,20,20,20,0,0,3081,190,2008-12-07,17.2,2,0,0
80,20,2,20,20,20,0,0,3160,190,2008-12-07,17.2,2,0,0
81,20,2,21,21,21,0,0,3240,190,2008-11-29,17.2,1,0,0
82,20,2,21,21,21,0,0,3321,190,2008-11-29,17.2,1,0,0
83,20,2,21,21,21,0,0,3403,190,2008-11-29,17.2,1,0,0
84,20,2,21,21,21,0,0,3486,190,2008-11-29,17.2,1,0,0
97,20,2,30,30,30,0,0,4656,190,2008-11-29,17.2,1,0,0
98,20,2,30,30,30,0,0,4753,190,2008-11-29,17.2,1,0,0
50,21,2,8,8,8,0,0,1225,210,2008-12-03,17.2,2,0,0
61,21,2,12,12,9,0,3,1830,210,2008-12-05,17.2,2,0,0
62,21,2,12,12,12,0,0,1891,210,2008-12-05,17.2,2,0,0
63,21,2,12,12,12,0,0,1953,210,2008-12-05,17.2,2,0,0
64,21,2,13,13,13,0,0,2016,210,2008-12-02,17.2,1,0,0
65,21,2,13,13,13,0,0,2080,210,2008-12-02,17.2,1,0,0
66,21,2,13,13,13,0,0,2145,210,2008-12-02,17.2,1,0,0
69,21,2,14,14,14,0,0,2346,210,2008-12-28,17.2,1,0,0
85,21,2,21,21,21,0,0,3570,210,2008-11-30,17.2,1,0,0
51,22,2,8,8,7,0,1,1275,231,2008-12-05,17.2,2,0,0
55,22,2,10,10,8,0,2,1485,231,2008-12-09,17.2,1,0,0
57,22,2,10,10,8,0,2,1596,231,2008-12-17,17.2,1,0,0
63,22,2,12,12,9,0,3,1953,231,2008-12-09,17.2,1,0,0
65,22,2,12,12,12,0,0,2080,231,2008-12-28,17.2,2,0,0
67,22,2,13,13,13,0,0,2211,231,2008-12-07,17.2,1,0,0
68,22,2,13,13,13,0,0,2278,231,2008-12-07,17.2,1,0,0
69,22,2,13,13,13,0,0,2346,231,2008-12-07,17.2,1,0,0
70,22,2,13,13,13,0,0,2415,231,2008-12-07,17.2,1,0,0
86,22,2,20,20,20,0,0,3655,231,2008-12-07,17.2,1,0,0
51,23,2,7,7,7,0,0,1275,253,2008-11-30,17.2,2,0,0
53,23,2,7,7,7,0,0,1378,253,2008-12-03,17.2,1,0,0
55,23,2,8,8,8,0,0,1485,253,2008-12-03,17.2,1,0,0
57,23,2,9,9,8,0,1,1596,253,2008-12-03,17.2,1,0,0
59,23,2,10,10,8,0,2,1711,253,2008-12-17,17.2,1,0,0
68,23,2,12,12,12,0,0,2278,253,2008-12-13,17.2,2,0,0
69,23,2,13,13,12,0,1,2346,253,2008-12-08,17.2,1,0,0
70,23,2,13,13,13,0,0,2415,253,2008-12-09,17.2,1,0,0
74,23,2,13,13,13,0,0,2701,253,2008-12-27,17.2,1,0,0
52,24,2,7,7,7,0,0,1326,276,2008-12-02,17.2,1,0,0
53,24,2,7,7,7,0,0,1378,276,2008-12-02,17.2,1,0,0
54,24,2,7,7,7,0,0,1431,276,2008-12-02,17.2,1,0,0
57,24,2,8,8,8,0,0,1596,276,2008-12-03,17.2,1,0,0
71,24,2,12,12,12,0,0,2485,276,2008-11-29,17.2,1,0,0
72,24,2,12,12,12,0,0,2556,276,2008-11-29,17.2,1,0,0
73,24,2,13,13,13,0,0,2628,276,2008-11-29,17.2,1,0,0
74,24,2,13,13,13,0,0,2701,276,2008-11-29,17.2,1,0,0
75,24,2,13,13,13,0,0,2775,276,2008-11-29,17.2,1,0,0
76,24,2,13,13,13,0,0,2850,276,2008-11-29,17.2,1,0,0
77,24,2,13,13,13,0,0,2926,276,2008-11-29,17.2,1,0,0
78,24,2,13,13,13,0,0,3003,276,2008-11-29,17.2,1,0,0
94,24,2,20,20,20,0,0,4371,276,2008-11-29,17.2,1,0,0
95,24,2,20,20,20,0,0,4465,276,2008-11-29,17.2,1,0,0
96,24,2,20,20,20,0,0,4560,276,2008-11-29,17.2,1,0,0
99,24,2,21,21,21,0,0,4851,276,2008-12-28,17.2,1,0,0
34,4,3,1496,1496,1496,0,0,5984,4,2008-12-07,17.2,2,0,0
35,4,3,1689,1689,1689,0,0,6545,4,2008-12-07,17.2,2,0,0
36,4,3,1791,1791,1791,0,0,7140,4,2008-12-07,17.2,2,0,0
42,4,3,2877,2877,2877,0,0,11480,4,2008-12-07,17.2,3,0,0
48,4,3,4332,4332,4332,0,0,17296,4,2008-12-08,17.2,3,0,0
52,4,3,5525,5525,5525,0,0,22100,4,2008-12-05,17.2,2,0,0
54,4,3,6210,6210,6210,0,0,24804,4,2008-12-22,17.2,2,0,0
60,4,3,8565,8565,8565,0,0,34220,4,2008-12-07,17.2,2,0,0
72,4,3,14922,14922,14922,0,0,59640,4,2008-12-07,17.2,1,0,0
78,4,3,19032,19032,19032,0,0,76076,4,2008-12-22,17.2,2,0,0
84,4,3,23835,23835,23835,0,0,95284,4,2008-12-07,17.2,2,0,0
90,4,3,29385,29385,29385,0,0,117480,4,2008-12-07,17.2,2,0,0
96,4,3,35736,35736,35736,0,0,142880,4,2008-12-08,17.2,2,0,0
7,6,3,4,4,4,0,0,35,20,2008-12-31,17.2,2,0,0
51,8,3,415,415,415,0,0,20825,56,2008-11-30,17.2,1,0,0
40,13,3,40,40,40,0,0,9880,286,2009-01-03,17.2,1,0,0
33,17,3,14,14,12,0,2,5456,680,2008-11-29,17.2,1,0,0
35,17,3,15,15,15,0,0,6545,680,2008-12-23,17.2,2,0,0
29,18,3,9,9,7,0,2,3654,816,2008-12-03,17.2,2,0,0
38,18,3,15,15,15,0,0,8436,816,2009-01-03,17.2,1,0,0
30,19,3,8,8,7,0,1,4060,969,2008-12-03,17.2,2,0,0
31,19,3,9,9,7,0,2,4495,969,2008-12-03,17.2,2,0,0
39,19,3,15,15,15,0,0,9139,969,2009-01-03,17.2,1,0,0
39,20,3,14,14,12,0,2,9139,1140,2008-12-08,17.2,1,0,0
40,20,3,14,14,14,0,0,9880,1140,2008-12-07,17.2,1,0,0
42,20,3,15,15,15,0,0,11480,1140,2009-01-03,17.2,1,0,0
41,21,3,14,14,12,0,2,10660,1330,2008-12-08,17.2,1,0,0
43,21,3,15,15,15,0,0,12341,1330,2008-12-02,17.2,1,0,0
44,21,3,15,15,15,0,0,13244,1330,2008-12-02,17.2,1,0,0
45,21,3,15,15,15,0,0,14190,1330,2008-12-02,17.2,1,0,0
33,22,3,7,7,6,0,1,5456,1540,2008-11-30,17.2,2,0,0
45,22,3,15,15,15,0,0,14190,1540,2008-12-05,17.2,1,0,0
33,23,3,6,6,5,0,1,5456,1771,2008-11-30,17.2,1,0,0
36,24,3,6,6,6,0,0,7140,2024,2008-12-02,17.2,1,0,0
48,24,3,14,14,14,0,0,17296,2024,2008-12-02,17.2,1,0,0
35,5,4,10472,10472,10472,0,0,52360,5,2008-12-07,17.2,1,0,0
36,5,4,12161,12161,12161,0,0,58905,5,2008-12-07,17.2,1,0,0
47,5,4,35673,35673,35673,0,0,178365,5,2009-01-03,17.2,1,0,0
48,5,4,39821,39821,39821,0,0,194580,5,2009-01-03,17.2,1,0,0
24,17,4,10,10,8,0,2,10626,2380,2008-12-11,17.2,3,0,0
25,18,4,9,9,7,0,2,12650,3060,2008-12-05,17.2,3,0,0
29,21,4,9,9,7,0,2,23751,5985,2008-11-30,17.2,2,0,0
29,22,4,7,7,6,0,1,23751,7315,2008-12-13,17.2,3,0,0
31,23,4,8,8,7,0,1,31465,8855,2008-12-05,17.2,2,0,0
32,23,4,9,9,7,0,2,35960,8855,2008-12-03,17.2,2,0,0
48,24,4,30,30,30,0,0,194580,10626,2008-12-02,17.2,1,0,0
36,6,5,62832,62832,62832,0,0,376992,6,2008-12-09,17.2,1,0,0
37,6,5,74993,74993,74993,0,0,435897,6,2008-12-17,17.2,1,0,0
18,17,5,6,6,6,0,0,8568,6188,2008-11-30,17.2,1,0,0
19,17,5,6,6,6,0,0,11628,6188,2008-11-30,17.2,1,0,0
20,17,5,6,6,6,0,0,15504,6188,2008-11-30,17.2,1,0,0
21,17,5,8,8,7,0,1,20349,6188,2008-11-30,17.2,2,0,0
23,17,5,13,13,10,0,3,33649,6188,2008-12-29,17.2,3,0,0
23,18,5,10,10,8,0,2,33649,8568,2008-12-01,17.2,2,0,0
24,19,5,9,9,8,0,1,42504,11628,2008-12-29,17.2,2,0,0
25,19,5,11,11,10,0,1,53130,11628,2008-12-30,17.2,2,0,0
26,21,5,8,8,7,0,1,65780,20349,2008-12-29,17.2,2,0,0
18,17,6,7,7,7,0,0,18564,12376,2008-11-29,17.2,1,0,0
19,17,6,7,7,7,0,0,27132,12376,2008-11-29,17.2,1,0,0
19,18,6,7,7,7,0,0,27132,18564,2008-11-29,17.2,1,0,0
21,18,6,7,7,7,0,0,54264,18564,2008-12-03,17.2,2,0,0
20,19,6,7,7,7,0,0,38760,27132,2008-11-30,17.2,1,0,0
25,20,6,13,13,10,0,3,177100,38760,2008-12-12,17.2,2,0,0
26,21,6,12,12,10,0,2,230230,54264,2008-12-30,17.2,1,0,0
18,17,7,8,8,8,0,0,31824,19448,2008-11-30,17.2,1,0,0
19,17,7,8,8,8,0,0,50388,19448,2008-11-30,17.2,1,0,0
22,17,7,22,22,19,0,3,170544,19448,2008-12-20,17.2,4,0,0
23,19,7,14,14,11,0,3,245157,50388,2008-12-25,17.2,1,0,0
24,21,7,8,8,8,0,0,346104,116280,2008-12-03,17.2,1,0,0
21,17,8,21,21,18,0,3,203490,24310,2008-12-13,17.2,3,0,0
19,18,8,9,9,9,0,0,75582,43758,2008-11-30,17.2,1,0,0
21,18,8,15,15,12,0,3,203490,43758,2008-12-01,17.2,2,0,0
22,18,8,20,20,16,0,4,319770,43758,2008-12-13,17.2,2,0,0
27,24,8,9,9,9,0,0,2220075,735471,2008-12-26,17.2,1,0,0
49,5,4,43267,42454,42454,813,813,211876,5,2009-01-15,17.1,2,0,0
36,6,4,4632,3948,3948,684,684,58905,15,2009-01-14,17.1,3,0,0
27,7,5,4614,4012,4012,602,602,80730,21,2009-01-10,17.1,5,0,0
68,24,5,755,323,323,432,432,10424128,42504,2009-01-22,17.1,3,0,0
69,24,5,755,343,343,412,412,11238513,42504,2009-01-21,17.1,1,0,0
70,24,5,759,385,359,374,400,12103014,42504,2009-01-22,17.1,2,0,0
71,24,5,759,397,370,362,389,13019909,42504,2009-01-22,17.1,1,0,0
72,24,5,759,417,417,342,342,13991544,42504,2009-01-21,17.1,1,0,0
44,24,7,436,193,186,243,250,38320568,346104,2009-01-21,17.1,1,0,0
42,24,7,315,132,88,183,227,26978328,346104,2009-01-21,17.1,1,0,0
35,23,8,216,90,77,126,139,23535820,490314,2009-02-09,17.1,4,0,0
39,24,7,186,74,57,112,129,15380937,346104,2009-02-08,17.1,5,0,0
36,24,8,199,87,69,112,130,30260340,735471,2009-02-08,17.1,2,0,0
40,24,7,186,105,75,81,111,18643560,346104,2009-01-21,17.1,1,0,0
35,24,8,149,68,57,81,92,23535820,735471,2009-02-09,17.1,2,0,0
37,24,7,128,59,50,69,78,10295472,346104,2009-02-08,17.1,4,0,0
32,23,8,81,48,41,33,40,10518300,490314,2009-02-09,17.1,4,0,0
33,24,8,69,43,33,26,36,13884156,735471,2009-02-08,17.1,2,0,0
32,24,8,43,34,26,9,17,10518300,735471,2009-02-08,17.1,2,0,0
40,7,2,40,40,40,0,0,780,21,2009-01-17,17.1,4,0,0
87,7,2,187,187,187,0,0,3741,21,2009-01-14,17.1,4,0,0
93,7,2,213,213,213,0,0,4278,21,2009-01-06,17.1,6,0,0
56,10,2,40,40,40,0,0,1540,45,2009-01-21,17.1,3,0,0
33,11,2,13,13,12,0,1,528,55,2009-01-21,17.1,2,0,0
34,11,2,13,13,13,0,0,561,55,2009-01-22,17.1,2,0,0
42,11,2,20,20,20,0,0,861,55,2009-01-21,17.1,2,0,0
56,11,2,31,31,31,0,0,1540,55,2009-01-07,17.1,4,0,0
34,12,2,12,12,9,0,3,561,66,2009-01-20,17.1,2,0,0
37,12,2,13,13,13,0,0,666,66,2009-01-21,17.1,2,0,0
38,12,2,13,13,13,0,0,703,66,2009-01-20,17.1,2,0,0
39,12,2,13,13,13,0,0,741,66,2009-01-21,17.1,2,0,0
46,12,2,20,20,20,0,0,1035,66,2009-01-20,17.1,2,0,0
47,12,2,20,20,20,0,0,1081,66,2009-01-22,17.1,2,0,0
48,12,2,20,20,20,0,0,1128,66,2009-01-21,17.1,2,0,0
33,13,2,10,10,8,0,2,528,78,2009-01-20,17.1,2,0,0
35,13,2,11,11,9,0,2,595,78,2009-01-21,17.1,2,0,0
37,13,2,12,12,9,0,3,666,78,2009-01-21,17.1,2,0,0
39,13,2,13,13,12,0,1,741,78,2009-01-20,17.1,2,0,0
40,13,2,13,13,13,0,0,780,78,2009-01-20,17.1,2,0,0
41,13,2,14,14,13,0,1,820,78,2009-01-20,17.1,2,0,0
50,13,2,20,20,20,0,0,1225,78,2009-01-22,17.1,3,0,0
34,14,2,9,9,8,0,1,561,91,2009-01-20,17.1,2,0,0
35,14,2,10,10,8,0,2,595,91,2009-01-21,17.1,2,0,0
36,14,2,10,10,8,0,2,630,91,2009-01-21,17.1,2,0,0
37,14,2,11,11,8,0,3,666,91,2009-01-21,17.1,2,0,0
38,14,2,11,11,9,0,2,703,91,2009-01-21,17.1,2,0,0
39,14,2,12,12,9,0,3,741,91,2009-01-21,17.1,2,0,0
40,14,2,12,12,9,0,3,780,91,2009-01-20,17.1,3,0,0
57,14,2,21,21,21,0,0,1596,91,2009-01-22,17.1,2,0,0
80,14,2,40,40,40,0,0,3160,91,2009-01-21,17.1,5,0,0
33,15,2,7,7,7,0,0,528,105,2009-01-21,17.1,2,0,0
34,15,2,7,7,7,0,0,561,105,2009-01-21,17.1,2,0,0
35,15,2,7,7,7,0,0,595,105,2009-01-21,17.1,2,0,0
38,15,2,10,10,8,0,2,703,105,2009-01-20,17.1,2,0,0
39,15,2,10,10,8,0,2,741,105,2009-01-21,17.1,2,0,0
40,15,2,11,11,8,0,3,780,105,2009-01-20,17.1,3,0,0
47,15,2,13,13,13,0,0,1081,105,2009-01-21,17.1,2,0,0
57,15,2,19,19,16,0,3,1596,105,2009-01-08,17.1,3,0,0
58,15,2,20,20,20,0,0,1653,105,2009-01-20,17.1,2,0,0
37,16,2,8,8,7,0,1,666,120,2009-01-20,17.1,2,0,0
39,16,2,9,9,8,0,1,741,120,2009-01-21,17.1,2,0,0
40,16,2,9,9,8,0,1,780,120,2009-01-21,17.1,3,0,0
43,16,2,11,11,9,0,2,903,120,2009-01-21,17.1,2,0,0
44,16,2,11,11,9,0,2,946,120,2009-01-21,17.1,3,0,0
45,16,2,12,12,9,0,3,990,120,2009-01-20,17.1,2,0,0
60,16,2,19,19,15,0,4,1770,120,2009-01-07,17.1,2,0,0
81,16,2,31,31,31,0,0,3240,120,2009-01-07,17.1,1,0,0
18,17,2,3,3,3,0,0,153,136,2009-01-20,17.1,2,0,0
19,17,2,3,3,3,0,0,171,136,2009-01-20,17.1,2,0,0
20,17,2,3,3,3,0,0,190,136,2009-01-20,17.1,2,0,0
21,17,2,3,3,3,0,0,210,136,2009-01-20,17.1,2,0,0
22,17,2,3,3,3,0,0,231,136,2009-01-20,17.1,2,0,0
23,17,2,3,3,3,0,0,253,136,2009-01-21,17.1,2,0,0
24,17,2,3,3,3,0,0,276,136,2009-01-20,17.1,2,0,0
25,17,2,3,3,3,0,0,300,136,2009-01-20,17.1,2,0,0
26,17,2,4,4,4,0,0,325,136,2009-01-20,17.1,2,0,0
27,17,2,4,4,4,0,0,351,136,2009-01-21,17.1,2,0,0
29,17,2,5,5,4,0,1,406,136,2009-01-20,17.1,2,0,0
31,17,2,6,6,4,0,2,465,136,2009-01-20,17.1,2,0,0
32,17,2,6,6,4,0,2,496,136,2009-01-20,17.1,2,0,0
33,17,2,6,6,4,0,2,528,136,2009-01-21,17.1,2,0,0
35,17,2,7,7,7,0,0,595,136,2009-01-20,17.1,2,0,0
36,17,2,7,7,7,0,0,630,136,2009-01-21,17.1,2,0,0
37,17,2,7,7,7,0,0,666,136,2009-01-20,17.1,2,0,0
38,17,2,7,7,7,0,0,703,136,2009-01-21,17.1,2,0,0
41,17,2,9,9,8,0,1,820,136,2009-01-20,17.1,2,0,0
43,17,2,10,10,8,0,2,903,136,2009-01-21,17.1,2,0,0
44,17,2,10,10,8,0,2,946,136,2009-01-20,17.1,2,0,0
46,17,2,11,11,9,0,2,1035,136,2009-01-22,17.1,2,0,0
48,17,2,12,12,9,0,3,1128,136,2009-01-21,17.1,2,0,0
49,17,2,12,12,9,0,3,1176,136,2009-01-20,17.1,2,0,0
54,17,2,14,14,13,0,1,1431,136,2009-01-21,17.1,2,0,0
19,18,2,3,3,3,0,0,171,153,2009-01-20,17.1,2,0,0
21,18,2,3,3,3,0,0,210,153,2009-01-20,17.1,2,0,0
23,18,2,3,3,3,0,0,253,153,2009-01-20,17.1,2,0,0
25,18,2,3,3,3,0,0,300,153,2009-01-20,17.1,2,0,0
27,18,2,3,3,3,0,0,351,153,2009-01-20,17.1,2,0,0
28,18,2,4,4,4,0,0,378,153,2009-01-20,17.1,2,0,0
29,18,2,4,4,4,0,0,406,153,2009-01-21,17.1,2,0,0
30,18,2,4,4,4,0,0,435,153,2009-01-20,17.1,2,0,0
31,18,2,5,5,4,0,1,465,153,2009-01-21,17.1,2,0,0
32,18,2,5,5,4,0,1,496,153,2009-01-20,17.1,3,0,0
35,18,2,6,6,4,0,2,595,153,2009-01-21,17.1,2,0,0
36,18,2,6,6,6,0,0,630,153,2009-01-20,17.1,2,0,0
37,18,2,7,7,7,0,0,666,153,2009-01-21,17.1,2,0,0
43,18,2,9,9,8,0,1,903,153,2009-01-20,17.1,2,0,0
44,18,2,9,9,8,0,1,946,153,2009-01-20,17.1,2,0,0
45,18,2,10,10,8,0,2,990,153,2009-01-20,17.1,2,0,0
47,18,2,10,10,8,0,2,1081,153,2009-01-20,17.1,3,0,0
48,18,2,10,10,8,0,2,1128,153,2009-01-21,17.1,3,0,0
49,18,2,11,11,9,0,2,1176,153,2009-01-20,17.1,2,0,0
50,18,2,11,11,9,0,2,1225,153,2009-01-21,17.1,3,0,0
55,18,2,13,13,13,0,0,1485,153,2009-01-20,17.1,3,0,0
56,18,2,13,13,13,0,0,1540,153,2009-01-22,17.1,2,0,0
58,18,2,14,14,13,0,1,1653,153,2009-01-21,17.1,2,0,0
68,18,2,19,19,16,0,3,2278,153,2009-01-08,17.1,1,0,0
20,19,2,3,3,3,0,0,190,171,2009-01-21,17.1,2,0,0
21,19,2,3,3,3,0,0,210,171,2009-01-21,17.1,2,0,0
22,19,2,3,3,3,0,0,231,171,2009-01-21,17.1,2,0,0
23,19,2,3,3,3,0,0,253,171,2009-01-22,17.1,2,0,0
24,19,2,3,3,3,0,0,276,171,2009-01-21,17.1,2,0,0
25,19,2,3,3,3,0,0,300,171,2009-01-20,17.1,2,0,0
26,19,2,3,3,3,0,0,325,171,2009-01-20,17.1,2,0,0
27,19,2,3,3,3,0,0,351,171,2009-01-21,17.1,2,0,0
28,19,2,3,3,3,0,0,378,171,2009-01-21,17.1,2,0,0
29,19,2,4,4,4,0,0,406,171,2009-01-20,17.1,2,0,0
30,19,2,4,4,4,0,0,435,171,2009-01-20,17.1,2,0,0
31,19,2,4,4,4,0,0,465,171,2009-01-21,17.1,2,0,0
32,19,2,5,5,4,0,1,496,171,2009-01-21,17.1,2,0,0
33,19,2,5,5,4,0,1,528,171,2009-01-20,17.1,2,0,0
35,19,2,6,6,4,0,2,595,171,2009-01-21,17.1,2,0,0
36,19,2,6,6,4,0,2,630,171,2009-01-20,17.1,2,0,0
37,19,2,6,6,4,0,2,666,171,2009-01-20,17.1,2,0,0
39,19,2,7,7,7,0,0,741,171,2009-01-20,17.1,2,0,0
40,19,2,7,7,7,0,0,780,171,2009-01-20,17.1,2,0,0
41,19,2,7,7,7,0,0,820,171,2009-01-20,17.1,2,0,0
42,19,2,7,7,7,0,0,861,171,2009-01-20,17.1,2,0,0
43,19,2,7,7,7,0,0,903,171,2009-01-20,17.1,2,0,0
44,19,2,8,8,7,0,1,946,171,2009-01-20,17.1,2,0,0
46,19,2,9,9,8,0,1,1035,171,2009-01-21,17.1,2,0,0
48,19,2,10,10,8,0,2,1128,171,2009-01-20,17.1,2,0,0
49,19,2,10,10,8,0,2,1176,171,2009-01-20,17.1,2,0,0
58,19,2,13,13,13,0,0,1653,171,2009-01-20,17.1,2,0,0
59,19,2,13,13,13,0,0,1711,171,2009-01-21,17.1,2,0,0
60,19,2,13,13,13,0,0,1770,171,2009-01-20,17.1,2,0,0
77,19,2,21,21,21,0,0,2926,171,2009-01-22,17.1,2,0,0
21,20,2,3,3,3,0,0,210,190,2009-01-20,17.1,2,0,0
23,20,2,3,3,3,0,0,253,190,2009-01-21,17.1,2,0,0
25,20,2,3,3,3,0,0,300,190,2009-01-20,17.1,2,0,0
27,20,2,3,3,3,0,0,351,190,2009-01-21,17.1,2,0,0
28,20,2,3,3,3,0,0,378,190,2009-01-21,17.1,2,0,0
29,20,2,3,3,3,0,0,406,190,2009-01-20,17.1,2,0,0
30,20,2,3,3,3,0,0,435,190,2009-01-21,17.1,2,0,0
31,20,2,4,4,4,0,0,465,190,2009-01-20,17.1,2,0,0
32,20,2,4,4,4,0,0,496,190,2009-01-20,17.1,2,0,0
35,20,2,5,5,4,0,1,595,190,2009-01-20,17.1,2,0,0
36,20,2,5,5,4,0,1,630,190,2009-01-20,17.1,3,0,0
37,20,2,6,6,4,0,2,666,190,2009-01-20,17.1,2,0,0
39,20,2,6,6,4,0,2,741,190,2009-01-20,17.1,2,0,0
40,20,2,6,6,6,0,0,780,190,2009-01-21,17.1,2,0,0
41,20,2,7,7,7,0,0,820,190,2009-01-20,17.1,2,0,0
43,20,2,7,7,7,0,0,903,190,2009-01-20,17.1,2,0,0
45,20,2,7,7,7,0,0,990,190,2009-01-22,17.1,2,0,0
47,20,2,8,8,8,0,0,1081,190,2009-01-21,17.1,2,0,0
48,20,2,8,8,8,0,0,1128,190,2009-01-20,17.1,2,0,0
49,20,2,9,9,8,0,1,1176,190,2009-01-20,17.1,2,0,0
50,20,2,9,9,8,0,1,1225,190,2009-01-21,17.1,3,0,0
51,20,2,10,10,8,0,2,1275,190,2009-01-20,17.1,3,0,0
52,20,2,10,10,8,0,2,1326,190,2009-01-20,17.1,3,0,0
53,20,2,11,11,8,0,3,1378,190,2009-01-21,17.1,2,0,0
54,20,2,11,11,9,0,2,1431,190,2009-01-20,17.1,2,0,0
56,20,2,11,11,9,0,2,1540,190,2009-01-20,17.1,3,0,0
57,20,2,12,12,9,0,3,1596,190,2009-01-20,17.1,2,0,0
58,20,2,12,12,9,0,3,1653,190,2009-01-21,17.1,2,0,0
60,20,2,12,12,12,0,0,1770,190,2009-01-21,17.1,3,0,0
75,20,2,19,19,15,0,4,2775,190,2009-01-07,17.1,3,0,0
76,20,2,19,19,16,0,3,2850,190,2009-01-08,17.1,3,0,0
22,21,2,3,3,3,0,0,231,210,2009-01-20,17.1,2,0,0
23,21,2,3,3,3,0,0,253,210,2009-01-20,17.1,2,0,0
25,21,2,3,3,3,0,0,300,210,2009-01-20,17.1,2,0,0
26,21,2,3,3,3,0,0,325,210,2009-01-20,17.1,2,0,0
28,21,2,3,3,3,0,0,378,210,2009-01-20,17.1,2,0,0
29,21,2,3,3,3,0,0,406,210,2009-01-20,17.1,2,0,0
31,21,2,3,3,3,0,0,465,210,2009-01-20,17.1,2,0,0
32,21,2,4,4,4,0,0,496,210,2009-01-21,17.1,2,0,0
33,21,2,4,4,4,0,0,528,210,2009-01-21,17.1,2,0,0
34,21,2,4,4,4,0,0,561,210,2009-01-21,17.1,2,0,0
35,21,2,4,4,4,0,0,595,210,2009-01-21,17.1,2,0,0
37,21,2,5,5,4,0,1,666,210,2009-01-21,17.1,3,0,0
38,21,2,6,6,4,0,2,703,210,2009-01-21,17.1,2,0,0
40,21,2,6,6,4,0,2,780,210,2009-01-21,17.1,2,0,0
41,21,2,6,6,4,0,2,820,210,2009-01-21,17.1,2,0,0
42,21,2,6,6,6,0,0,861,210,2009-01-21,17.1,2,0,0
43,21,2,7,7,7,0,0,903,210,2009-01-20,17.1,2,0,0
44,21,2,7,7,7,0,0,946,210,2009-01-20,17.1,2,0,0
46,21,2,7,7,7,0,0,1035,210,2009-01-20,17.1,2,0,0
47,21,2,7,7,7,0,0,1081,210,2009-01-20,17.1,2,0,0
48,21,2,7,7,7,0,0,1128,210,2009-01-21,17.1,2,0,0
49,21,2,7,7,7,0,0,1176,210,2009-01-21,17.1,3,0,0
53,21,2,10,10,8,0,2,1378,210,2009-01-20,17.1,3,0,0
54,21,2,10,10,8,0,2,1431,210,2009-01-21,17.1,2,0,0
56,21,2,11,11,8,0,3,1540,210,2009-01-20,17.1,2,0,0
57,21,2,11,11,9,0,2,1596,210,2009-01-21,17.1,2,0,0
59,21,2,12,12,9,0,3,1711,210,2009-01-05,17.1,1,0,0
67,21,2,14,14,13,0,1,2211,210,2009-01-08,17.1,5,0,0
68,21,2,14,14,13,0,1,2278,210,2009-01-08,17.1,3,0,0
23,22,2,3,3,3,0,0,253,231,2009-01-20,17.1,2,0,0
25,22,2,3,3,3,0,0,300,231,2009-01-21,17.1,2,0,0
26,22,2,3,3,3,0,0,325,231,2009-01-20,17.1,2,0,0
27,22,2,3,3,3,0,0,351,231,2009-01-20,17.1,2,0,0
29,22,2,3,3,3,0,0,406,231,2009-01-20,17.1,2,0,0
31,22,2,3,3,3,0,0,465,231,2009-01-20,17.1,2,0,0
35,22,2,4,4,4,0,0,595,231,2009-01-21,17.1,2,0,0
37,22,2,5,5,4,0,1,666,231,2009-01-20,17.1,2,0,0
38,22,2,5,5,4,0,1,703,231,2009-01-20,17.1,2,0,0
41,22,2,6,6,4,0,2,820,231,2009-01-20,17.1,2,0,0
42,22,2,6,6,4,0,2,861,231,2009-01-20,17.1,2,0,0
43,22,2,6,6,4,0,2,903,231,2009-01-21,17.1,2,0,0
44,22,2,6,6,6,0,0,946,231,2009-01-21,17.1,2,0,0
45,22,2,7,7,7,0,0,990,231,2009-01-20,17.1,2,0,0
47,22,2,7,7,7,0,0,1081,231,2009-01-20,17.1,2,0,0
49,22,2,7,7,7,0,0,1176,231,2009-01-20,17.1,2,0,0
52,22,2,8,8,8,0,0,1326,231,2009-01-21,17.1,2,0,0
53,22,2,9,9,8,0,1,1378,231,2009-01-20,17.1,2,0,0
54,22,2,9,9,8,0,1,1431,231,2009-01-21,17.1,3,0,0
56,22,2,10,10,8,0,2,1540,231,2009-01-20,17.1,2,0,0
58,22,2,10,10,8,0,2,1653,231,2009-01-21,17.1,2,0,0
59,22,2,11,11,9,0,2,1711,231,2009-01-21,17.1,2,0,0
60,22,2,11,11,9,0,2,1770,231,2009-01-21,17.1,2,0,0
64,22,2,12,12,9,0,3,2016,231,2009-01-20,17.1,3,0,0
66,22,2,13,13,12,0,1,2145,231,2009-01-05,17.1,1,0,0
24,23,2,3,3,3,0,0,276,253,2009-01-20,17.1,2,0,0
25,23,2,3,3,3,0,0,300,253,2009-01-21,17.1,2,0,0
26,23,2,3,3,3,0,0,325,253,2009-01-21,17.1,2,0,0
27,23,2,3,3,3,0,0,351,253,2009-01-20,17.1,2,0,0
28,23,2,3,3,3,0,0,378,253,2009-01-20,17.1,2,0,0
29,23,2,3,3,3,0,0,406,253,2009-01-20,17.1,2,0,0
30,23,2,3,3,3,0,0,435,253,2009-01-21,17.1,2,0,0
31,23,2,3,3,3,0,0,465,253,2009-01-21,17.1,2,0,0
32,23,2,3,3,3,0,0,496,253,2009-01-20,17.1,2,0,0
33,23,2,3,3,3,0,0,528,253,2009-01-21,17.1,2,0,0
34,23,2,3,3,3,0,0,561,253,2009-01-22,17.1,2,0,0
35,23,2,4,4,4,0,0,595,253,2009-01-20,17.1,2,0,0
36,23,2,4,4,4,0,0,630,253,2009-01-20,17.1,2,0,0
37,23,2,4,4,4,0,0,666,253,2009-01-21,17.1,2,0,0
39,23,2,5,5,4,0,1,741,253,2009-01-20,17.1,2,0,0
40,23,2,5,5,4,0,1,780,253,2009-01-22,17.1,2,0,0
42,23,2,6,6,4,0,2,861,253,2009-01-21,17.1,2,0,0
43,23,2,6,6,4,0,2,903,253,2009-01-20,17.1,2,0,0
44,23,2,6,6,4,0,2,946,253,2009-01-20,17.1,2,0,0
45,23,2,6,6,4,0,2,990,253,2009-01-20,17.1,2,0,0
47,23,2,7,7,7,0,0,1081,253,2009-01-20,17.1,2,0,0
48,23,2,7,7,7,0,0,1128,253,2009-01-20,17.1,2,0,0
49,23,2,7,7,7,0,0,1176,253,2009-01-20,17.1,2,0,0
50,23,2,7,7,7,0,0,1225,253,2009-01-20,17.1,2,0,0
52,23,2,7,7,7,0,0,1326,253,2009-01-21,17.1,3,0,0
54,23,2,8,8,8,0,0,1431,253,2009-01-21,17.1,2,0,0
56,23,2,9,9,8,0,1,1540,253,2009-01-22,17.1,2,0,0
58,23,2,10,10,8,0,2,1653,253,2009-01-21,17.1,2,0,0
65,23,2,12,12,9,0,3,2080,253,2009-01-05,17.1,1,0,0
66,23,2,12,12,9,0,3,2145,253,2009-01-08,17.1,2,0,0
67,23,2,12,12,9,0,3,2211,253,2009-01-08,17.1,2,0,0
71,23,2,13,13,13,0,0,2485,253,2009-01-20,17.1,2,0,0
72,23,2,13,13,13,0,0,2556,253,2009-01-21,17.1,2,0,0
73,23,2,13,13,13,0,0,2628,253,2009-01-22,17.1,2,0,0
25,24,2,3,3,3,0,0,300,276,2009-01-20,17.1,2,0,0
29,24,2,3,3,3,0,0,406,276,2009-01-20,17.1,2,0,0
30,24,2,3,3,3,0,0,435,276,2009-01-20,17.1,2,0,0
31,24,2,3,3,3,0,0,465,276,2009-01-20,17.1,2,0,0
32,24,2,3,3,3,0,0,496,276,2009-01-20,17.1,2,0,0
35,24,2,3,3,3,0,0,595,276,2009-01-21,17.1,2,0,0
36,24,2,3,3,3,0,0,630,276,2009-01-20,17.1,2,0,0
37,24,2,4,4,4,0,0,666,276,2009-01-21,17.1,2,0,0
40,24,2,4,4,4,0,0,780,276,2009-01-20,17.1,2,0,0
41,24,2,5,5,4,0,1,820,276,2009-01-20,17.1,2,0,0
42,24,2,5,5,4,0,1,861,276,2009-01-20,17.1,2,0,0
45,24,2,6,6,4,0,2,990,276,2009-01-21,17.1,2,0,0
47,24,2,6,6,4,0,2,1081,276,2009-01-20,17.1,2,0,0
48,24,2,6,6,6,0,0,1128,276,2009-01-20,17.1,2,0,0
49,24,2,7,7,7,0,0,1176,276,2009-01-20,17.1,2,0,0
55,24,2,7,7,7,0,0,1485,276,2009-01-20,17.1,2,0,0
56,24,2,7,7,7,0,0,1540,276,2009-01-21,17.1,2,0,0
59,24,2,9,9,8,0,1,1711,276,2009-01-20,17.1,2,0,0
60,24,2,9,9,8,0,1,1770,276,2009-01-21,17.1,2,0,0
61,24,2,10,10,8,0,2,1830,276,2009-01-21,17.1,2,0,0
62,24,2,10,10,8,0,2,1891,276,2009-01-08,17.1,2,0,0
63,24,2,10,10,8,0,2,1953,276,2009-01-08,17.1,2,0,0
64,24,2,10,10,8,0,2,2016,276,2009-01-20,17.1,2,0,0
65,24,2,11,11,9,0,2,2080,276,2009-01-08,17.1,1,0,0
66,24,2,11,11,9,0,2,2145,276,2009-01-05,17.1,1,0,0
67,24,2,12,12,9,0,3,2211,276,2009-01-08,17.1,2,0,0
68,24,2,12,12,9,0,3,2278,276,2009-01-05,17.1,1,0,0
97,24,2,21,21,21,0,0,4656,276,2009-01-22,17.1,2,0,0
98,24,2,21,21,21,0,0,4753,276,2009-01-20,17.1,2,0,0
46,4,3,3795,3795,3795,0,0,15180,4,2009-01-05,17.1,2,0,0
53,4,3,5976,5976,5976,0,0,23426,4,2009-01-21,17.1,2,0,0
65,9,3,520,520,520,0,0,43680,84,2009-01-23,17.1,6,0,0
66,9,3,602,602,602,0,0,45760,84,2009-01-25,17.1,4,0,0
82,10,3,738,738,738,0,0,88560,120,2009-01-23,17.1,3,0,0
83,10,3,839,839,839,0,0,91881,120,2009-01-25,17.1,5,0,0
18,17,3,4,4,4,0,0,816,680,2009-01-21,17.1,2,0,0
19,17,3,4,4,4,0,0,969,680,2009-01-20,17.1,2,0,0
20,17,3,4,4,4,0,0,1140,680,2009-01-20,17.1,2,0,0
21,17,3,4,4,4,0,0,1330,680,2009-01-20,17.1,2,0,0
22,17,3,4,4,4,0,0,1540,680,2009-01-22,17.1,2,0,0
23,17,3,5,5,5,0,0,1771,680,2009-01-20,17.1,2,0,0
24,17,3,6,6,5,0,1,2024,680,2009-01-20,17.1,2,0,0
25,17,3,6,6,5,0,1,2300,680,2009-01-21,17.1,3,0,0
27,17,3,9,9,7,0,2,2925,680,2009-01-22,17.1,3,0,0
19,18,3,4,4,4,0,0,969,816,2009-01-21,17.1,2,0,0
22,18,3,4,4,4,0,0,1540,816,2009-01-20,17.1,2,0,0
23,18,3,4,4,4,0,0,1771,816,2009-01-20,17.1,2,0,0
24,18,3,4,4,4,0,0,2024,816,2009-01-20,17.1,2,0,0
26,18,3,6,6,5,0,1,2600,816,2009-01-21,17.1,2,0,0
27,18,3,7,7,6,0,1,2925,816,2009-01-21,17.1,2,0,0
28,18,3,8,8,7,0,1,3276,816,2009-01-21,17.1,2,0,0
33,18,3,11,11,8,0,3,5456,816,2009-01-20,17.1,3,0,0
37,18,3,15,15,15,0,0,7770,816,2009-01-20,17.1,2,0,0
53,18,3,39,39,39,0,0,23426,816,2009-01-22,17.1,4,0,0
54,18,3,39,39,39,0,0,24804,816,2009-01-10,17.1,2,0,0
20,19,3,4,4,4,0,0,1140,969,2009-01-20,17.1,2,0,0
21,19,3,4,4,4,0,0,1330,969,2009-01-20,17.1,2,0,0
22,19,3,4,4,4,0,0,1540,969,2009-01-20,17.1,2,0,0
23,19,3,4,4,4,0,0,1771,969,2009-01-21,17.1,3,0,0
24,19,3,4,4,4,0,0,2024,969,2009-01-20,17.1,2,0,0
25,19,3,4,4,4,0,0,2300,969,2009-01-20,17.1,2,0,0
26,19,3,5,5,5,0,0,2600,969,2009-01-21,17.1,2,0,0
27,19,3,6,6,5,0,1,2925,969,2009-01-20,17.1,2,0,0
34,19,3,11,11,8,0,3,5984,969,2009-01-08,17.1,3,0,0
21,20,3,4,4,4,0,0,1330,1140,2009-01-20,17.1,2,0,0
23,20,3,4,4,4,0,0,1771,1140,2009-01-20,17.1,2,0,0
24,20,3,4,4,4,0,0,2024,1140,2009-01-20,17.1,2,0,0
27,20,3,5,5,5,0,0,2925,1140,2009-01-22,17.1,2,0,0
28,20,3,5,5,5,0,0,3276,1140,2009-01-21,17.1,2,0,0
29,20,3,6,6,5,0,1,3654,1140,2009-01-21,17.1,2,0,0
30,20,3,6,6,6,0,0,4060,1140,2009-01-21,17.1,3,0,0
31,20,3,8,8,7,0,1,4495,1140,2009-01-20,17.1,2,0,0
32,20,3,8,8,7,0,1,4960,1140,2009-01-20,17.1,2,0,0
41,20,3,15,15,15,0,0,10660,1140,2009-01-22,17.1,3,0,0
22,21,3,4,4,4,0,0,1540,1330,2009-01-20,17.1,2,0,0
23,21,3,4,4,4,0,0,1771,1330,2009-01-21,17.1,2,0,0
24,21,3,4,4,4,0,0,2024,1330,2009-01-20,17.1,2,0,0
25,21,3,4,4,4,0,0,2300,1330,2009-01-20,17.1,2,0,0
26,21,3,4,4,4,0,0,2600,1330,2009-01-20,17.1,2,0,0
29,21,3,5,5,5,0,0,3654,1330,2009-01-22,17.1,2,0,0
31,21,3,6,6,5,0,1,4495,1330,2009-01-21,17.1,2,0,0
23,22,3,4,4,4,0,0,1771,1540,2009-01-20,17.1,2,0,0
25,22,3,4,4,4,0,0,2300,1540,2009-01-21,17.1,2,0,0
27,22,3,4,4,4,0,0,2925,1540,2009-01-20,17.1,2,0,0
29,22,3,4,4,4,0,0,3654,1540,2009-01-21,17.1,2,0,0
30,22,3,5,5,5,0,0,4060,1540,2009-01-21,17.1,2,0,0
31,22,3,6,6,5,0,1,4495,1540,2009-01-21,17.1,2,0,0
24,23,3,4,4,4,0,0,2024,1771,2009-01-20,17.1,2,0,0
25,23,3,4,4,4,0,0,2300,1771,2009-01-20,17.1,2,0,0
26,23,3,4,4,4,0,0,2600,1771,2009-01-21,17.1,2,0,0
27,23,3,4,4,4,0,0,2925,1771,2009-01-21,17.1,2,0,0
28,23,3,4,4,4,0,0,3276,1771,2009-01-21,17.1,2,0,0
29,23,3,4,4,4,0,0,3654,1771,2009-01-21,17.1,2,0,0
30,23,3,4,4,4,0,0,4060,1771,2009-01-22,17.1,2,0,0
31,23,3,5,5,5,0,0,4495,1771,2009-01-22,17.1,2,0,0
34,23,3,6,6,5,0,1,5984,1771,2009-01-22,17.1,2,0,0
35,23,3,7,7,7,0,0,6545,1771,2009-01-11,17.1,1,0,0
36,23,3,8,8,7,0,1,7140,1771,2009-01-11,17.1,1,0,0
47,23,3,15,15,15,0,0,16215,1771,2009-01-22,17.1,4,0,0
25,24,3,4,4,4,0,0,2300,2024,2009-01-20,17.1,2,0,0
29,24,3,4,4,4,0,0,3654,2024,2009-01-21,17.1,2,0,0
30,24,3,4,4,4,0,0,4060,2024,2009-01-20,17.1,2,0,0
31,24,3,4,4,4,0,0,4495,2024,2009-01-21,17.1,2,0,0
32,24,3,4,4,4,0,0,4960,2024,2009-01-20,17.1,2,0,0
34,24,3,6,6,5,0,1,5984,2024,2009-01-05,17.1,1,0,0
35,24,3,6,6,5,0,1,6545,2024,2009-01-07,17.1,2,0,0
37,24,3,8,8,7,0,1,7770,2024,2009-01-20,17.1,3,0,0
38,24,3,8,8,7,0,1,8436,2024,2009-01-11,17.1,1,0,0
43,24,3,11,11,8,0,3,12341,2024,2009-01-22,17.1,2,0,0
44,24,3,11,11,8,0,3,13244,2024,2009-01-10,17.1,1,0,0
47,24,3,14,14,12,0,2,16215,2024,2009-01-21,17.1,3,0,0
18,17,4,5,5,5,0,0,3060,2380,2009-01-20,17.1,2,0,0
19,17,4,5,5,5,0,0,3876,2380,2009-01-20,17.1,2,0,0
20,17,4,5,5,5,0,0,4845,2380,2009-01-21,17.1,2,0,0
21,17,4,5,5,5,0,0,5985,2380,2009-01-22,17.1,2,0,0
22,17,4,7,7,6,0,1,7315,2380,2009-01-21,17.1,2,0,0
19,18,4,5,5,5,0,0,3876,3060,2009-01-20,17.1,2,0,0
22,18,4,5,5,5,0,0,7315,3060,2009-01-21,17.1,2,0,0
24,18,4,7,7,7,0,0,10626,3060,2009-01-21,17.1,4,0,0
20,19,4,5,5,5,0,0,4845,3876,2009-01-20,17.1,2,0,0
21,19,4,5,5,5,0,0,5985,3876,2009-01-20,17.1,2,0,0
22,19,4,5,5,5,0,0,7315,3876,2009-01-20,17.1,2,0,0
23,19,4,5,5,5,0,0,8855,3876,2009-01-22,17.1,2,0,0
24,19,4,6,6,6,0,0,10626,3876,2009-01-20,17.1,2,0,0
25,19,4,7,7,6,0,1,12650,3876,2009-01-21,17.1,2,0,0
26,19,4,9,9,7,0,2,14950,3876,2009-01-20,17.1,2,0,0
27,19,4,10,10,8,0,2,17550,3876,2009-01-21,17.1,3,0,0
21,20,4,5,5,5,0,0,5985,4845,2009-01-20,17.1,2,0,0
23,20,4,5,5,5,0,0,8855,4845,2009-01-20,17.1,2,0,0
26,20,4,7,7,6,0,1,14950,4845,2009-01-20,17.1,2,0,0
28,20,4,9,9,7,0,2,20475,4845,2009-01-21,17.1,3,0,0
22,21,4,5,5,5,0,0,7315,5985,2009-01-21,17.1,2,0,0
23,21,4,5,5,5,0,0,8855,5985,2009-01-21,17.1,2,0,0
26,21,4,5,5,5,0,0,14950,5985,2009-01-20,17.1,2,0,0
27,21,4,6,6,6,0,0,17550,5985,2009-01-20,17.1,3,0,0
28,21,4,8,8,7,0,1,20475,5985,2009-01-21,17.1,2,0,0
30,21,4,10,10,8,0,2,27405,5985,2009-01-20,17.1,3,0,0
23,22,4,5,5,5,0,0,8855,7315,2009-01-21,17.1,2,0,0
25,22,4,5,5,5,0,0,12650,7315,2009-01-20,17.1,2,0,0
27,22,4,5,5,5,0,0,17550,7315,2009-01-21,17.1,2,0,0
28,22,4,6,6,6,0,0,20475,7315,2009-01-20,17.1,2,0,0
31,22,4,10,10,8,0,2,31465,7315,2009-01-20,17.1,3,0,0
24,23,4,5,5,5,0,0,10626,8855,2009-01-22,17.1,2,0,0
25,23,4,5,5,5,0,0,12650,8855,2009-01-20,17.1,2,0,0
26,23,4,5,5,5,0,0,14950,8855,2009-01-20,17.1,2,0,0
27,23,4,5,5,5,0,0,17550,8855,2009-01-20,17.1,2,0,0
28,23,4,5,5,5,0,0,20475,8855,2009-01-21,17.1,2,0,0
29,23,4,6,6,6,0,0,23751,8855,2009-01-22,17.1,2,0,0
30,23,4,7,7,6,0,1,27405,8855,2009-01-21,17.1,3,0,0
33,23,4,10,10,8,0,2,40920,8855,2009-01-11,17.1,1,0,0
25,24,4,5,5,5,0,0,12650,10626,2009-01-20,17.1,2,0,0
29,24,4,5,5,5,0,0,23751,10626,2009-01-20,17.1,2,0,0
30,24,4,5,5,5,0,0,27405,10626,2009-01-21,17.1,2,0,0
31,24,4,7,7,6,0,1,31465,10626,2009-01-21,17.1,2,0,0
32,24,4,7,7,7,0,0,35960,10626,2009-01-21,17.1,4,0,0
33,24,4,9,9,7,0,2,40920,10626,2009-01-20,17.1,3,0,0
19,18,5,6,6,6,0,0,11628,8568,2009-01-22,17.1,2,0,0
20,18,5,6,6,6,0,0,15504,8568,2009-01-21,17.1,2,0,0
21,18,5,6,6,6,0,0,20349,8568,2009-01-21,17.1,2,0,0
22,18,5,7,7,7,0,0,26334,8568,2009-01-21,17.1,3,0,0
20,19,5,6,6,6,0,0,15504,11628,2009-01-22,17.1,2,0,0
21,19,5,6,6,6,0,0,20349,11628,2009-01-22,17.1,2,0,0
22,19,5,6,6,6,0,0,26334,11628,2009-01-22,17.1,2,0,0
23,19,5,7,7,7,0,0,33649,11628,2009-01-22,17.1,2,0,0
21,20,5,6,6,6,0,0,20349,15504,2009-01-22,17.1,2,0,0
22,20,5,6,6,6,0,0,26334,15504,2009-01-21,17.1,2,0,0
23,20,5,6,6,6,0,0,33649,15504,2009-01-22,17.1,2,0,0
24,20,5,6,6,6,0,0,42504,15504,2009-01-21,17.1,2,0,0
25,20,5,9,9,8,0,1,53130,15504,2009-01-22,17.1,2,0,0
26,20,5,10,10,8,0,2,65780,15504,2009-01-05,17.1,3,0,0
27,20,5,13,13,10,0,3,80730,15504,2009-01-08,17.1,4,0,0
22,21,5,6,6,6,0,0,26334,20349,2009-01-22,17.1,2,0,0
23,21,5,6,6,6,0,0,33649,20349,2009-01-22,17.1,2,0,0
24,21,5,6,6,6,0,0,42504,20349,2009-01-21,17.1,2,0,0
25,21,5,6,6,6,0,0,53130,20349,2009-01-22,17.1,2,0,0
27,21,5,9,9,8,0,1,80730,20349,2009-01-21,17.1,4,0,0
23,22,5,6,6,6,0,0,33649,26334,2009-01-22,17.1,2,0,0
24,22,5,6,6,6,0,0,42504,26334,2009-01-21,17.1,2,0,0
25,22,5,6,6,6,0,0,53130,26334,2009-01-22,17.1,2,0,0
26,22,5,6,6,6,0,0,65780,26334,2009-01-21,17.1,2,0,0
27,22,5,8,8,7,0,1,80730,26334,2009-01-22,17.1,3,0,0
28,22,5,9,9,8,0,1,98280,26334,2009-01-22,17.1,3,0,0
30,22,5,13,13,10,0,3,142506,26334,2009-01-21,17.1,1,0,0
24,23,5,6,6,6,0,0,42504,33649,2009-01-22,17.1,2,0,0
25,23,5,6,6,6,0,0,53130,33649,2009-01-22,17.1,2,0,0
26,23,5,6,6,6,0,0,65780,33649,2009-01-22,17.1,2,0,0
27,23,5,6,6,6,0,0,80730,33649,2009-01-22,17.1,2,0,0
28,23,5,7,7,7,0,0,98280,33649,2009-01-18,17.1,2,0,0
29,23,5,9,9,8,0,1,118755,33649,2009-01-25,17.1,3,0,0
25,24,5,6,6,6,0,0,53130,42504,2009-01-22,17.1,2,0,0
26,24,5,6,6,6,0,0,65780,42504,2009-01-21,17.1,2,0,0
27,24,5,6,6,6,0,0,80730,42504,2009-01-21,17.1,2,0,0
28,24,5,6,6,6,0,0,98280,42504,2009-01-21,17.1,2,0,0
29,24,5,7,7,7,0,0,118755,42504,2009-01-22,17.1,2,0,0
30,24,5,8,8,8,0,0,142506,42504,2009-01-21,17.1,2,0,0
15,13,6,7,7,7,0,0,5005,1716,2009-02-06,17.1,4,0,0
21,17,6,11,11,10,0,1,54264,12376,2009-01-05,17.1,3,0,0
21,19,6,7,7,7,0,0,54264,27132,2009-02-06,17.1,2,0,0
22,19,6,7,7,7,0,0,74613,27132,2009-02-08,17.1,2,0,0
23,19,6,10,10,9,0,1,100947,27132,2009-02-06,17.1,2,0,0
21,20,6,7,7,7,0,0,54264,38760,2009-02-06,17.1,2,0,0
22,20,6,7,7,7,0,0,74613,38760,2009-01-21,17.1,2,0,0
23,20,6,7,7,7,0,0,100947,38760,2009-02-06,17.1,2,0,0
24,20,6,9,9,9,0,0,134596,38760,2009-01-21,17.1,4,0,0
22,21,6,7,7,7,0,0,74613,54264,2009-02-08,17.1,2,0,0
23,21,6,7,7,7,0,0,100947,54264,2009-02-08,17.1,2,0,0
24,21,6,7,7,7,0,0,134596,54264,2009-01-21,17.1,2,0,0
25,21,6,9,9,8,0,1,177100,54264,2009-02-08,17.1,4,0,0
23,22,6,7,7,7,0,0,100947,74613,2009-02-08,17.1,2,0,0
24,22,6,7,7,7,0,0,134596,74613,2009-01-21,17.1,2,0,0
25,22,6,7,7,7,0,0,177100,74613,2009-02-08,17.1,2,0,0
26,22,6,8,8,8,0,0,230230,74613,2009-01-21,17.1,2,0,0
27,22,6,12,12,9,0,3,296010,74613,2009-01-05,17.1,1,0,0
24,23,6,7,7,7,0,0,134596,100947,2009-02-06,17.1,2,0,0
25,23,6,7,7,7,0,0,177100,100947,2009-02-06,17.1,2,0,0
26,23,6,7,7,7,0,0,230230,100947,2009-02-06,17.1,2,0,0
27,23,6,8,8,8,0,0,296010,100947,2009-02-06,17.1,2,0,0
28,23,6,11,11,9,0,2,376740,100947,2009-02-09,17.1,3,0,0
29,23,6,13,13,11,0,2,475020,100947,2009-02-08,17.1,2,0,0
25,24,6,7,7,7,0,0,177100,134596,2009-02-06,17.1,2,0,0
26,24,6,7,7,7,0,0,230230,134596,2009-01-21,17.1,2,0,0
27,24,6,7,7,7,0,0,296010,134596,2009-01-21,17.1,2,0,0
28,24,6,7,7,7,0,0,376740,134596,2009-01-21,17.1,3,0,0
29,24,6,10,10,9,0,1,475020,134596,2009-02-06,17.1,3,0,0
30,24,6,12,12,10,0,2,593775,134596,2009-01-05,17.1,1,0,0
19,18,7,8,8,8,0,0,50388,31824,2009-02-06,17.1,2,0,0
20,18,7,8,8,8,0,0,77520,31824,2009-01-21,17.1,2,0,0
20,19,7,8,8,8,0,0,77520,50388,2009-02-06,17.1,2,0,0
21,19,7,8,8,8,0,0,116280,50388,2009-02-08,17.1,2,0,0
21,20,7,8,8,8,0,0,116280,77520,2009-02-06,17.1,2,0,0
22,20,7,8,8,8,0,0,170544,77520,2009-01-21,17.1,2,0,0
24,20,7,12,12,11,0,1,346104,77520,2009-01-21,17.1,2,0,0
22,21,7,8,8,8,0,0,170544,116280,2009-02-06,17.1,2,0,0
23,21,7,8,8,8,0,0,245157,116280,2009-02-06,17.1,2,0,0
25,21,7,12,12,11,0,1,480700,116280,2009-02-06,17.1,2,0,0
23,22,7,8,8,8,0,0,245157,170544,2009-02-06,17.1,2,0,0
24,22,7,8,8,8,0,0,346104,170544,2009-01-21,17.1,2,0,0
25,22,7,8,8,8,0,0,480700,170544,2009-02-06,17.1,2,0,0
26,22,7,11,11,10,0,1,657800,170544,2009-01-21,17.1,4,0,0
24,23,7,8,8,8,0,0,346104,245157,2009-02-06,17.1,2,0,0
25,23,7,8,8,8,0,0,480700,245157,2009-02-06,17.1,2,0,0
26,23,7,8,8,8,0,0,657800,245157,2009-02-08,17.1,2,0,0
27,23,7,11,11,10,0,1,888030,245157,2009-02-08,17.1,2,0,0
28,23,7,15,15,11,0,4,1184040,245157,2009-01-17,17.1,1,0,0
25,24,7,8,8,8,0,0,480700,346104,2009-02-06,17.1,2,0,0
26,24,7,8,8,8,0,0,657800,346104,2009-01-21,17.1,2,0,0
27,24,7,8,8,8,0,0,888030,346104,2009-01-21,17.1,2,0,0
28,24,7,10,10,10,0,0,1184040,346104,2009-01-21,17.1,3,0,0
18,17,8,9,9,9,0,0,43758,24310,2009-02-06,17.1,2,0,0
19,17,8,9,9,9,0,0,75582,24310,2009-02-08,17.1,2,0,0
20,19,8,9,9,9,0,0,125970,75582,2009-02-06,17.1,2,0,0
21,19,8,9,9,9,0,0,203490,75582,2009-02-08,17.1,2,0,0
21,20,8,9,9,9,0,0,203490,125970,2009-02-06,17.1,2,0,0
22,20,8,9,9,9,0,0,319770,125970,2009-01-21,17.1,2,0,0
22,21,8,9,9,9,0,0,319770,203490,2009-02-06,17.1,2,0,0
23,21,8,9,9,9,0,0,490314,203490,2009-02-08,17.1,2,0,0
25,21,8,16,16,14,0,2,1081575,203490,2009-02-04,17.1,2,0,0
23,22,8,9,9,9,0,0,490314,319770,2009-02-06,17.1,2,0,0
24,22,8,9,9,9,0,0,735471,319770,2009-01-21,17.1,2,0,0
24,23,8,9,9,9,0,0,735471,490314,2009-02-06,17.1,2,0,0
25,23,8,9,9,9,0,0,1081575,490314,2009-02-06,17.1,2,0,0
27,23,8,14,14,12,0,2,2220075,490314,2009-02-08,17.1,2,0,0
25,24,8,9,9,9,0,0,1081575,735471,2009-02-06,17.1,2,0,0
26,24,8,9,9,9,0,0,1562275,735471,2009-01-21,17.1,2,0,0
60,14,5,7554,3210,3018,4344,4536,5461512,2002,2009-03-16,17.0,3,0,0
83,21,5,4680,1672,1605,3008,3075,29034396,20349,2009-02-19,17.0,2,0,0
84,21,5,4680,1796,1660,2884,3020,30872016,20349,2009-02-18,17.0,1,0,0
55,14,5,4680,2106,2106,2574,2574,3478761,2002,2009-02-18,17.0,1,0,0
56,14,5,4680,2220,2220,2460,2460,3819816,2002,2009-02-18,17.0,1,0,0
50,14,5,2952,1186,1186,1766,1766,2118760,2002,2009-02-18,17.0,1,0,0
81,4,2,547,547,547,0,0,3240,6,2009-03-17,17.0,3,0,0
64,17,2,19,19,16,0,3,2016,136,2009-02-26,17.0,2,0,0
33,4,2,91,91,91,0,0,528,6,2009-04-14,16.9,2,0,0
98,9,2,142,142,142,0,0,4753,36,2009-04-13,16.9,3,0,0
20,17,6,8,8,8,0,0,38760,12376,2009-04-18,16.9,3,0,0
20,17,7,12,12,10,0,2,77520,19448,2009-04-18,16.9,3,0,0
21,18,7,11,11,10,0,1,116280,31824,2009-04-18,16.9,2,0,0
22,19,7,10,10,9,0,1,170544,50388,2009-04-18,16.9,2,0,0
23,20,7,9,9,9,0,0,245157,77520,2009-04-18,16.9,2,0,0
20,17,8,16,16,13,0,3,125970,24310,2009-04-18,16.9,2,0,0
22,19,8,14,14,12,0,2,319770,75582,2009-04-18,16.9,3,0,0
23,20,8,13,13,11,0,2,490314,125970,2009-04-18,16.9,2,0,0
24,21,8,12,12,11,0,1,735471,203490,2009-04-18,16.9,2,0,0
25,22,8,11,11,10,0,1,1081575,319770,2009-04-18,16.9,2,0,0
26,23,8,10,10,10,0,0,1562275,490314,2009-04-18,16.9,2,0,0
98,8,3,3260,2720,2720,540,540,152096,56,2009-05-07,16.8,11,0,0
83,8,3,2082,1702,1702,380,380,91881,56,2009-05-29,16.8,10,0,0
79,4,3,20033,20027,20027,6,6,79079,4,2009-04-27,16.8,3,0,0
55,4,3,6687,6683,6683,4,4,26235,4,2009-04-27,16.8,6,0,0
67,4,2,369,369,369,0,0,2211,6,2009-05-07,16.8,4,0,0
70,5,2,252,252,252,0,0,2415,10,2009-05-06,16.8,3,0,0
74,5,2,282,282,282,0,0,2701,10,2009-05-09,16.8,6,0,0
96,8,3,3002,2616,2616,386,386,142880,56,2009-07-02,16.7,7,0,0
42,6,4,8851,7462,7462,1389,1389,111930,15,2009-07-21,16.6,9,0,0
99,8,3,3464,2946,2946,518,518,156849,56,2009-08-07,16.6,9,0,0
78,6,3,4287,3809,3809,478,478,76076,20,2009-07-21,16.6,8,0,0
34,6,2,40,40,40,0,0,561,15,2009-07-22,16.6,2,0,0
93,6,2,295,295,295,0,0,4278,15,2009-07-26,16.6,3,0,0
98,6,2,327,327,327,0,0,4753,15,2009-07-26,16.6,2,0,0
68,12,2,40,40,40,0,0,2278,66,2009-07-23,16.6,4,0,0
41,5,4,20760,20254,20254,506,506,101270,5,2009-09-16,16.5,2,0,0
90,4,2,675,675,675,0,0,4005,6,2009-08-19,16.5,4,0,0
52,5,2,136,136,136,0,0,1326,10,2009-08-14,16.5,4,0,0
49,24,3,15,15,15,0,0,18424,2024,2009-08-13,16.5,2,0,0
50,24,3,15,15,15,0,0,19600,2024,2009-08-12,16.5,4,0,0
38,24,7,147,67,53,80,94,12620256,346104,2009-10-21,16.4,3,0,0
59,22,7,11392,2682,2497,8710,8895,341149446,170544,2009-10-27,16.3,8,0,0
62,23,7,11074,2588,2529,8486,8545,491796152,245157,2009-11-11,16.3,8,0,0
64,24,7,10112,2352,2352,7760,7760,621216192,346104,2009-11-18,16.3,3,0,0
30,17,3,11,11,8,0,3,4060,680,2009-11-05,16.3,3,0,0
34,4,2,94,94,94,0,0,561,6,2010-02-09,16.1,2,0,0
53,6,2,98,98,98,0,0,1378,15,2010-01-14,16.1,3,0,0
39,4,2,127,127,127,0,0,741,6,2010-02-28,16.0,2,0,0
57,4,2,271,271,271,0,0,1596,6,2010-03-01,16.0,3,0,0
70,4,2,403,403,403,0,0,2415,6,2010-02-17,16.0,5,0,0
41,16,2,10,10,8,0,2,820,120,2010-02-21,16.0,4,0,0
42,16,2,10,10,8,0,2,861,120,2010-02-19,16.0,3,0,0
35,18,3,14,14,12,0,2,6545,816,2010-02-22,16.0,4,0,0
37,19,3,14,14,12,0,2,7770,969,2010-02-22,16.0,2,0,0
64,8,4,11160,9720,9720,1440,1440,635376,70,2010-04-10,15.9,4,0,0
56,5,2,157,157,157,0,0,1540,10,2010-04-18,15.9,5,0,0
60,5,2,180,180,180,0,0,1770,10,2010-04-18,15.9,2,0,0
64,5,2,205,205,205,0,0,2016,10,2010-04-18,15.9,3,0,0
68,5,2,232,232,232,0,0,2278,10,2010-04-18,15.9,6,0,0
72,5,2,260,260,260,0,0,2556,10,2010-04-18,15.9,5,0,0
76,5,2,289,289,289,0,0,2850,10,2010-04-18,15.9,5,0,0
84,5,2,353,353,353,0,0,3486,10,2010-04-18,15.9,2,0,0
88,5,2,388,388,388,0,0,3828,10,2010-04-18,15.9,2,0,0
92,5,2,424,424,424,0,0,4186,10,2010-04-18,15.9,6,0,0
93,5,2,429,429,428,0,1,4278,10,2010-04-17,15.9,7,0,0
94,5,2,452,452,452,0,0,4371,10,2010-04-18,15.9,3,0,0
49,13,2,19,19,16,0,3,1176,78,2010-04-01,15.9,3,0,0
62,23,2,11,11,9,0,2,1891,253,2010-04-11,15.9,3,0,0
63,23,2,11,11,9,0,2,1953,253,2010-04-18,15.9,3,0,0
64,23,2,11,11,9,0,2,2016,253,2010-04-18,15.9,2,0,0
43,22,3,14,14,12,0,2,12341,1540,2010-04-22,15.9,2,0,0
45,23,3,14,14,12,0,2,14190,1771,2010-04-01,15.9,2,0,0
20,10,8,4510,3336,3328,1174,1182,125970,45,2010-05-12,15.8,18,0,0
54,24,6,763,270,250,493,513,25827165,134596,2010-05-14,15.8,5,0,0
47,24,6,266,126,122,140,144,10737573,134596,2010-04-27,15.8,4,0,0
48,24,6,266,136,132,130,134,12271512,134596,2010-04-27,15.8,3,0,0
53,14,2,19,19,16,0,3,1378,91,2010-05-01,15.8,2,0,0
63,16,5,2604,1922,1709,682,895,7028847,4368,2010-06-28,15.7,5,0,0
64,16,5,2604,2016,1800,588,804,7624512,4368,2010-06-26,15.7,5,0,0
77,6,3,4228,3709,3709,519,519,73150,20,2010-06-29,15.7,13,0,0
71,7,3,2076,1664,1664,412,412,57155,35,2010-06-29,15.7,10,0,0
57,12,2,29,29,29,0,0,1596,66,2010-06-29,15.7,4,0,0
31,15,8,4343,1662,1364,2681,2979,7888725,6435,2010-08-04,15.6,9,0,0
26,10,6,2040,1365,1365,675,675,230230,210,2010-08-11,15.6,14,0,0
54,23,6,1026,369,296,657,730,25827165,100947,2010-07-12,15.6,6,0,0
76,7,3,2556,2042,2042,514,514,70300,35,2010-08-04,15.6,15,0,0
45,24,7,534,212,212,322,322,45379620,346104,2010-07-26,15.6,6,0,0
46,24,7,534,242,234,292,300,53524680,346104,2010-07-13,15.6,2,0,0
47,24,7,534,275,275,259,259,62891499,346104,2010-07-12,15.6,3,0,0
48,24,7,534,320,304,214,230,73629072,346104,2010-07-11,15.6,4,0,0
47,23,6,267,160,152,107,115,10737573,100947,2010-07-12,15.6,5,0,0
99,7,3,5427,4625,4625,802,802,156849,35,2010-08-12,15.5,10,0,0
81,7,3,2930,2477,2477,453,453,85320,35,2010-08-12,15.5,9,0,0
43,8,4,2772,1774,1774,998,998,123410,70,2010-11-18,15.3,9,0,0
44,8,4,3118,2129,2129,989,989,135751,70,2010-11-18,15.3,8,0,0
42,8,4,2523,1665,1665,858,858,111930,70,2010-11-18,15.3,7,0,0
37,6,4,5451,4662,4662,789,789,66045,15,2010-11-11,15.3,8,0,0
26,5,3,260,260,260,0,0,2600,10,2010-11-10,15.3,2,0,0
33,21,8,295,114,84,181,211,13884156,203490,2011-01-05,15.1,4,0,0
17,9,8,3239,2819,2819,420,420,24310,9,2011-02-25,15.0,11,0,0
59,5,3,3640,3257,3257,383,383,32509,10,2011-03-13,15.0,8,0,0
33,5,4,8472,8184,8184,288,288,40920,5,2011-03-16,15.0,3,0,0
68,14,2,30,30,30,0,0,2278,91,2011-03-16,15.0,4,0,0
66,17,2,20,20,20,0,0,2145,136,2011-03-16,15.0,2,0,0
67,17,2,20,20,20,0,0,2211,136,2011-03-16,15.0,2,0,0
86,17,2,31,31,31,0,0,3655,136,2011-03-16,15.0,4,0,0
87,17,2,31,31,31,0,0,3741,136,2011-03-16,15.0,5,0,0
92,19,2,30,30,30,0,0,4186,171,2011-03-17,15.0,3,0,0
52,21,2,9,9,8,0,1,1326,210,2011-03-16,15.0,4,0,0
82,21,2,20,20,20,0,0,3321,210,2011-03-17,15.0,3,0,0
83,21,2,20,20,20,0,0,3403,210,2011-03-16,15.0,2,0,0
86,21,2,21,21,21,0,0,3655,210,2011-03-16,15.0,5,0,0
71,22,2,14,14,13,0,1,2485,231,2011-03-16,15.0,4,0,0
83,22,2,19,19,16,0,3,3403,231,2011-03-16,15.0,2,0,0
89,22,2,21,21,21,0,0,3916,231,2011-03-17,15.0,5,0,0
90,22,2,21,21,21,0,0,4005,231,2011-03-16,15.0,4,0,0
94,23,2,21,21,21,0,0,4371,253,2011-03-17,15.0,3,0,0
95,23,2,21,21,21,0,0,4465,253,2011-03-16,15.0,3,0,0
32,6,5,35216,33728,33728,1488,1488,201376,6,2011-04-18,14.9,11,0,0
32,8,5,4652,3720,3632,932,1020,201376,56,2011-04-05,14.9,8,0,0
79,21,2,19,19,16,0,3,3081,210,2011-03-29,14.9,2,0,0
93,23,2,21,21,21,0,0,4278,253,2011-03-21,14.9,2,0,0
63,6,3,2318,2090,2090,228,228,39711,20,2011-05-28,14.8,8,0,0
78,19,2,21,21,21,0,0,3003,171,2011-05-30,14.8,2,0,0
79,19,2,21,21,21,0,0,3081,171,2011-05-28,14.8,3,0,0
99,6,3,9015,8085,8085,930,930,156849,20,2011-06-07,14.7,11,0,0
93,6,3,7455,6572,6572,883,883,129766,20,2011-06-07,14.7,10,0,0
90,8,3,2705,2149,2149,556,556,117480,56,2011-06-07,14.7,17,0,0
76,6,3,4148,3610,3610,538,538,70300,20,2011-06-30,14.7,12,0,0
92,8,3,2775,2243,2243,532,532,125580,56,2011-06-07,14.7,9,0,0
89,8,3,2633,2103,2103,530,530,113564,56,2011-06-30,14.7,17,0,0
91,6,3,6774,6279,6279,495,495,121485,20,2011-06-07,14.7,5,0,0
37,5,4,13707,13254,13254,453,453,66045,5,2011-06-30,14.7,3,0,0
84,8,3,2195,1743,1743,452,452,95284,56,2011-06-07,14.7,21,0,0
88,8,3,2443,2057,2057,386,386,109736,56,2011-06-07,14.7,19,0,0
69,5,3,5622,5397,5396,225,226,52394,10,2011-06-08,14.7,11,0,0
67,5,3,5062,4865,4865,197,197,47905,10,2011-06-07,14.7,14,0,0
85,6,3,5117,5001,5001,116,116,98770,20,2011-06-07,14.7,8,0,0
62,4,3,9455,9455,9455,0,0,37820,4,2011-06-07,14.7,6,0,0
63,4,3,10096,10096,10096,0,0,39711,4,2011-06-07,14.7,4,0,0
70,4,3,13685,13685,13685,0,0,54740,4,2011-06-07,14.7,11,0,0
71,4,3,14502,14502,14502,0,0,57155,4,2011-06-07,14.7,4,0,0
74,4,3,16206,16206,16206,0,0,64824,4,2011-07-01,14.7,5,0,0
75,4,3,17119,17119,17119,0,0,67525,4,2011-07-01,14.7,6,0,0
98,4,3,38024,38024,38024,0,0,152096,4,2011-06-07,14.7,6,0,0
99,4,3,39625,39625,39625,0,0,156849,4,2011-06-07,14.7,11,0,0
66,5,3,4726,4726,4726,0,0,45760,10,2011-06-07,14.7,13,0,0
86,6,3,5117,5117,5117,0,0,102340,20,2011-06-07,14.7,9,0,0
87,6,3,5496,5496,5496,0,0,105995,20,2011-06-07,14.7,6,0,0
71,5,3,6228,5723,5723,505,505,57155,10,2011-08-01,14.6,16,0,0
70,5,3,5911,5558,5558,353,353,54740,10,2011-08-01,14.6,11,0,0
55,21,2,10,10,8,0,2,1485,210,2011-07-12,14.6,3,0,0
58,21,2,11,11,9,0,2,1653,210,2011-07-18,14.6,2,0,0
66,8,4,13600,10651,10651,2949,2949,720720,70,2011-10-11,14.4,6,0,0
22,7,6,13038,11308,11308,1730,1730,74613,7,2011-10-19,14.4,21,0,0
97,7,3,5354,4213,4213,1141,1141,147440,35,2011-10-10,14.4,13,0,0
96,7,3,5051,4128,4128,923,923,142880,35,2011-10-10,14.4,16,0,0
91,7,3,4333,3510,3510,823,823,121485,35,2011-10-10,14.4,7,0,0
93,7,3,4687,3880,3880,807,807,129766,35,2011-10-10,14.4,11,0,0
87,7,3,3771,3033,3033,738,738,105995,35,2011-10-10,14.4,8,0,0
86,7,3,3664,2961,2961,703,703,102340,35,2011-10-10,14.4,6,0,0
82,7,3,3143,2531,2531,612,612,88560,35,2011-10-10,14.4,18,0,0
74,6,3,3856,3256,3244,600,612,64824,20,2011-10-10,14.4,9,0,0
88,7,3,3855,3282,3282,573,573,109736,35,2011-10-10,14.4,4,0,0
85,8,3,2316,1785,1785,531,531,98770,56,2011-10-10,14.4,16,0,0
85,7,3,3414,2890,2890,524,524,98770,35,2011-10-10,14.4,9,0,0
96,9,3,2306,1782,1782,524,524,142880,84,2011-10-10,14.4,19,0,0
73,6,3,3687,3164,3164,523,523,62196,20,2011-10-10,14.4,15,0,0
77,7,3,2613,2090,2090,523,523,73150,35,2011-10-10,14.4,9,0,0
99,9,3,2411,1892,1892,519,519,156849,84,2011-10-10,14.4,14,0,0
93,9,3,2012,1550,1550,462,462,129766,84,2011-10-10,14.4,23,0,0
71,6,3,3398,2982,2982,416,416,57155,20,2011-10-10,14.4,11,0,0
94,9,3,2109,1703,1703,406,406,134044,84,2011-10-10,14.4,26,0,0
75,6,3,3922,3525,3525,397,397,67525,20,2011-10-10,14.4,14,0,0
68,6,3,2961,2584,2584,377,377,50116,20,2011-10-10,14.4,3,0,0
72,6,3,3430,3072,3072,358,358,59640,20,2011-10-10,14.4,8,0,0
74,7,3,2277,1935,1935,342,342,64824,35,2011-10-10,14.4,11,0,0
61,6,3,2130,1830,1830,300,300,35990,20,2011-10-10,14.4,13,0,0
67,6,3,2800,2513,2513,287,287,47905,20,2011-10-10,14.4,4,0,0
64,6,3,2440,2155,2155,285,285,41664,20,2011-10-10,14.4,6,0,0
64,16,3,84,84,84,0,0,41664,560,2011-10-10,14.4,3,0,0
47,13,2,18,18,15,0,3,1081,78,2011-10-31,14.3,3,0,0
41,23,3,11,11,8,0,3,10660,1771,2011-10-31,14.3,3,0,0
92,6,3,7039,6425,6425,614,614,125580,20,2011-12-29,14.2,9,0,0
90,6,3,6364,5880,5880,484,484,117480,20,2011-12-29,14.2,4,0,0
93,8,3,2913,2453,2453,460,460,129766,56,2011-12-29,14.2,8,0,0
94,8,3,2963,2503,2503,460,460,134044,56,2011-12-29,14.2,9,0,0
39,23,7,266,116,80,150,186,15380937,245157,2011-12-10,14.2,6,0,0
83,7,3,3252,2763,2763,489,489,91881,35,2012-01-17,14.1,15,0,0
80,7,3,2879,2412,2412,467,467,82160,35,2012-01-17,14.1,21,0,0
53,7,4,12479,8730,8730,3749,3749,292825,35,2012-03-05,14.0,22,0,0
50,5,4,47959,47040,47040,919,919,230300,5,2012-02-29,14.0,6,0,0
80,12,2,54,54,54,0,0,3160,66,2012-03-06,14.0,4,0,0
82,12,2,55,55,55,0,0,3321,66,2012-03-07,14.0,7,0,0
34,21,3,9,9,7,0,2,5984,1330,2012-02-26,14.0,5,0,0
35,22,3,9,9,7,0,2,6545,1540,2012-02-29,14.0,3,0,0
69,7,4,37779,25472,25471,12307,12308,864501,35,2012-04-04,13.9,31,0,0
34,13,2,10,10,8,0,2,561,78,2012-04-12,13.9,3,0,0
38,21,3,11,11,8,0,3,8436,1330,2012-05-29,13.8,4,0,0
39,22,3,11,11,8,0,3,9139,1540,2012-05-30,13.7,4,0,0
67,22,3,40,40,40,0,0,47905,1540,2012-08-09,13.6,7,0,0
33,8,5,6038,4682,4678,1356,1360,237336,56,2012-08-25,13.5,6,0,0
59,16,5,2465,1284,1284,1181,1181,5006386,4368,2012-08-25,13.5,21,0,0
35,10,2,17,17,14,0,3,595,45,2012-09-10,13.5,3,0,0
50,19,2,10,10,8,0,2,1225,171,2012-08-24,13.5,3,0,0
52,19,2,11,11,9,0,2,1326,171,2012-08-27,13.5,2,0,0
53,19,2,11,11,9,0,2,1378,171,2012-08-25,13.5,2,0,0
61,22,2,11,11,9,0,2,1830,231,2012-08-29,13.5,2,0,0
60,23,2,10,10,8,0,2,1770,253,2012-08-24,13.5,4,0,0
61,23,2,10,10,8,0,2,1830,253,2012-08-24,13.5,3,0,0
45,7,4,6100,4481,4481,1619,1619,148995,35,2012-10-15,13.4,6,0,0
92,5,3,13982,12568,12568,1414,1414,125580,10,2012-10-05,13.4,12,0,0
95,5,3,15070,13851,13851,1219,1219,138415,10,2012-10-05,13.4,12,0,0
93,5,3,14376,13263,13262,1113,1114,129766,10,2012-10-05,13.4,12,0,0
89,5,3,12390,11357,11357,1033,1033,113564,10,2012-10-05,13.4,15,0,0
83,5,3,9849,9197,9197,652,652,91881,10,2012-10-05,13.4,14,0,0
86,5,3,10841,10234,10234,607,607,102340,10,2012-10-05,13.4,15,0,0
82,5,3,9436,8971,8971,465,465,88560,10,2012-10-05,13.4,16,0,0
95,8,3,2995,2554,2554,441,441,138415,56,2012-10-19,13.4,10,0,0
72,5,3,6557,6135,6135,422,422,59640,10,2012-10-05,13.4,15,0,0
75,5,3,7335,6945,6945,390,390,67525,10,2012-10-05,13.4,8,0,0
99,5,3,16320,16019,16019,301,301,156849,10,2012-10-05,13.4,21,0,0
62,5,3,4053,3782,3782,271,271,37820,10,2012-10-08,13.4,10,0,0
55,4,2,248,248,248,0,0,1485,6,2012-09-19,13.4,4,0,0
79,4,2,514,514,514,0,0,3081,6,2012-09-19,13.4,4,0,0
82,4,2,554,554,554,0,0,3321,6,2012-09-19,13.4,5,0,0
87,4,2,631,631,631,0,0,3741,6,2012-09-17,13.4,6,0,0
91,4,2,683,683,683,0,0,4095,6,2012-09-19,13.4,4,0,0
60,15,5,4055,2192,2192,1863,1863,5461512,3003,2012-11-22,13.3,11,0,0
59,15,5,3564,1940,1731,1624,1833,5006386,3003,2012-11-22,13.3,12,0,0
58,15,5,3141,1845,1578,1296,1563,4582116,3003,2012-11-22,13.3,8,0,0
54,15,5,2412,1203,1203,1209,1209,3162510,3003,2012-11-22,13.3,7,0,0
53,15,5,2283,1092,1092,1191,1191,2869685,3003,2012-11-22,13.3,9,0,0
55,15,5,2521,1331,1276,1190,1245,3478761,3003,2012-11-22,13.3,7,0,0
57,15,5,2833,1672,1490,1161,1343,4187106,3003,2012-11-22,13.3,6,0,0
52,15,5,2154,1027,1027,1127,1127,2598960,3003,2012-11-22,13.3,11,0,0
56,15,5,2635,1527,1412,1108,1223,3819816,3003,2012-11-22,13.3,7,0,0
51,15,5,2012,925,925,1087,1087,2349060,3003,2012-11-22,13.3,7,0,0
42,5,4,23472,22991,22991,481,481,111930,5,2012-11-22,13.3,4,0,0
82,6,2,233,233,233,0,0,3321,15,2012-11-02,13.3,6,0,0
83,6,2,236,236,236,0,0,3403,15,2012-11-02,13.3,8,0,0
58,14,5,5962,2548,2544,3414,3418,4582116,2002,2012-12-07,13.2,4,0,0
83,12,4,6810,3874,3770,2936,3040,1837620,495,2012-12-07,13.2,14,0,0
82,12,4,6486,3725,3629,2761,2857,1749060,495,2012-12-07,13.2,12,0,0
52,14,5,3725,1531,1401,2194,2324,2598960,2002,2012-12-07,13.2,4,0,0
77,12,4,4959,3061,3016,1898,1943,1353275,495,2012-12-07,13.2,20,0,0
75,12,4,4320,2569,2482,1751,1838,1215450,495,2012-12-07,13.2,6,0,0
74,12,4,3991,2461,2375,1530,1616,1150626,495,2012-12-07,13.2,11,0,0
66,16,5,3905,2467,2467,1438,1438,8936928,4368,2012-12-07,13.2,8,0,0
72,12,4,3432,2250,2172,1182,1260,1028790,495,2012-12-07,13.2,3,0,0
57,16,5,2280,1105,1105,1175,1175,4187106,4368,2012-12-11,13.2,15,0,0
58,16,5,2371,1215,1215,1156,1156,4582116,4368,2012-12-11,13.2,8,0,0
56,16,5,2171,1040,1040,1131,1131,3819816,4368,2012-12-11,13.2,7,0,0
60,16,5,2536,1478,1358,1058,1178,5461512,4368,2012-12-03,13.2,4,0,0
72,14,4,2174,1152,1152,1022,1022,1028790,1001,2012-12-07,13.2,5,0,0
61,12,4,2010,1195,1170,815,840,521855,495,2012-12-07,13.2,7,0,0
65,7,2,103,103,103,0,0,2080,21,2013-03-28,12.9,4,0,0
66,17,5,2742,1751,1565,991,1177,8936928,6188,2013-05-01,12.8,7,0,0
33,19,8,860,301,301,559,559,13884156,75582,2013-05-13,12.8,9,0,0
34,8,5,7391,5351,5351,2040,2040,278256,56,2013-06-19,12.7,8,0,0
32,6,4,2809,2480,2480,329,329,35960,15,2013-07-01,12.7,21,0,0
90,15,4,4090,2100,2100,1990,1990,2555190,1365,2013-08-06,12.6,23,0,0
86,15,4,3338,1709,1606,1629,1732,2123555,1365,2013-08-06,12.6,16,0,0
85,15,4,3201,1666,1530,1535,1671,2024785,1365,2013-08-06,12.6,19,0,0
81,15,4,2600,1329,1329,1271,1271,1663740,1365,2013-08-06,12.6,17,0,0
80,15,4,2463,1264,1264,1199,1199,1581580,1365,2013-08-06,12.6,20,0,0
68,22,5,1282,476,464,806,818,10424128,26334,2013-09-05,12.5,10,0,0
87,23,2,19,19,16,0,3,3741,253,2013-09-22,12.4,2,0,0
91,24,2,19,19,16,0,3,4095,276,2013-09-23,12.4,2,0,0
73,8,4,24194,15586,15586,8608,8608,1088430,70,2013-11-28,12.3,14,0,0
34,20,8,713,264,223,449,490,18156204,125970,2013-11-20,12.3,10,0,0
63,7,4,26093,17019,17019,9074,9074,595665,35,2013-12-16,12.2,31,0,0
68,8,4,16200,11645,11637,4555,4563,814385,70,2013-12-01,12.2,7,0,0
98,17,4,3704,1718,1574,1986,2130,3612280,2380,2013-12-23,12.2,22,0,0
48,12,5,4436,2532,2360,1904,2076,1712304,792,2013-12-03,12.2,5,0,0
92,17,4,2866,1294,1294,1572,1572,2794155,2380,2013-12-23,12.2,20,0,0
86,17,4,2114,1022,916,1092,1198,2123555,2380,2013-12-23,12.2,18,0,0
79,24,5,1613,672,593,941,1020,22537515,42504,2013-12-24,12.2,13,0,0
70,6,3,3258,2742,2742,516,516,54740,20,2013-12-01,12.2,9,0,0
69,6,3,3121,2668,2668,453,453,52394,20,2013-12-01,12.2,10,0,0
63,15,5,5684,2625,2625,3059,3059,7028847,3003,2014-02-21,12.0,14,0,0
75,14,4,2550,1377,1313,1173,1237,1215450,1001,2014-06-13,11.7,15,0,0
67,4,3,12166,12161,12161,5,5,47905,4,2014-07-22,11.6,3,0,0
66,4,3,11451,11451,11451,0,0,45760,4,2014-07-22,11.6,4,0,0
54,20,7,12678,2879,2879,9799,9799,177100560,77520,2014-09-02,11.5,5,0,0
96,24,5,2516,1636,1636,880,880,61124064,42504,2014-09-07,11.5,6,0,0
41,23,7,406,166,141,240,265,22481940,245157,2014-09-08,11.5,4,0,0
47,23,4,31,31,31,0,0,178365,8855,2014-09-02,11.5,6,0,0
75,5,2,285,285,285,0,0,2775,10,2014-10-01,11.4,3,0,0
58,9,2,52,52,52,0,0,1653,36,2014-10-02,11.4,3,0,0
54,11,2,30,30,30,0,0,1431,55,2014-10-19,11.4,5,0,0
72,11,2,53,53,53,0,0,2556,55,2014-09-29,11.4,7,0,0
73,11,2,54,54,54,0,0,2628,55,2014-09-30,11.4,8,0,0
78,16,2,30,30,30,0,0,3003,120,2014-10-20,11.4,9,0,0
79,16,2,30,30,30,0,0,3081,120,2014-10-19,11.4,7,0,0
74,19,2,20,20,20,0,0,2701,171,2014-10-06,11.4,3,0,0
75,19,2,20,20,20,0,0,2775,171,2014-10-06,11.4,2,0,0
93,19,2,30,30,30,0,0,4278,171,2014-10-01,11.4,3,0,0
94,19,2,30,30,30,0,0,4371,171,2014-09-29,11.4,3,0,0
65,16,5,3413,2271,2271,1142,1142,8259888,4368,2014-11-11,11.3,8,0,0
75,24,5,1096,485,475,611,621,17259390,42504,2014-11-05,11.3,7,0,0
90,23,2,20,20,20,0,0,4005,253,2014-11-20,11.3,2,0,0
91,23,2,20,20,20,0,0,4095,253,2014-11-15,11.3,2,0,0
85,21,3,85,85,85,0,0,98770,1330,2014-11-05,11.3,6,0,0
92,12,4,9881,5712,5712,4169,4169,2794155,495,2015-01-13,11.1,13,0,0
93,12,4,10066,5906,5906,4160,4160,2919735,495,2015-01-13,11.1,16,0,0
89,12,4,9154,5162,5162,3992,3992,2441626,495,2015-01-13,11.1,15,0,0
61,15,5,4709,2302,2302,2407,2407,5949147,3003,2015-01-13,11.1,16,0,0
35,22,8,357,137,104,220,253,23535820,319770,2015-03-16,11.0,8,0,0
36,23,8,306,110,83,196,223,30260340,490314,2015-03-16,11.0,7,0,0
32,22,8,150,72,57,78,93,10518300,319770,2015-02-18,11.0,5,0,0
60,22,7,12514,2938,2736,9576,9778,386206920,170544,2015-04-07,10.9,3,0,0
99,12,4,12595,7871,7871,4724,4724,3764376,495,2015-04-07,10.9,17,0,0
98,12,4,11852,7636,7636,4216,4216,3612280,495,2015-04-07,10.9,13,0,0
33,16,8,5211,1533,1269,3678,3942,13884156,12870,2015-04-17,10.9,6,0,0
96,12,4,10289,7192,7192,3097,3097,3321960,495,2015-04-07,10.9,12,0,0
31,16,8,2628,942,748,1686,1880,7888725,12870,2015-04-15,10.9,7,0,0
39,23,8,725,218,141,507,584,61523748,490314,2015-03-24,10.9,5,0,0
37,24,8,268,98,79,170,189,38608020,735471,2015-03-24,10.9,4,0,0
32,15,8,6892,2217,2217,4675,4675,10518300,6435,2015-05-14,10.8,12,0,0
29,12,7,5672,2598,2130,3074,3542,1560780,792,2015-05-17,10.8,16,0,0
30,15,8,3534,1352,966,2182,2568,5852925,6435,2015-05-10,10.8,10,0,0
31,14,7,2623,1039,1039,1584,1584,2629575,3432,2015-05-11,10.8,10,0,0
32,13,7,5858,2519,2228,3339,3630,3365856,1716,2015-06-12,10.7,15,0,0
29,15,8,2614,967,805,1647,1809,4292145,6435,2015-06-15,10.7,14,0,0
32,17,8,1867,592,592,1275,1275,10518300,24310,2015-06-02,10.7,11,0,0
65,5,3,4368,4368,4368,0,0,43680,10,2015-06-04,10.7,15,0,0
17,8,7,2956,2663,2663,293,293,19448,8,2015-07-19,10.6,13,0,0
64,15,5,6467,2842,2842,3625,3625,7624512,3003,2015-09-07,10.5,15,0,0
62,15,5,5085,2505,2505,2580,2580,6471002,3003,2015-08-27,10.5,15,0,0
32,12,6,2692,1240,1038,1452,1654,906192,924,2015-09-14,10.5,10,0,0
21,8,6,2890,2237,2237,653,653,54264,28,2015-08-26,10.5,14,0,0
34,21,8,432,169,119,263,313,18156204,203490,2015-09-15,10.5,9,0,0
54,20,6,2563,875,854,1688,1709,25827165,38760,2015-09-29,10.4,18,0,0
27,10,6,2563,1685,1685,878,878,296010,210,2015-09-20,10.4,25,0,0
41,7,4,4068,3047,3046,1021,1022,101270,35,2015-11-25,10.3,4,0,0
36,22,8,503,172,126,331,377,30260340,319770,2015-11-20,10.3,6,0,0
42,10,6,58544,27267,27267,31277,31277,5245786,210,2015-12-10,10.2,12,0,0
40,7,5,41174,31389,31349,9785,9825,658008,21,2016-01-23,10.1,31,0,0
34,5,4,9870,9595,9595,275,275,46376,5,2016-03-04,10.0,9,0,0
37,7,5,27258,20868,20868,6390,6390,435897,21,2016-04-14,9.9,22,0,0
83,22,5,3579,1328,1328,2251,2251,29034396,26334,2016-05-24,9.8,17,0,0
78,22,5,2275,990,990,1285,1285,21111090,26334,2016-05-24,9.8,16,0,0
49,5,3,2088,1882,1882,206,206,18424,10,2016-05-24,9.8,4,0,0
33,12,2,11,11,9,0,2,528,66,2016-05-10,9.8,3,0,0
42,14,2,13,13,12,0,1,861,91,2016-05-10,9.8,2,0,0
36,15,2,9,9,8,0,1,630,105,2016-05-10,9.8,3,0,0
42,15,2,12,12,9,0,3,861,105,2016-05-10,9.8,3,0,0
46,16,2,12,12,9,0,3,1035,120,2016-05-10,9.8,2,0,0
20,18,2,3,3,3,0,0,190,153,2016-05-10,9.8,3,0,0
22,18,2,3,3,3,0,0,231,153,2016-05-10,9.8,3,0,0
24,18,2,3,3,3,0,0,276,153,2016-05-10,9.8,3,0,0
26,18,2,3,3,3,0,0,325,153,2016-05-10,9.8,3,0,0
33,18,2,6,6,4,0,2,528,153,2016-05-10,9.8,3,0,0
34,18,2,6,6,4,0,2,561,153,2016-05-10,9.8,3,0,0
46,18,2,10,10,8,0,2,1035,153,2016-05-10,9.8,3,0,0
51,18,2,12,12,9,0,3,1275,153,2016-05-10,9.8,2,0,0
52,18,2,12,12,9,0,3,1326,153,2016-05-10,9.8,3,0,0
22,20,2,3,3,3,0,0,231,190,2016-05-10,9.8,3,0,0
24,20,2,3,3,3,0,0,276,190,2016-05-10,9.8,3,0,0
26,20,2,3,3,3,0,0,325,190,2016-05-10,9.8,3,0,0
34,20,2,5,5,4,0,1,561,190,2016-05-10,9.8,3,0,0
38,20,2,6,6,4,0,2,703,190,2016-05-10,9.8,3,0,0
42,20,2,7,7,7,0,0,861,190,2016-05-10,9.8,3,0,0
44,20,2,7,7,7,0,0,946,190,2016-05-10,9.8,3,0,0
55,20,2,11,11,9,0,2,1485,190,2016-05-10,9.8,4,0,0
24,21,2,3,3,3,0,0,276,210,2016-05-10,9.8,3,0,0
27,21,2,3,3,3,0,0,351,210,2016-05-10,9.8,3,0,0
30,21,2,3,3,3,0,0,435,210,2016-05-10,9.8,3,0,0
36,21,2,5,5,4,0,1,630,210,2016-05-10,9.8,3,0,0
39,21,2,6,6,4,0,2,741,210,2016-05-10,9.8,3,0,0
45,21,2,7,7,7,0,0,990,210,2016-05-10,9.8,3,0,0
51,21,2,9,9,8,0,1,1275,210,2016-05-10,9.8,4,0,0
60,21,2,12,12,9,0,3,1770,210,2016-05-10,9.8,2,0,0
24,22,2,3,3,3,0,0,276,231,2016-05-10,9.8,3,0,0
28,22,2,3,3,3,0,0,378,231,2016-05-10,9.8,3,0,0
30,22,2,3,3,3,0,0,435,231,2016-05-10,9.8,3,0,0
32,22,2,3,3,3,0,0,496,231,2016-05-10,9.8,3,0,0
34,22,2,4,4,4,0,0,561,231,2016-05-10,9.8,3,0,0
36,22,2,4,4,4,0,0,630,231,2016-05-10,9.8,3,0,0
40,22,2,6,6,4,0,2,780,231,2016-05-10,9.8,3,0,0
46,22,2,7,7,7,0,0,1035,231,2016-05-10,9.8,3,0,0
48,22,2,7,7,7,0,0,1128,231,2016-05-10,9.8,3,0,0
50,22,2,7,7,7,0,0,1225,231,2016-05-10,9.8,3,0,0
62,22,2,12,12,9,0,3,1891,231,2016-05-10,9.8,2,0,0
26,24,2,3,3,3,0,0,325,276,2016-05-10,9.8,3,0,0
27,24,2,3,3,3,0,0,351,276,2016-05-10,9.8,3,0,0
28,24,2,3,3,3,0,0,378,276,2016-05-10,9.8,3,0,0
33,24,2,3,3,3,0,0,528,276,2016-05-10,9.8,3,0,0
34,24,2,3,3,3,0,0,561,276,2016-05-10,9.8,3,0,0
38,24,2,4,4,4,0,0,703,276,2016-05-10,9.8,3,0,0
39,24,2,4,4,4,0,0,741,276,2016-05-10,9.8,3,0,0
44,24,2,6,6,4,0,2,946,276,2016-05-10,9.8,3,0,0
46,24,2,6,6,4,0,2,1035,276,2016-05-10,9.8,3,0,0
50,24,2,7,7,7,0,0,1225,276,2016-05-10,9.8,3,0,0
51,24,2,7,7,7,0,0,1275,276,2016-05-10,9.8,2,0,0
58,24,2,9,9,8,0,1,1653,276,2016-05-10,9.8,3,0,0
69,24,2,12,12,9,0,3,2346,276,2016-05-10,9.8,2,0,0
70,24,2,12,12,9,0,3,2415,276,2016-05-10,9.8,2,0,0
20,18,3,4,4,4,0,0,1140,816,2016-05-10,9.8,3,0,0
21,18,3,4,4,4,0,0,1330,816,2016-05-10,9.8,3,0,0
32,18,3,11,11,8,0,3,4960,816,2016-05-10,9.8,4,0,0
22,20,3,4,4,4,0,0,1540,1140,2016-05-10,9.8,3,0,0
25,20,3,4,4,4,0,0,2300,1140,2016-05-10,9.8,3,0,0
26,20,3,4,4,4,0,0,2600,1140,2016-05-10,9.8,3,0,0
27,21,3,4,4,4,0,0,2925,1330,2016-05-10,9.8,3,0,0
30,21,3,6,6,5,0,1,4060,1330,2016-05-10,9.8,3,0,0
33,21,3,8,8,7,0,1,5456,1330,2016-05-10,9.8,2,0,0
24,22,3,4,4,4,0,0,2024,1540,2016-05-10,9.8,3,0,0
26,22,3,4,4,4,0,0,2600,1540,2016-05-10,9.8,3,0,0
28,22,3,4,4,4,0,0,3276,1540,2016-05-10,9.8,3,0,0
32,22,3,6,6,5,0,1,4960,1540,2016-05-10,9.8,4,0,0
34,22,3,7,7,7,0,0,5984,1540,2016-05-10,9.8,3,0,0
46,22,3,15,15,15,0,0,15180,1540,2016-05-10,9.8,2,0,0
26,24,3,4,4,4,0,0,2600,2024,2016-05-10,9.8,3,0,0
27,24,3,4,4,4,0,0,2925,2024,2016-05-10,9.8,3,0,0
28,24,3,4,4,4,0,0,3276,2024,2016-05-10,9.8,3,0,0
33,24,3,5,5,5,0,0,5456,2024,2016-05-10,9.8,3,0,0
20,18,4,5,5,5,0,0,4845,3060,2016-05-10,9.8,3,0,0
21,18,4,5,5,5,0,0,5985,3060,2016-05-10,9.8,3,0,0
26,18,4,10,10,8,0,2,14950,3060,2016-05-10,9.8,3,0,0
22,20,4,5,5,5,0,0,7315,4845,2016-05-10,9.8,3,0,0
24,20,4,5,5,5,0,0,10626,4845,2016-05-10,9.8,3,0,0
24,21,4,5,5,5,0,0,10626,5985,2016-05-10,9.8,2,0,0
24,22,4,5,5,5,0,0,10626,7315,2016-05-10,9.8,3,0,0
26,22,4,5,5,5,0,0,14950,7315,2016-05-10,9.8,3,0,0
30,22,4,8,8,7,0,1,27405,7315,2016-05-10,9.8,3,0,0
26,24,4,5,5,5,0,0,14950,10626,2016-05-10,9.8,3,0,0
27,24,4,5,5,5,0,0,17550,10626,2016-05-10,9.8,3,0,0
28,24,4,5,5,5,0,0,20475,10626,2016-05-10,9.8,3,0,0
34,24,4,10,10,8,0,2,46376,10626,2016-05-10,9.8,2,0,0
28,20,5,14,14,12,0,2,98280,15504,2016-05-10,9.8,3,0,0
20,18,6,7,7,7,0,0,38760,18564,2016-05-10,9.8,2,0,0
22,18,6,10,10,9,0,1,74613,18564,2016-05-10,9.8,3,0,0
20,18,8,9,9,9,0,0,125970,43758,2016-05-10,9.8,2,0,0
26,22,8,15,15,13,0,2,1562275,319770,2016-05-10,9.8,2,0,0
28,24,8,13,13,12,0,1,3108105,735471,2016-05-10,9.8,3,0,0
80,23,5,2222,887,752,1335,1470,24040016,33649,2016-05-31,9.7,16,0,0
74,24,5,1062,451,451,611,611,16108764,42504,2016-06-07,9.7,9,0,0
52,24,6,549,213,213,336,336,20358520,134596,2016-06-22,9.7,6,0,0
60,7,4,20788,14667,14666,6121,6122,487635,35,2016-08-02,9.6,21,0,0
32,14,7,3315,1228,1228,2087,2087,3365856,3432,2016-07-26,9.6,14,0,0
59,23,6,1983,632,483,1351,1500,45057474,100947,2016-08-30,9.5,8,0,0
42,24,8,755,291,247,464,508,118030185,735471,2016-08-21,9.5,2,0,0
40,22,7,425,184,184,241,241,18643560,170544,2016-08-30,9.5,3,0,0
38,22,7,270,128,83,142,187,12620256,170544,2016-08-24,9.5,3,0,0
88,13,2,55,55,55,0,0,3828,78,2016-08-15,9.5,8,0,0
90,13,2,56,56,56,0,0,4005,78,2016-08-15,9.5,10,0,0
40,24,8,470,194,134,276,336,76904685,735471,2016-09-26,9.4,4,0,0
21,11,8,2626,1551,1421,1075,1205,203490,165,2016-11-13,9.3,18,0,0
44,24,8,1362,389,389,973,973,177232627,735471,2016-11-29,9.2,7,0,0
26,8,6,10520,8359,8359,2161,2161,230230,28,2017-02-07,9.1,30,0,0
84,15,4,3038,1596,1496,1442,1542,1929501,1365,2017-01-23,9.1,17,0,0
76,14,4,2732,1444,1379,1288,1353,1282975,1001,2017-02-06,9.1,13,0,0
79,15,4,2302,1233,1233,1069,1069,1502501,1365,2017-01-23,9.1,12,0,0
55,5,2,154,154,154,0,0,1485,10,2017-01-26,9.1,2,0,0
67,5,2,228,228,228,0,0,2211,10,2017-01-26,9.1,3,0,0
83,5,2,349,349,349,0,0,3403,10,2017-01-26,9.1,3,0,0
87,5,2,383,383,383,0,0,3741,10,2017-01-26,9.1,5,0,0
99,5,2,495,495,495,0,0,4851,10,2017-01-26,9.1,4,0,0
96,16,5,43369,15318,14820,28051,28549,61124064,4368,2017-02-23,9.0,22,0,0
48,8,5,43369,30582,30582,12787,12787,1712304,56,2017-02-17,9.0,11,0,0
72,24,6,4998,1419,1362,3579,3636,156238908,134596,2017-03-14,9.0,8,0,0
49,7,4,8964,6328,6328,2636,2636,211876,35,2017-02-23,9.0,8,0,0
64,24,6,2394,768,726,1626,1668,74974368,134596,2017-03-13,9.0,9,0,0
50,24,7,1196,419,419,777,777,99884400,346104,2017-02-22,9.0,4,0,0
49,24,7,952,368,329,584,623,85900584,346104,2017-02-23,9.0,11,0,0
50,22,6,868,319,255,549,613,15890700,74613,2017-02-21,9.0,2,0,0
48,22,6,662,251,216,411,446,12271512,74613,2017-02-21,9.0,3,0,0
48,23,6,418,180,161,238,257,12271512,100947,2017-02-20,9.0,16,0,0
69,18,6,24061,7652,6808,16409,17253,119877472,18564,2017-03-28,8.9,25,0,0
21,10,8,7676,4933,4933,2743,2743,203490,45,2017-03-31,8.9,27,0,0
22,8,6,3659,2838,2838,821,821,74613,28,2017-04-21,8.9,24,0,0
19,10,8,2458,1722,1722,736,736,75582,45,2017-03-23,8.9,14,0,0
40,20,7,1014,350,304,664,710,18643560,77520,2017-04-07,8.9,8,0,0
44,16,6,3659,1065,1065,2594,2594,7059052,8008,2017-04-28,8.8,9,0,0
99,24,5,3829,2022,1795,1807,2034,71523144,42504,2017-05-08,8.8,11,0,0
80,22,5,2867,1124,1124,1743,1743,24040016,26334,2017-05-30,8.8,9,0,0
48,14,5,2512,1005,1005,1507,1507,1712304,2002,2017-05-07,8.8,3,0,0
18,8,7,4684,3996,3978,688,706,31824,8,2017-04-29,8.8,13,0,0
24,7,5,2576,2143,2143,433,433,42504,21,2017-05-18,8.8,25,0,0
50,23,6,546,248,214,298,332,15890700,100947,2017-05-19,8.8,10,0,0
86,21,5,5738,2089,1864,3649,3874,34826302,20349,2017-06-09,8.7,15,0,0
81,22,5,3062,1168,1168,1894,1894,25621596,26334,2017-06-09,8.7,15,0,0
81,24,5,1928,767,635,1161,1293,25621596,42504,2017-06-09,8.7,5,0,0
96,19,4,2073,991,910,1082,1163,3321960,3876,2017-06-08,8.7,17,0,0
97,19,4,2106,1037,930,1069,1176,3464840,3876,2017-06-08,8.7,17,0,0
57,11,4,2344,1306,1249,1038,1095,395010,330,2017-06-29,8.7,28,0,0
77,24,5,1343,584,552,759,791,19757815,42504,2017-06-09,8.7,10,0,0
91,22,5,6403,2147,1899,4256,4504,46504458,26334,2017-07-17,8.6,17,0,0
87,21,5,6029,2159,1927,3870,4102,36949857,20349,2017-07-17,8.6,5,0,0
88,12,4,8727,4994,4994,3733,3733,2331890,495,2017-07-25,8.6,9,0,0
88,22,5,5226,1724,1644,3502,3582,39175752,26334,2017-07-17,8.6,19,0,0
87,12,4,8276,4822,4822,3454,3454,2225895,495,2017-07-25,8.6,12,0,0
87,22,5,4830,1590,1590,3240,3240,36949857,26334,2017-07-17,8.6,19,0,0
86,12,4,7758,4659,4659,3099,3099,2123555,495,2017-07-25,8.6,10,0,0
86,22,5,4289,1537,1474,2752,2815,34826302,26334,2017-07-17,8.6,15,0,0
85,22,5,4143,1422,1422,2721,2721,32801517,26334,2017-07-17,8.6,12,0,0
61,22,6,3597,960,938,2637,2659,55525372,74613,2017-08-08,8.6,13,0,0
84,22,5,3884,1375,1375,2509,2509,30872016,26334,2017-07-17,8.6,14,0,0
82,22,5,3138,1208,1208,1930,1930,27285336,26334,2017-07-17,8.6,16,0,0
58,22,6,2333,747,702,1586,1631,40475358,74613,2017-08-04,8.6,5,0,0
84,24,5,2289,900,760,1389,1529,30872016,42504,2017-07-17,8.6,8,0,0
83,24,5,2204,865,730,1339,1474,29034396,42504,2017-07-17,8.6,15,0,0
97,18,4,2548,1283,1283,1265,1265,3464840,3060,2017-07-13,8.6,16,0,0
82,24,5,2018,844,711,1174,1307,27285336,42504,2017-07-17,8.6,13,0,0
94,18,4,2210,1175,1175,1035,1035,3049501,3060,2017-07-13,8.6,15,0,0
29,11,6,2333,1308,1087,1025,1246,475020,462,2017-08-02,8.6,18,0,0
93,18,4,2106,1096,982,1010,1124,2919735,3060,2017-07-13,8.6,6,0,0
92,18,4,2025,1043,931,982,1094,2794155,3060,2017-07-13,8.6,10,0,0
54,22,6,1415,484,405,931,1010,25827165,74613,2017-08-04,8.6,7,0,0
78,24,5,1426,611,569,815,857,21111090,42504,2017-07-17,8.6,6,0,0
34,16,8,6613,1870,1543,4743,5070,18156204,12870,2017-08-28,8.5,8,0,0
36,8,5,11072,6885,6773,4187,4299,376992,56,2017-08-26,8.5,10,0,0
96,23,5,6325,2183,1950,4142,4375,61124064,33649,2017-08-15,8.5,28,0,0
32,7,5,12274,10346,10346,1928,1928,201376,21,2017-08-20,8.5,12,0,0
20,9,7,3405,2349,2349,1056,1056,77520,36,2017-08-14,8.5,16,0,0
71,19,5,2610,1308,1308,1302,1302,13019909,11628,2017-10-05,8.4,21,0,0
31,8,5,4502,3224,3224,1278,1278,169911,56,2017-10-14,8.4,15,0,0
76,23,5,1891,678,599,1213,1292,18474840,33649,2017-10-09,8.4,29,0,0
75,23,5,1753,617,584,1136,1169,17259390,33649,2017-10-17,8.4,22,0,0
74,23,5,1620,589,557,1031,1063,16108764,33649,2017-10-09,8.4,21,0,0
71,23,5,1240,473,454,767,786,13019909,33649,2017-10-09,8.4,19,0,0
69,23,5,1085,420,420,665,665,11238513,33649,2017-10-12,8.4,24,0,0
68,23,5,963,388,370,575,593,10424128,33649,2017-10-09,8.4,16,0,0
60,12,5,14871,7325,7000,7546,7871,5461512,792,2017-11-06,8.3,8,0,0
77,20,5,3620,1479,1417,2141,2203,19757815,15504,2017-10-25,8.3,22,0,0
73,20,5,2605,1150,1150,1455,1455,15020334,15504,2017-10-25,8.3,23,0,0
74,20,5,2605,1196,1196,1409,1409,16108764,15504,2017-10-24,8.3,17,0,0
64,17,5,2593,1424,1352,1169,1241,7624512,6188,2017-11-26,8.3,11,0,0
41,19,7,1769,663,533,1106,1236,22481940,50388,2017-11-26,8.3,8,0,0
65,17,5,2602,1545,1484,1057,1118,8259888,6188,2017-11-26,8.3,7,0,0
35,20,8,970,308,308,662,662,23535820,125970,2017-11-06,8.3,7,0,0
43,23,7,531,212,212,319,319,32224114,245157,2017-10-24,8.3,12,0,0
42,23,7,508,192,185,316,323,26978328,245157,2017-10-24,8.3,18,0,0
71,11,4,5771,3118,3118,2653,2653,971635,330,2017-12-05,8.2,18,0,0
70,11,4,5552,2991,2991,2561,2561,916895,330,2017-12-13,8.2,15,0,0
98,24,5,3512,1895,1740,1617,1772,67910864,42504,2017-12-19,8.2,16,0,0
63,17,5,2551,1294,1294,1257,1257,7028847,6188,2017-12-05,8.2,10,0,0
62,17,5,2447,1226,1226,1221,1221,6471002,6188,2017-12-05,8.2,9,0,0
30,8,5,3763,2768,2768,995,995,142506,56,2017-12-13,8.2,21,0,0
28,8,5,2400,1757,1757,643,643,98280,56,2017-12-05,8.2,10,0,0
87,8,3,2413,2012,2012,401,401,105995,56,2017-12-05,8.2,30,0,0
95,22,5,8167,2708,2708,5459,5459,57940519,26334,2018-02-03,8.1,16,0,0
51,23,7,2882,709,566,2173,2316,115775100,245157,2018-02-03,8.1,9,0,0
70,19,5,2565,1194,1187,1371,1378,12103014,11628,2018-02-06,8.1,20,0,0
61,17,5,2376,1120,1120,1256,1256,5949147,6188,2018-01-18,8.1,15,0,0
59,17,5,2195,963,958,1232,1237,5006386,6188,2018-01-29,8.1,22,0,0
60,17,5,2297,1070,1070,1227,1227,5461512,6188,2018-01-29,8.1,22,0,0
58,17,5,2089,915,915,1174,1174,4582116,6188,2018-01-29,8.1,15,0,0
32,18,8,1092,358,354,734,738,10518300,43758,2018-01-22,8.1,8,0,0
32,20,8,350,156,106,194,244,10518300,125970,2018-01-18,8.1,7,0,0
66,18,5,2512,1186,1181,1326,1331,8936928,8568,2018-02-22,8.0,12,0,0
32,19,8,608,240,219,368,389,10518300,75582,2018-02-22,8.0,11,0,0
32,21,8,226,95,77,131,149,10518300,203490,2018-02-22,8.0,8,0,0
38,23,7,223,98,68,125,155,12620256,245157,2018-03-01,8.0,9,0,0
69,19,5,2503,1141,1141,1362,1362,11238513,11628,2018-03-21,7.9,29,0,0
82,17,5,14000,4959,4448,9041,9552,27285336,6188,2018-07-30,7.6,39,0,0
77,17,5,9041,3552,3443,5489,5598,19757815,6188,2018-07-30,7.6,20,0,0
72,17,5,5609,2635,2635,2974,2974,13991544,6188,2018-07-30,7.6,22,0,0
71,17,5,4857,2523,2523,2334,2334,13019909,6188,2018-07-29,7.6,15,0,0
70,17,5,4324,2348,2348,1976,1976,12103014,6188,2018-07-29,7.6,19,0,0
68,17,5,3515,1996,1776,1519,1739,10424128,6188,2018-07-29,7.6,21,0,0
33,10,6,11213,5693,5693,5520,5520,1107568,210,2018-09-11,7.5,18,0,0
44,10,5,8974,4541,4541,4433,4433,1086008,252,2018-09-23,7.4,20,0,0
79,12,4,5661,3318,3272,2343,2389,1502501,495,2018-10-22,7.4,20,0,0
67,19,5,2364,998,998,1366,1366,9657648,11628,2018-10-19,7.4,24,0,0
66,19,5,2273,956,956,1317,1317,8936928,11628,2018-10-19,7.4,11,0,0
65,18,5,2435,1131,1131,1304,1304,8259888,8568,2018-10-19,7.4,18,0,0
63,18,5,2284,984,984,1300,1300,7028847,8568,2018-10-19,7.4,17,0,0
64,18,5,2365,1081,1081,1284,1284,7624512,8568,2018-10-19,7.4,10,0,0
62,18,5,2185,930,930,1255,1255,6471002,8568,2018-10-19,7.4,9,0,0
94,22,5,7316,2444,2103,4872,5213,54891018,26334,2018-11-04,7.3,15,0,0
90,22,5,5577,1997,1772,3580,3805,43949268,26334,2018-11-02,7.3,17,0,0
31,7,5,9927,8105,8105,1822,1822,169911,21,2018-11-12,7.3,17,0,0
71,20,6,13724,4239,4214,9485,9510,143218999,38760,2019-01-30,7.1,38,0,0
68,20,6,10209,3394,3394,6815,6815,109453344,38760,2019-01-30,7.1,26,0,0
64,20,6,7605,2528,1975,5077,5630,74974368,38760,2019-01-30,7.1,21,0,0
61,20,6,5533,1745,1647,3788,3886,55525372,38760,2019-01-30,7.1,12,0,0
60,20,6,5069,1539,1416,3530,3653,50063860,38760,2019-01-30,7.1,20,0,0
27,8,6,14380,11597,11546,2783,2834,296010,28,2019-01-18,7.1,25,0,0
59,21,6,3696,1077,1003,2619,2693,45057474,54264,2019-02-08,7.1,4,0,0
56,20,6,2898,1022,1000,1876,1898,32468436,38760,2019-01-29,7.1,10,0,0
28,10,6,2898,2050,1966,848,932,376740,210,2019-01-22,7.1,22,0,0
53,23,6,925,335,268,590,657,22957480,100947,2019-01-11,7.1,13,0,0
69,21,6,8765,2760,2337,6005,6428,119877472,54264,2019-02-12,7.0,9,0,0
64,21,6,6161,1728,1607,4433,4554,74974368,54264,2019-02-12,7.0,4,0,0
74,11,4,7038,3539,3539,3499,3499,1150626,330,2019-03-13,7.0,25,0,0
68,19,5,2437,1096,1096,1341,1341,10424128,11628,2019-03-02,7.0,46,0,0
75,20,5,2859,1317,1317,1542,1542,17259390,15504,2019-04-23,6.9,17,0,0
34,19,8,1210,369,369,841,841,18156204,75582,2019-04-03,6.9,8,0,0
38,23,8,562,179,133,383,429,48903492,490314,2019-04-09,6.9,9,0,0
38,21,7,469,181,181,288,288,12620256,116280,2019-03-31,6.9,13,0,0
48,16,6,6045,1947,1608,4098,4437,12271512,8008,2019-05-07,6.8,11,0,0
43,10,5,8076,4116,4116,3960,3960,962598,252,2019-05-10,6.8,50,0,0
80,21,5,3751,1372,1372,2379,2379,24040016,20349,2019-05-14,6.8,18,0,0
78,21,5,3321,1204,1204,2117,2117,21111090,20349,2019-05-14,6.8,29,0,0
76,20,5,3349,1368,1368,1981,1981,18474840,15504,2019-04-29,6.8,20,0,0
75,21,5,2588,1026,1018,1562,1570,17259390,20349,2019-05-15,6.8,17,0,0
76,21,5,2588,1115,1115,1473,1473,18474840,20349,2019-05-10,6.8,32,0,0
62,24,6,2060,639,489,1421,1571,61474519,134596,2019-05-30,6.8,11,0,0
31,12,6,2060,1023,905,1037,1155,736281,924,2019-05-29,6.8,15,0,0
57,24,6,1204,423,309,781,895,36288252,134596,2019-04-29,6.8,19,0,0
44,22,7,1080,320,304,760,776,38320568,170544,2019-05-22,6.8,10,0,0
24,8,6,6045,5313,5313,732,732,134596,28,2019-05-06,6.8,34,0,0
29,8,5,3127,2422,2422,705,705,118755,56,2019-06-17,6.7,9,0,0
42,22,7,690,241,233,449,457,26978328,170544,2019-05-31,6.7,2,0,0
51,23,6,648,264,238,384,410,18009460,100947,2019-07-19,6.6,22,0,0
26,11,7,5030,2459,2005,2571,3025,657800,330,2019-09-18,6.4,34,0,0
41,22,7,588,211,211,377,377,22481940,170544,2019-10-12,6.4,10,0,0
39,22,7,401,162,139,239,262,15380937,170544,2019-09-27,6.4,9,0,0
36,7,5,24397,18571,18571,5826,5826,376992,21,2019-11-21,6.3,21,0,0
65,24,6,3028,845,845,2183,2183,82598880,134596,2019-11-05,6.3,23,0,0
68,21,5,1619,651,577,968,1042,10424128,20349,2019-11-05,6.3,23,0,0
69,21,5,1677,671,595,1006,1082,11238513,20349,2020-01-30,6.1,21,0,0
33,23,8,121,64,55,57,66,13884156,490314,2020-01-15,6.1,4,0,0
34,24,8,103,51,51,52,52,18156204,735471,2020-01-15,6.1,3,0,0
73,23,5,1485,531,502,954,983,15020334,33649,2020-02-14,6.0,25,0,0
80,5,3,8705,8224,8224,481,481,82160,10,2020-02-12,6.0,11,0,0
32,11,6,4831,2319,2203,2512,2628,906192,462,2020-04-10,5.9,23,0,0
23,9,7,11086,7253,7253,3833,3833,245157,36,2020-05-02,5.8,29,0,0
73,17,5,6138,2745,2744,3393,3394,15020334,6188,2020-05-11,5.8,19,0,0
50,12,5,6141,3046,2859,3095,3282,2118760,792,2020-05-08,5.8,5,0,0
79,21,5,3435,1321,1321,2114,2114,22537515,20349,2020-05-11,5.8,30,0,0
21,9,7,5265,3251,3232,2014,2033,116280,36,2020-05-18,5.8,26,0,0
58,24,6,1348,445,373,903,975,40475358,134596,2020-05-19,5.8,14,0,0
77,15,4,2046,1145,1145,901,901,1353275,1365,2020-05-08,5.8,14,0,0
31,9,5,2350,1499,1499,851,851,169911,126,2020-05-21,5.8,23,0,0
56,24,6,946,360,292,586,654,32468436,134596,2020-05-12,5.8,15,0,0
37,20,7,580,208,208,372,372,10295472,77520,2020-04-26,5.8,16,0,0
34,23,8,176,83,66,93,110,18156204,490314,2020-04-26,5.8,5,0,0
86,4,3,25585,25585,25585,0,0,102340,4,2020-05-13,5.8,7,0,0
87,4,3,26818,26818,26818,0,0,105995,4,2020-05-15,5.8,12,0,0
63,23,7,12770,2967,2764,9803,10006,553270671,245157,2020-06-12,5.7,10,0,0
35,16,8,9157,2481,2481,6676,6676,23535820,12870,2020-06-01,5.7,11,0,0
29,9,6,9256,5662,5662,3594,3594,475020,84,2020-06-24,5.7,35,0,0
92,23,5,4852,1708,1640,3144,3212,49177128,33649,2020-07-05,5.7,28,0,0
91,23,5,4557,1587,1524,2970,3033,46504458,33649,2020-07-05,5.7,30,0,0
31,13,7,4660,1736,1729,2924,2931,2629575,1716,2020-07-02,5.7,14,0,0
30,10,6,5284,3153,2883,2131,2401,593775,210,2020-06-26,5.7,34,0,0
75,22,5,2233,843,710,1390,1523,17259390,26334,2020-06-24,5.7,18,0,0
79,23,5,2221,856,722,1365,1499,22537515,33649,2020-07-02,5.7,21,0,0
74,22,5,2020,761,633,1259,1387,16108764,26334,2020-06-18,5.7,14,0,0
61,18,5,2121,888,888,1233,1233,5949147,8568,2020-06-15,5.7,16,0,0
29,13,7,2372,1141,1140,1231,1232,1560780,1716,2020-07-02,5.7,19,0,0
95,24,5,2515,1588,1509,927,1006,57940519,42504,2020-07-02,5.7,9,0,0
70,22,5,1474,576,535,898,939,12103014,26334,2020-06-24,5.7,8,0,0
69,22,5,1352,521,480,831,872,11238513,26334,2020-06-18,5.7,16,0,0
49,23,6,474,201,201,273,273,13983816,100947,2020-06-18,5.7,18,0,0
50,24,6,441,180,157,261,284,15890700,134596,2020-06-12,5.7,6,0,0
37,21,7,359,159,138,200,221,10295472,116280,2020-06-07,5.7,10,0,0
33,22,8,204,87,69,117,135,13884156,319770,2020-06-01,5.7,4,0,0
26,5,4,3215,3120,3120,95,95,14950,5,2020-06-18,5.7,9,0,0
99,23,5,7724,2497,2131,5227,5593,71523144,33649,2020-07-29,5.6,22,0,0
28,13,8,7688,2923,2923,4765,4765,3108105,1287,2020-08-04,5.6,13,0,0
97,23,5,6877,2341,2008,4536,4869,64446024,33649,2020-07-07,5.6,24,0,0
95,23,5,5977,2049,1801,3928,4176,57940519,33649,2020-07-07,5.6,24,0,0
94,23,5,5514,1901,1746,3613,3768,54891018,33649,2020-07-29,5.6,28,0,0
95,12,4,10271,6975,6975,3296,3296,3183545,495,2020-07-30,5.6,17,0,0
58,20,6,4064,1253,1253,2811,2811,40475358,38760,2020-07-29,5.6,15,0,0
90,23,5,4238,1476,1476,2762,2762,43949268,33649,2020-07-06,5.6,25,0,0
89,23,5,3838,1424,1424,2414,2414,41507642,33649,2020-07-22,5.6,26,0,0
88,23,5,3548,1378,1378,2170,2170,39175752,33649,2020-07-29,5.6,21,0,0
30,13,7,3627,1468,1468,2159,2159,2035800,1716,2020-07-22,5.6,31,0,0
87,23,5,3272,1268,1260,2004,2012,36949857,33649,2020-07-29,5.6,28,0,0
86,23,5,3172,1216,1216,1956,1956,34826302,33649,2020-07-29,5.6,27,0,0
85,24,5,2473,985,985,1488,1488,32801517,42504,2020-07-22,5.6,18,0,0
82,23,5,2490,1013,1013,1477,1477,27285336,33649,2020-07-29,5.6,18,0,0
86,24,5,2484,1022,1022,1462,1462,34826302,42504,2020-07-22,5.6,16,0,0
83,23,5,2490,1051,1051,1439,1439,29034396,33649,2020-07-29,5.6,26,0,0
87,24,5,2497,1059,1059,1438,1438,36949857,42504,2020-07-31,5.6,10,0,0
29,10,6,4064,2628,2384,1436,1680,475020,210,2020-07-22,5.6,24,0,0
84,23,5,2490,1133,1133,1357,1357,30872016,33649,2020-07-20,5.6,26,0,0
88,24,5,2499,1152,1152,1347,1347,39175752,42504,2020-07-22,5.6,19,0,0
77,22,5,2272,952,952,1320,1320,19757815,26334,2020-07-15,5.6,19,0,0
89,24,5,2505,1195,1195,1310,1310,41507642,42504,2020-07-22,5.6,15,0,0
94,24,5,2514,1457,1457,1057,1057,54891018,42504,2020-07-14,5.6,13,0,0
39,20,7,921,292,273,629,648,15380937,77520,2020-07-25,5.6,16,0,0
99,20,2,30,30,30,0,0,4851,190,2020-07-20,5.6,5,0,0
50,11,6,93389,37064,37064,56325,56325,15890700,462,2020-08-19,5.5,14,0,0
34,8,6,72225,49691,49691,22534,22534,1344904,28,2020-09-09,5.5,24,0,0
42,11,6,30529,12948,12948,17581,17581,5245786,462,2020-08-14,5.5,7,0,0
41,11,6,26814,10154,9826,16660,16988,4496388,462,2020-08-14,5.5,17,0,0
38,7,5,32399,25308,25308,7091,7091,501942,21,2020-09-05,5.5,17,0,0
22,10,8,12658,7153,7111,5505,5547,319770,45,2020-08-17,5.5,17,0,0
35,14,7,7697,2465,2303,5232,5394,6724520,3432,2020-09-11,5.5,17,0,0
34,7,5,18163,13358,13358,4805,4805,278256,21,2020-09-05,5.5,14,0,0
34,6,5,50835,46376,46376,4459,4459,278256,6,2020-08-19,5.5,15,0,0
73,24,6,5939,1546,1448,4393,4491,170230452,134596,2020-09-01,5.5,12,0,0
27,11,7,6521,3351,3351,3170,3170,888030,330,2020-09-16,5.5,24,0,0
20,9,8,18397,15269,15269,3128,3128,125970,9,2020-08-23,5.5,22,0,0
26,7,6,37701,34621,34621,3080,3080,230230,7,2020-09-09,5.5,29,0,0
34,12,6,4136,1802,1802,2334,2334,1344904,924,2020-09-12,5.5,10,0,0
66,24,6,3197,889,889,2308,2308,90858768,134596,2020-09-01,5.5,9,0,0
35,18,8,2648,813,739,1835,1909,23535820,43758,2020-09-14,5.5,17,0,0
58,10,4,3807,2059,2059,1748,1748,424270,210,2020-09-07,5.5,14,0,0
33,12,6,3197,1491,1241,1706,1956,1107568,924,2020-08-29,5.5,8,0,0
31,6,5,30848,29450,29450,1398,1398,169911,6,2020-08-20,5.5,19,0,0
56,10,4,3230,1848,1848,1382,1382,367290,210,2020-09-08,5.5,12,0,0
55,10,4,3033,1749,1749,1284,1284,341055,210,2020-09-08,5.5,25,0,0
27,6,5,14693,14040,14040,653,653,80730,6,2020-08-20,5.5,14,0,0
40,23,7,337,131,87,206,250,18643560,245157,2020-09-11,5.5,19,0,0
64,5,3,4352,4237,4237,115,115,41664,10,2020-09-09,5.5,12,0,0
36,10,7,151984,74916,74916,77068,77068,8347680,120,2020-10-13,5.4,20,0,0
39,11,7,117261,49850,49850,67411,67411,15380937,330,2020-10-13,5.4,50,0,0
38,11,7,99830,42540,42540,57290,57290,12620256,330,2020-10-14,5.4,40,0,0
37,8,6,133072,85891,85891,47181,47181,2324784,28,2020-10-15,5.4,39,0,0
54,8,5,101881,58928,58928,42953,42953,3162510,56,2020-09-27,5.4,17,0,0
37,11,7,77344,36025,36025,41319,41319,10295472,330,2020-10-13,5.4,38,0,0
36,11,7,63586,25534,25361,38052,38225,8347680,330,2020-10-13,5.4,49,0,0
53,8,5,90521,54385,54385,36136,36136,2869685,56,2020-09-28,5.4,18,0,0
36,8,6,109097,74205,74093,34892,35004,1947792,28,2020-10-16,5.4,40,0,0
52,8,5,78907,46605,46605,32302,32302,2598960,56,2020-09-27,5.4,25,0,0
35,11,7,53905,21898,21109,32007,32796,6724520,330,2020-10-12,5.4,17,0,0
55,9,5,61299,29994,29994,31305,31305,3478761,126,2020-10-21,5.4,20,0,0
54,9,5,54606,25122,25122,29484,29484,3162510,126,2020-10-14,5.4,7,0,0
60,10,5,52185,23406,23406,28779,28779,5461512,252,2020-10-02,5.4,14,0,0
59,10,5,47610,21677,21677,25933,25933,5006386,252,2020-10-02,5.4,13,0,0
53,9,5,48918,23426,23426,25492,25492,2869685,126,2020-10-18,5.4,8,0,0
32,12,8,48939,23696,21667,25243,27272,10518300,495,2020-10-16,5.4,29,0,0
58,10,5,43208,18259,18259,24949,24949,4582116,252,2020-10-02,5.4,7,0,0
57,10,5,39127,17100,17100,22027,22027,4187106,252,2020-10-01,5.4,8,0,0
52,9,5,43002,21586,21586,21416,21416,2598960,126,2020-10-11,5.4,4,0,0
51,9,5,40014,19834,19834,20180,20180,2349060,126,2020-10-10,5.4,3,0,0
56,10,5,35278,15949,15949,19329,19329,3819816,252,2020-10-02,5.4,7,0,0
46,12,6,29558,11263,10573,18295,18985,9366819,924,2020-10-08,5.4,15,0,0
71,7,4,42720,27812,27812,14908,14908,971635,35,2020-10-12,5.4,35,0,0
33,8,6,57542,42678,42678,14864,14864,1107568,28,2020-10-15,5.4,20,0,0
72,7,4,45069,30672,30672,14397,14397,1028790,35,2020-10-13,5.4,26,0,0
47,9,5,25589,12764,12764,12825,12825,1533939,126,2020-10-18,5.4,28,0,0
32,11,7,24355,11788,11788,12567,12567,3365856,330,2020-10-09,5.4,15,0,0
43,8,5,29931,17641,17641,12290,12290,962598,56,2020-10-06,5.4,22,0,0
46,8,5,37918,25766,25766,12152,12152,1370754,56,2020-10-02,5.4,12,0,0
44,8,5,31297,19393,19393,11904,11904,1086008,56,2020-10-05,5.4,44,0,0
46,9,5,22891,11761,11761,11130,11130,1370754,126,2020-10-21,5.4,28,0,0
66,7,4,31720,20941,20941,10779,10779,720720,35,2020-10-01,5.4,38,0,0
41,8,5,24677,14473,14468,10204,10209,749398,56,2020-10-04,5.4,18,0,0
65,7,4,29431,20011,20011,9420,9420,677040,35,2020-10-11,5.4,38,0,0
41,12,6,14690,5778,5778,8912,8912,4496388,924,2020-10-10,5.4,27,0,0
44,9,5,17548,8673,8673,8875,8875,1086008,126,2020-10-21,5.4,16,0,0
40,6,5,118543,109674,109674,8869,8869,658008,6,2020-10-16,5.4,7,0,0
64,7,4,27669,19109,19109,8560,8560,635376,35,2020-09-25,5.4,32,0,0
82,9,4,23212,14760,14760,8452,8452,1749060,126,2020-10-07,5.4,55,0,0
47,14,6,12511,4281,3922,8230,8589,10737573,3003,2020-09-24,5.4,7,0,0
40,12,6,12533,4634,4267,7899,8266,3838380,924,2020-10-10,5.4,24,0,0
62,7,4,24074,16209,16209,7865,7865,557845,35,2020-10-09,5.4,25,0,0
46,14,6,11284,3470,3470,7814,7814,9366819,3003,2020-09-25,5.4,4,0,0
42,9,5,14679,7131,7131,7548,7548,850668,126,2020-10-20,5.4,35,0,0
39,8,5,18005,10613,10613,7392,7392,575757,56,2020-10-05,5.4,16,0,0
59,7,4,19781,13039,13039,6742,6742,455126,35,2020-10-08,5.4,27,0,0
39,12,6,10469,3998,3663,6471,6806,3262623,924,2020-10-09,5.4,33,0,0
41,9,5,12873,6492,6492,6381,6381,749398,126,2020-10-18,5.4,16,0,0
58,7,4,18553,12363,12363,6190,6190,424270,35,2020-10-09,5.4,28,0,0
44,14,6,8447,2735,2735,5712,5712,7059052,3003,2020-09-24,5.4,8,0,0
38,12,6,8917,3452,3303,5465,5614,2760681,924,2020-10-10,5.4,19,0,0
70,8,4,19150,13720,13720,5430,5430,916895,70,2020-10-03,5.4,10,0,0
53,6,4,24984,19937,19937,5047,5047,292825,15,2020-09-28,5.4,31,0,0
43,14,6,7265,2482,2482,4783,4783,6096454,3003,2020-09-24,5.4,10,0,0
37,8,5,13360,8612,8612,4748,4748,435897,56,2020-10-04,5.4,21,0,0
54,6,4,25812,21096,21087,4716,4725,316251,15,2020-09-26,5.4,35,0,0
89,21,5,7115,2408,2052,4707,5063,41507642,20349,2020-10-18,5.4,31,0,0
55,7,4,14237,9830,9759,4407,4478,341055,35,2020-10-06,5.4,20,0,0
54,7,4,13626,9273,9273,4353,4353,316251,35,2020-10-10,5.4,20,0,0
88,21,5,6570,2318,1991,4252,4579,39175752,20349,2020-10-08,5.4,19,0,0
52,6,4,22990,18833,18833,4157,4157,270725,15,2020-09-26,5.4,25,0,0
50,6,4,19733,15684,15684,4049,4049,230300,15,2020-09-26,5.4,17,0,0
67,8,4,15174,11139,11139,4035,4035,766480,70,2020-09-27,5.4,11,0,0
89,22,5,5450,1849,1716,3601,3734,41507642,26334,2020-10-11,5.4,17,0,0
51,7,4,10732,7170,7170,3562,3562,249900,35,2020-10-06,5.4,16,0,0
52,7,4,11714,8209,8209,3505,3505,270725,35,2020-10-06,5.4,18,0,0
65,9,4,9087,5720,5720,3367,3367,677040,126,2020-09-30,5.4,15,0,0
35,8,5,9287,6082,6082,3205,3205,324632,56,2020-09-27,5.4,15,0,0
50,7,4,9967,6772,6772,3195,3195,230300,35,2020-10-04,5.4,15,0,0
25,7,6,28416,25300,25300,3116,3116,177100,7,2020-09-19,5.4,23,0,0
64,9,4,8583,5490,5490,3093,3093,635376,126,2020-09-26,5.4,12,0,0
40,14,6,4671,1578,1389,3093,3282,3838380,3003,2020-09-24,5.4,40,0,0
47,6,4,15095,12181,12181,2914,2914,178365,15,2020-09-26,5.4,10,0,0
35,12,6,5032,2147,2147,2885,2885,1623160,924,2020-10-12,5.4,25,0,0
41,10,5,5939,3391,3391,2548,2548,749398,252,2020-10-17,5.4,37,0,0
95,15,4,5098,2553,2470,2545,2628,3183545,1365,2020-10-08,5.4,30,0,0
39,14,6,3889,1410,1159,2479,2730,3262623,3003,2020-09-23,5.4,19,0,0
94,15,4,4900,2501,2376,2399,2524,3049501,1365,2020-10-08,5.4,26,0,0
46,6,4,13722,11385,11385,2337,2337,163185,15,2020-09-27,5.4,13,0,0
96,16,4,4244,2052,2052,2192,2192,3321960,1820,2020-10-18,5.4,30,0,0
91,15,4,4273,2148,2148,2125,2125,2672670,1365,2020-10-08,5.4,28,0,0
47,7,4,7151,5097,5097,2054,2054,178365,35,2020-10-06,5.4,14,0,0
38,14,6,3143,1113,1045,2030,2098,2760681,3003,2020-09-23,5.4,14,0,0
85,14,4,4276,2277,2198,1999,2078,2024785,1001,2020-10-08,5.4,21,0,0
60,10,4,4480,2598,2598,1882,1882,487635,210,2020-10-03,5.4,16,0,0
91,16,4,3419,1638,1536,1781,1883,2672670,1820,2020-10-18,5.4,20,0,0
95,17,4,3225,1448,1448,1777,1777,3183545,2380,2020-10-18,5.4,20,0,0
55,9,4,4596,2848,2848,1748,1748,341055,126,2020-10-02,5.4,26,0,0
94,17,4,3118,1383,1383,1735,1735,3049501,2380,2020-10-18,5.4,23,0,0
87,15,4,3506,1787,1642,1719,1864,2225895,1365,2020-10-08,5.4,19,0,0
90,16,4,3283,1570,1474,1713,1809,2555190,1820,2020-10-18,5.4,26,0,0
82,14,4,3685,1974,1974,1711,1711,1749060,1001,2020-10-02,5.4,18,0,0
81,14,4,3538,1892,1892,1646,1646,1663740,1001,2020-10-08,5.4,20,0,0
37,14,6,2568,947,947,1621,1621,2324784,3003,2020-09-24,5.4,10,0,0
74,21,5,2578,980,980,1598,1598,16108764,20349,2020-10-18,5.4,33,0,0
43,7,4,5122,3526,3526,1596,1596,123410,35,2020-10-16,5.4,4,0,0
86,16,4,2667,1280,1280,1387,1387,2123555,1820,2020-10-18,5.4,20,0,0
42,7,4,4659,3282,3282,1377,1377,111930,35,2020-10-12,5.4,7,0,0
83,15,4,2902,1528,1428,1374,1474,1837620,1365,2020-10-08,5.4,21,0,0
78,14,4,2952,1588,1488,1364,1464,1426425,1001,2020-10-02,5.4,18,0,0
39,6,4,6824,5493,5486,1331,1338,82251,15,2020-10-02,5.4,18,0,0
36,14,6,2139,826,769,1313,1370,1947792,3003,2020-09-23,5.4,7,0,0
82,15,4,2768,1460,1394,1308,1374,1749060,1365,2020-10-08,5.4,19,0,0
85,16,4,2539,1254,1254,1285,1285,2024785,1820,2020-10-18,5.4,23,0,0
89,17,4,2430,1184,1184,1246,1246,2441626,2380,2020-10-18,5.4,19,0,0
84,16,4,2435,1192,1192,1243,1243,1929501,1820,2020-10-18,5.4,32,0,0
88,17,4,2339,1155,1155,1184,1184,2331890,2380,2020-10-18,5.4,19,0,0
87,17,4,2234,1075,937,1159,1297,2225895,2380,2020-10-08,5.4,20,0,0
40,12,5,2104,947,947,1157,1157,658008,792,2020-10-17,5.4,48,0,0
83,16,4,2309,1168,1168,1141,1141,1837620,1820,2020-10-08,5.4,27,0,0
74,14,4,2360,1248,1248,1112,1112,1150626,1001,2020-10-02,5.4,13,0,0
85,17,4,2013,975,895,1038,1118,2024785,2380,2020-10-08,5.4,22,0,0
78,15,4,2182,1176,1176,1006,1006,1426425,1365,2020-10-02,5.4,13,0,0
53,10,4,2565,1564,1564,1001,1001,292825,210,2020-10-17,5.4,26,0,0
52,10,4,2317,1326,1300,991,1017,270725,210,2020-10-12,5.4,24,0,0
92,7,3,4459,3588,3588,871,871,125580,35,2020-10-21,5.4,11,0,0
90,7,3,4241,3434,3433,807,808,117480,35,2020-10-20,5.4,9,0,0
55,24,6,921,330,266,591,655,28989675,134596,2020-10-01,5.4,21,0,0
84,7,3,3364,2832,2832,532,532,95284,35,2020-10-22,5.4,16,0,0
80,6,3,4717,4214,4214,503,503,82160,20,2020-10-15,5.4,16,0,0
81,6,3,4811,4320,4320,491,491,85320,20,2020-10-20,5.4,19,0,0
79,7,3,2791,2348,2348,443,443,79079,35,2020-10-20,5.4,12,0,0
75,7,3,2411,1983,1983,428,428,67525,35,2020-10-21,5.4,10,0,0
78,7,3,2687,2296,2296,391,391,76076,35,2020-10-20,5.4,16,0,0
62,10,5,61799,26815,26815,34984,34984,6471002,252,2020-10-26,5.3,24,0,0
61,10,5,56940,24931,24931,32009,32009,5949147,252,2020-10-29,5.3,20,0,0
55,10,5,32803,14652,14652,18151,18151,3478761,252,2020-10-26,5.3,12,0,0
49,9,5,32375,15158,15158,17217,17217,1906884,126,2020-10-28,5.3,20,0,0
54,10,5,29338,13646,13646,15692,15692,3162510,252,2020-10-25,5.3,13,0,0
87,10,4,22263,10649,10649,11614,11614,2225895,210,2020-10-29,5.3,23,0,0
86,10,4,21350,10234,10234,11116,11116,2123555,210,2020-10-28,5.3,19,0,0
85,10,4,20346,9920,9920,10426,10426,2024785,210,2020-10-28,5.3,20,0,0
84,10,4,19175,9534,9534,9641,9641,1929501,210,2020-10-28,5.3,19,0,0
83,10,4,18426,9230,9230,9196,9196,1837620,210,2020-10-28,5.3,15,0,0
62,13,5,14665,5700,5580,8965,9085,6471002,1287,2020-11-15,5.3,14,0,0
35,10,6,16632,7802,7749,8830,8883,1623160,210,2020-11-23,5.3,33,0,0
82,10,4,17215,8856,8856,8359,8359,1749060,210,2020-10-26,5.3,13,0,0
43,9,5,16183,7955,7955,8228,8228,962598,126,2020-10-28,5.3,56,0,0
81,10,4,16532,8570,8570,7962,7962,1663740,210,2020-10-28,5.3,22,0,0
79,10,4,14803,7261,7261,7542,7542,1502501,210,2020-10-29,5.3,13,0,0
78,10,4,13911,7013,7013,6898,6898,1426425,210,2020-10-28,5.3,12,0,0
55,12,5,11524,5019,4909,6505,6615,3478761,792,2020-11-16,5.3,16,0,0
76,10,4,12575,6460,6460,6115,6115,1282975,210,2020-10-28,5.3,18,0,0
54,12,5,10364,4514,4514,5850,5850,3162510,792,2020-11-13,5.3,13,0,0
73,10,4,10630,5198,5198,5432,5432,1088430,210,2020-10-30,5.3,24,0,0
74,10,4,11125,5943,5943,5182,5182,1150626,210,2020-10-28,5.3,11,0,0
72,10,4,9949,5004,5004,4945,4945,1028790,210,2020-10-30,5.3,28,0,0
71,10,4,9377,4807,4807,4570,4570,971635,210,2020-10-29,5.3,12,0,0
70,10,4,8717,4564,4564,4153,4153,916895,210,2020-10-29,5.3,15,0,0
69,10,4,8327,4382,4382,3945,3945,864501,210,2020-10-28,5.3,23,0,0
68,10,4,7898,4203,4203,3695,3695,814385,210,2020-10-27,5.3,13,0,0
66,10,4,6857,3432,3432,3425,3425,720720,210,2020-10-27,5.3,14,0,0
67,10,4,7429,4034,4034,3395,3395,766480,210,2020-10-27,5.3,14,0,0
65,10,4,6505,3283,3283,3222,3222,677040,210,2020-10-26,5.3,24,0,0
64,10,4,6084,3136,3136,2948,2948,635376,210,2020-10-28,5.3,19,0,0
45,16,6,4145,1246,1173,2899,2972,8145060,8008,2020-11-25,5.3,11,0,0
84,12,4,6889,4018,3913,2871,2976,1929501,495,2020-11-02,5.3,8,0,0
51,5,4,52671,49980,49980,2691,2691,249900,5,2020-11-20,5.3,10,0,0
65,8,4,12630,10181,10181,2449,2449,677040,70,2020-10-28,5.3,6,0,0
43,16,6,3104,898,890,2206,2214,6096454,8008,2020-11-26,5.3,19,0,0
40,10,5,4863,2724,2636,2139,2227,658008,252,2020-11-20,5.3,37,0,0
78,12,4,5247,3185,3140,2062,2107,1426425,495,2020-11-03,5.3,19,0,0
76,12,4,4556,2895,2895,1661,1661,1282975,495,2020-11-18,5.3,22,0,0
38,10,5,3826,2189,2109,1637,1717,501942,252,2020-11-20,5.3,40,0,0
44,17,6,2386,767,767,1619,1619,7059052,12376,2020-10-27,5.3,19,0,0
21,7,6,9218,7872,7872,1346,1346,54264,7,2020-10-24,5.3,16,0,0
91,5,3,13475,12285,12285,1190,1190,121485,10,2020-10-26,5.3,11,0,0
68,12,4,3012,1831,1831,1181,1181,814385,495,2020-11-21,5.3,9,0,0
39,7,4,3398,2368,2368,1030,1030,82251,35,2020-11-04,5.3,6,0,0
40,7,4,3839,2824,2823,1015,1016,91390,35,2020-10-31,5.3,19,0,0
95,7,3,5004,4045,4045,959,959,138415,35,2020-10-23,5.3,15,0,0
38,7,4,3099,2177,2177,922,922,73815,35,2020-11-04,5.3,3,0,0
94,7,3,4874,3962,3962,912,912,134044,35,2020-10-23,5.3,18,0,0
98,7,3,5382,4536,4536,846,846,152096,35,2020-10-23,5.3,16,0,0
50,21,6,1273,434,358,839,915,15890700,54264,2020-11-10,5.3,18,0,0
88,5,3,11886,11106,11106,780,780,109736,10,2020-10-25,5.3,16,0,0
89,7,3,4002,3357,3357,645,645,113564,35,2020-10-23,5.3,9,0,0
74,5,3,7103,6483,6483,620,620,64824,10,2020-10-26,5.3,13,0,0
77,5,3,7920,7315,7315,605,605,73150,10,2020-10-26,5.3,9,0,0
73,5,3,6875,6308,6308,567,567,62196,10,2020-10-26,5.3,9,0,0
86,8,3,2387,1828,1828,559,559,102340,56,2020-10-24,5.3,15,0,0
91,8,3,2753,2196,2196,557,557,121485,56,2020-10-24,5.3,17,0,0
87,5,3,11352,10858,10858,494,494,105995,10,2020-10-26,5.3,10,0,0
76,5,3,7619,7129,7129,490,490,70300,10,2020-10-26,5.3,10,0,0
79,6,3,4572,4108,4108,464,464,79079,20,2020-10-27,5.3,11,0,0
72,7,3,2161,1708,1708,453,453,59640,35,2020-10-27,5.3,16,0,0
78,5,3,8248,7816,7816,432,432,76076,10,2020-11-17,5.3,13,0,0
85,5,3,10398,9996,9996,402,402,98770,10,2020-10-25,5.3,12,0,0
84,5,3,10134,9762,9761,372,373,95284,10,2020-10-25,5.3,13,0,0
73,7,3,2229,1878,1878,351,351,62196,35,2020-10-24,5.3,13,0,0
81,5,3,9078,8748,8748,330,330,85320,10,2020-10-25,5.3,10,0,0
68,5,3,5329,5019,5019,310,310,50116,10,2020-10-26,5.3,11,0,0
42,9,6,129077,67541,67518,61536,61559,5245786,84,2020-12-18,5.2,47,0,0
41,9,6,107238,53938,53938,53300,53300,4496388,84,2020-12-18,5.2,19,0,0
59,9,5,88702,39878,39878,48824,48824,5006386,126,2020-12-14,5.2,12,0,0
61,14,6,67889,20876,20876,47013,47013,55525372,3003,2020-12-21,5.2,12,0,0
40,9,6,92981,47169,47169,45812,45812,3838380,84,2020-12-18,5.2,16,0,0
58,9,5,79810,37101,37101,42709,42709,4582116,126,2020-12-11,5.2,13,0,0
57,9,5,75512,34536,34492,40976,41020,4187106,126,2020-12-14,5.2,11,0,0
63,10,5,67163,28476,28476,38687,38687,7028847,252,2021-01-02,5.2,23,0,0
56,9,5,68098,32344,32344,35754,35754,3819816,126,2020-12-13,5.2,22,0,0
39,9,6,76445,41128,41128,35317,35317,3262623,84,2020-12-18,5.2,12,0,0
38,9,6,66195,36362,36362,29833,29833,2760681,84,2020-12-15,5.2,36,0,0
37,9,6,54502,28305,27845,26197,26657,2324784,84,2020-12-18,5.2,40,0,0
79,7,4,67492,42988,42988,24504,24504,1502501,35,2020-12-07,5.2,27,0,0
75,7,4,52473,34886,34758,17587,17715,1215450,35,2020-12-08,5.2,24,0,0
76,20,6,23225,6662,6107,16563,17118,218618940,38760,2021-01-02,5.2,29,0,0
73,7,4,47742,32037,32037,15705,15705,1088430,35,2020-12-04,5.2,21,0,0
35,9,6,35785,20810,20810,14975,14975,1623160,84,2020-12-13,5.2,26,0,0
75,20,6,20820,6049,5817,14771,15003,201359550,38760,2021-01-02,5.2,38,0,0
72,20,6,15211,4709,4709,10502,10502,156238908,38760,2021-01-02,5.2,33,0,0
88,10,4,22268,11916,11916,10352,10352,2331890,210,2020-12-26,5.2,24,0,0
45,9,5,19520,10645,10645,8875,8875,1221759,126,2020-12-11,5.2,12,0,0
69,20,6,11514,3782,3782,7732,7732,119877472,38760,2021-01-02,5.2,19,0,0
76,16,5,11446,4774,4275,6672,7171,18474840,4368,2021-01-02,5.2,13,0,0
31,9,6,15244,9535,9535,5709,5709,736281,84,2020-12-13,5.2,26,0,0
65,20,6,8101,2685,2269,5416,5832,82598880,38760,2021-01-02,5.2,16,0,0
75,24,6,7220,1841,1741,5379,5479,201359550,134596,2021-01-02,5.2,20,0,0
57,7,4,16944,11710,11710,5234,5234,395010,35,2020-12-09,5.2,25,0,0
40,9,5,11114,5894,5894,5220,5220,658008,126,2020-12-15,5.2,12,0,0
53,12,5,9151,4157,4157,4994,4994,2869685,792,2020-12-20,5.2,10,0,0
56,13,5,8096,3399,3124,4697,4972,3819816,1287,2020-12-13,5.2,23,0,0
52,12,5,8058,3619,3315,4439,4743,2598960,792,2020-12-11,5.2,9,0,0
72,16,5,8014,3731,3411,4283,4603,13991544,4368,2021-01-02,5.2,14,0,0
45,15,6,6210,1971,1662,4239,4548,8145060,5005,2020-12-29,5.2,10,0,0
38,9,5,8112,4121,4121,3991,3991,501942,126,2021-01-03,5.2,23,0,0
44,15,6,5260,1813,1514,3447,3746,7059052,5005,2020-12-29,5.2,9,0,0
70,24,6,4655,1225,1225,3430,3430,131115985,134596,2021-01-02,5.2,17,0,0
42,15,6,4177,1241,1165,2936,3012,5245786,5005,2021-01-02,5.2,23,0,0
49,12,5,5353,2781,2606,2572,2747,1906884,792,2020-12-03,5.2,13,0,0
41,15,6,3436,1056,1056,2380,2380,4496388,5005,2021-01-02,5.2,24,0,0
68,16,5,5002,2699,2699,2303,2303,10424128,4368,2021-01-02,5.2,12,0,0
80,12,4,5750,3454,3400,2296,2350,1581580,495,2021-01-02,5.2,14,0,0
46,7,4,6583,4784,4784,1799,1799,163185,35,2020-12-04,5.2,9,0,0
46,12,5,3767,2009,2009,1758,1758,1370754,792,2020-12-06,5.2,19,0,0
39,15,6,2416,786,786,1630,1630,3262623,5005,2020-12-27,5.2,26,0,0
71,12,4,3413,2148,2113,1265,1300,971635,495,2020-12-24,5.2,9,0,0
36,10,5,2927,1739,1739,1188,1188,376992,252,2020-12-02,5.2,17,0,0
64,12,4,2398,1408,1344,990,1054,635376,495,2021-01-02,5.2,9,0,0
61,16,5,2568,1617,1480,951,1088,5949147,4368,2021-01-02,5.2,13,0,0
62,16,5,2595,1767,1562,828,1033,6471002,4368,2021-01-02,5.2,9,0,0
37,7,4,2806,1998,1998,808,808,66045,35,2020-12-08,5.2,11,0,0
36,7,4,2510,1862,1862,648,648,58905,35,2020-12-17,5.2,5,0,0
35,7,4,2176,1530,1505,646,671,52360,35,2020-12-21,5.2,2,0,0
47,22,6,545,227,203,318,342,10737573,74613,2020-12-23,5.2,19,0,0
35,12,8,137657,51325,51325,86332,86332,23535820,495,2021-01-23,5.1,33,0,0
46,16,8,96419,23590,23590,72829,72829,260932815,12870,2021-01-13,5.1,14,0,0
49,14,7,96548,28602,28602,67946,67946,85900584,3432,2021-01-30,5.1,14,0,0
31,11,8,114406,47870,47870,66536,66536,7888725,165,2021-01-20,5.1,24,0,0
42,12,7,99758,35539,34391,64219,65367,26978328,792,2021-01-30,5.1,16,0,0
52,15,7,88788,25220,25220,63568,63568,133784560,6435,2021-01-13,5.1,9,0,0
29,10,8,165841,104632,104171,61209,61670,4292145,45,2021-01-17,5.1,28,0,0
56,20,8,73835,13594,12598,60241,61237,1420494075,125970,2021-01-13,5.1,7,0,0
62,22,8,70002,12601,11594,57401,58408,3381098545,319770,2021-01-13,5.1,11,0,0
72,21,7,71672,14534,14448,57138,57224,1473109704,116280,2021-01-13,5.1,16,0,0
35,10,7,117868,61908,61856,55960,56012,6724520,120,2021-01-19,5.1,30,0,0
54,16,7,73821,18259,16710,55562,57111,177100560,11440,2021-01-13,5.1,12,0,0
76,17,6,73077,18424,18424,54653,54653,218618940,12376,2021-01-30,5.1,7,0,0
68,20,7,68609,14223,14161,54386,54448,969443904,77520,2021-01-13,5.1,16,0,0
67,24,8,64493,10776,10464,53717,54029,6522361560,735471,2021-01-13,5.1,12,0,0
71,21,7,66500,13504,13504,52996,52996,1329890705,116280,2021-01-13,5.1,26,0,0
77,23,7,64273,11869,11775,52404,52498,2404808340,245157,2021-01-13,5.1,25,0,0
74,22,7,64672,12934,12934,51738,51738,1799579064,170544,2021-01-30,5.1,22,0,0
66,15,6,72776,21125,21125,51651,51651,90858768,5005,2021-01-12,5.1,23,0,0
67,20,7,63351,13163,13163,50188,50188,869648208,77520,2021-01-13,5.1,22,0,0
55,20,8,62118,12202,10569,49916,51549,1217566350,125970,2021-01-13,5.1,7,0,0
34,10,7,96282,46376,45282,49906,51000,5379616,120,2021-01-18,5.1,44,0,0
89,20,6,65574,16141,16141,49433,49433,581106988,38760,2021-01-30,5.1,3,0,0
65,15,6,66538,18443,16900,48095,49638,82598880,5005,2021-01-12,5.1,24,0,0
50,15,7,66428,18400,16380,48028,50048,99884400,6435,2021-01-13,5.1,10,0,0
70,21,7,60398,12607,12607,47791,47791,1198774720,116280,2021-01-13,5.1,28,0,0
64,23,8,57978,10711,10496,47267,47482,4426165368,490314,2021-01-13,5.1,6,0,0
80,24,7,58602,11337,11337,47265,47265,3176716400,346104,2021-01-30,5.1,19,0,0
30,11,8,85697,38638,37380,47059,48317,5852925,165,2021-01-17,5.1,23,0,0
84,19,6,63371,17026,15943,46345,47428,406481544,27132,2021-01-12,5.1,2,0,0
28,10,8,116218,70216,70216,46002,46002,3108105,45,2021-01-15,5.1,20,0,0
46,17,8,59647,13800,11525,45847,48122,260932815,24310,2021-01-13,5.1,3,0,0
93,21,6,61031,15629,15629,45402,45402,762245484,54264,2021-01-13,5.1,1,0,0
83,19,6,60431,15666,15185,44765,45246,377447148,27132,2021-01-12,5.1,5,0,0
96,22,6,58838,14117,14117,44721,44721,927048304,74613,2021-01-30,5.1,3,0,0
54,20,8,53769,10055,9402,43714,44367,1040465790,125970,2021-01-13,5.1,6,0,0
92,21,6,58527,15032,15032,43495,43495,713068356,54264,2021-01-12,5.1,1,0,0
88,20,6,58804,15414,15414,43390,43390,541931236,38760,2021-01-12,5.1,6,0,0
75,17,6,62361,18980,16898,43381,45463,201359550,12376,2021-01-30,5.1,8,0,0
64,15,6,59604,16764,15399,42840,44205,74974368,5005,2021-01-12,5.1,11,0,0
73,17,6,58367,16022,14648,42345,43719,170230452,12376,2021-01-12,5.1,10,0,0
79,18,6,59533,17262,16292,42271,43241,277962685,18564,2021-01-12,5.1,17,0,0
95,22,6,55296,13590,13590,41706,41706,869107785,74613,2021-01-13,5.1,4,0,0
51,19,8,51761,10128,9352,41633,42409,636763050,75582,2021-01-13,5.1,7,0,0
52,16,7,54480,13108,13108,41372,41372,133784560,11440,2021-01-13,5.1,11,0,0
75,23,7,51562,10302,10302,41260,41260,1984829850,245157,2021-01-30,5.1,30,0,0
69,21,7,52367,11152,11152,41215,41215,1078897248,116280,2021-01-13,5.1,23,0,0
72,22,7,51668,10689,10689,40979,40979,1473109704,170544,2021-01-13,5.1,13,0,0
91,21,6,54528,13884,13884,40644,40644,666563898,54264,2021-01-12,5.1,3,0,0
60,14,6,59803,19569,19569,40234,40234,50063860,3003,2021-01-30,5.1,14,0,0
78,18,6,55073,15392,14920,39681,40153,256851595,18564,2021-01-12,5.1,25,0,0
72,17,6,53168,13871,13871,39297,39297,156238908,12376,2021-01-30,5.1,18,0,0
77,18,6,53145,14173,14173,38972,38972,237093780,18564,2021-01-12,5.1,28,0,0
59,22,8,47396,8593,8593,38803,38803,2217471399,319770,2021-01-13,5.1,8,0,0
96,15,5,60707,22023,22023,38684,38684,61124064,3003,2021-01-30,5.1,1,0,0
95,15,5,59617,21008,21008,38609,38609,57940519,3003,2021-01-30,5.1,1,0,0
87,20,6,53371,14790,14790,38581,38581,504981379,38760,2021-01-12,5.1,20,0,0
98,23,6,50598,12289,12289,38309,38309,1052618392,100947,2021-01-13,5.1,14,0,0
62,23,8,46936,8716,8716,38220,38220,3381098545,490314,2021-01-13,5.1,8,0,0
90,21,6,51363,13256,13256,38107,38107,622614630,54264,2021-01-12,5.1,11,0,0
65,20,7,48702,10774,10774,37928,37928,696190560,77520,2021-01-13,5.1,18,0,0
94,15,5,57908,20361,20361,37547,37547,54891018,3003,2021-01-30,5.1,7,0,0
40,15,8,52210,14747,14747,37463,37463,76904685,6435,2021-01-30,5.1,8,0,0
71,22,7,47200,9995,9995,37205,37205,1329890705,170544,2021-01-13,5.1,24,0,0
81,19,6,50503,13400,13400,37103,37103,324540216,27132,2021-01-12,5.1,10,0,0
85,20,6,49471,13005,13005,36466,36466,437353560,38760,2021-01-12,5.1,25,0,0
86,20,6,50064,13662,13662,36402,36402,470155077,38760,2021-01-12,5.1,10,0,0
93,22,6,48276,12057,12057,36219,36219,762245484,74613,2021-01-13,5.1,7,0,0
48,7,5,119619,83527,83527,36092,36092,1712304,21,2021-01-24,5.1,24,0,0
48,18,8,46695,10624,9416,36071,37279,377348994,43758,2021-01-13,5.1,5,0,0
68,21,7,46094,10372,10372,35722,35722,969443904,116280,2021-01-13,5.1,22,0,0
71,17,6,48064,12701,12701,35363,35363,143218999,12376,2021-01-30,5.1,16,0,0
34,13,8,51739,16681,15847,35058,35892,18156204,1287,2021-01-26,5.1,24,0,0
54,17,7,45840,10807,10807,35033,35033,177100560,19448,2021-01-13,5.1,7,0,0
93,15,5,54357,19394,19394,34963,34963,51971283,3003,2021-01-30,5.1,24,0,0
48,15,7,48568,13700,12551,34868,36017,73629072,6435,2021-01-13,5.1,14,0,0
96,23,6,46130,11303,11303,34827,34827,927048304,100947,2021-01-13,5.1,15,0,0
89,21,6,47018,12308,12308,34710,34710,581106988,54264,2021-01-12,5.1,7,0,0
92,22,6,45639,11509,11509,34130,34130,713068356,74613,2021-01-12,5.1,6,0,0
62,15,6,47985,13979,13149,34006,34836,61474519,5005,2021-01-30,5.1,24,0,0
84,20,6,45366,12038,11966,33328,33400,406481544,38760,2021-01-12,5.1,26,0,0
70,22,7,41660,8782,7436,32878,34224,1198774720,170544,2021-01-13,5.1,29,0,0
75,18,6,45129,12334,12334,32795,32795,201359550,18564,2021-01-30,5.1,19,0,0
61,23,8,40528,7793,7257,32735,33271,2944827765,490314,2021-01-13,5.1,7,0,0
46,11,6,53443,20797,20797,32646,32646,9366819,462,2021-01-12,5.1,13,0,0
76,24,7,40289,7860,6540,32429,33749,2186189400,346104,2021-01-13,5.1,35,0,0
91,22,6,42679,10656,10656,32023,32023,666563898,74613,2021-01-12,5.1,9,0,0
88,21,6,43700,11725,11725,31975,31975,541931236,54264,2021-01-12,5.1,7,0,0
97,16,5,47836,16066,15290,31770,32546,64446024,4368,2021-01-12,5.1,10,0,0
64,24,8,39517,7912,7371,31605,32146,4426165368,735471,2021-01-13,5.1,6,0,0
70,17,6,43312,12008,12008,31304,31304,131115985,12376,2021-01-30,5.1,40,0,0
64,20,7,40948,9869,9869,31079,31079,621216192,77520,2021-01-13,5.1,5,0,0
99,24,6,40903,9933,8527,30970,32376,1120529256,134596,2021-01-13,5.1,25,0,0
47,7,5,107387,76443,76443,30944,30944,1533939,21,2021-01-23,5.1,25,0,0
61,15,6,43777,13054,12274,30723,31503,55525372,5005,2021-01-30,5.1,14,0,0
27,10,8,82882,52237,52237,30645,30645,2220075,45,2021-01-15,5.1,59,0,0
46,7,5,96134,65504,65504,30630,30630,1370754,21,2021-01-23,5.1,30,0,0
52,20,8,37825,7392,7392,30433,30433,752538150,125970,2021-01-13,5.1,6,0,0
69,22,7,38296,8168,6879,30128,31417,1078897248,170544,2021-01-13,5.1,23,0,0
87,21,6,41297,11174,11174,30123,30123,504981379,54264,2021-01-12,5.1,7,0,0
94,23,6,39781,9695,8330,30086,31451,814216767,100947,2021-01-13,5.1,18,0,0
83,20,6,41067,11446,11446,29621,29621,377447148,38760,2021-01-12,5.1,15,0,0
86,21,6,39560,10325,10325,29235,29235,470155077,54264,2021-01-12,5.1,14,0,0
90,22,6,38937,9851,8395,29086,30542,622614630,74613,2021-01-12,5.1,13,0,0
63,20,7,38119,9129,9129,28990,28990,553270671,77520,2021-01-13,5.1,12,0,0
63,24,8,35700,6794,6639,28906,29061,3872894697,735471,2021-01-13,5.1,9,0,0
89,22,6,38137,9378,8055,28759,30082,581106988,74613,2021-01-12,5.1,18,0,0
95,16,5,43242,14850,14108,28392,29134,57940519,4368,2021-01-30,5.1,21,0,0
69,17,6,39130,10955,10955,28175,28175,119877472,12376,2021-01-30,5.1,28,0,0
82,20,6,38859,10890,10890,27969,27969,350161812,38760,2021-01-12,5.1,16,0,0
85,21,6,37456,9520,8181,27936,29275,437353560,54264,2021-01-12,5.1,12,0,0
98,24,6,37358,9560,8200,27798,29158,1052618392,134596,2021-01-13,5.1,19,0,0
32,10,7,57847,30512,30512,27335,27335,3365856,120,2021-01-19,5.1,39,0,0
60,15,6,38174,11144,11144,27030,27030,50063860,5005,2021-01-30,5.1,16,0,0
94,16,5,41058,14136,13407,26922,27651,54891018,4368,2021-01-12,5.1,16,0,0
62,24,8,32862,6004,6004,26858,26858,3381098545,735471,2021-01-13,5.1,6,0,0
68,22,7,33956,7162,6028,26794,27928,969443904,170544,2021-01-13,5.1,17,0,0
51,20,8,33157,6564,6108,26593,27049,636763050,125970,2021-01-13,5.1,14,0,0
81,20,6,36623,10044,10044,26579,26579,324540216,38760,2021-01-12,5.1,15,0,0
62,20,7,34357,7964,6709,26393,27648,491796152,77520,2021-01-13,5.1,9,0,0
93,16,5,39356,12980,12980,26376,26376,51971283,4368,2021-01-12,5.1,23,0,0
45,11,6,44753,18577,18577,26176,26176,8145060,462,2021-01-30,5.1,14,0,0
97,24,6,34956,8823,7882,26133,27074,988172368,134596,2021-01-13,5.1,28,0,0
49,16,7,34725,8762,8753,25963,25972,85900584,11440,2021-01-13,5.1,6,0,0
59,23,8,31729,5839,5824,25890,25905,2217471399,490314,2021-01-13,5.1,9,0,0
43,17,8,32808,7012,7012,25796,25796,145008513,24310,2021-01-13,5.1,8,0,0
73,18,6,36427,10687,10687,25740,25740,170230452,18564,2021-01-12,5.1,27,0,0
75,13,5,39853,14199,13702,25654,26151,17259390,1287,2021-01-12,5.1,26,0,0
68,17,6,35887,10320,10320,25567,25567,109453344,12376,2021-01-30,5.1,23,0,0
45,7,5,84677,59638,59638,25039,25039,1221759,21,2021-01-24,5.1,37,0,0
80,20,6,33604,9164,7868,24440,25736,300500200,38760,2021-01-12,5.1,28,0,0
87,22,6,32541,8262,7372,24279,25169,504981379,74613,2021-01-12,5.1,16,0,0
34,11,7,41800,17597,17597,24203,24203,5379616,330,2021-01-19,5.1,17,0,0
83,21,6,31911,8300,7407,23611,24504,377447148,54264,2021-01-12,5.1,10,0,0
61,24,8,28843,5518,5518,23325,23325,2944827765,735471,2021-01-13,5.1,9,0,0
92,16,5,35522,12351,12351,23171,23171,49177128,4368,2021-01-30,5.1,15,0,0
45,18,8,28904,5813,5760,23091,23144,215553195,43758,2021-01-13,5.1,15,0,0
96,24,6,31232,8196,7204,23036,24028,927048304,134596,2021-01-13,5.1,12,0,0
38,15,8,32519,9589,8404,22930,24115,48903492,6435,2021-01-30,5.1,22,0,0
73,13,5,35212,12635,12197,22577,23015,15020334,1287,2021-01-12,5.1,23,0,0
51,17,7,30141,7689,7689,22452,22452,115775100,19448,2021-01-13,5.1,13,0,0
67,22,7,28557,6320,5574,22237,22983,869648208,170544,2021-01-13,5.1,13,0,0
91,16,5,33665,11944,11944,21721,21721,46504458,4368,2021-01-12,5.1,18,0,0
43,11,6,36306,14597,14597,21709,21709,6096454,462,2021-02-04,5.1,7,0,0
79,20,6,30388,8742,7494,21646,22894,277962685,38760,2021-01-12,5.1,17,0,0
64,21,7,28226,6809,5648,21417,22578,621216192,116280,2021-01-13,5.1,13,0,0
82,21,6,29357,7943,6740,21414,22617,350161812,54264,2021-01-12,5.1,16,0,0
72,13,5,33101,11897,11703,21204,21398,13991544,1287,2021-01-12,5.1,28,0,0
29,9,7,66076,45247,45247,20829,20829,1560780,36,2021-01-15,5.1,13,0,0
85,22,6,27712,6940,6414,20772,21298,437353560,74613,2021-01-12,5.1,10,0,0
89,16,5,31275,10769,10769,20506,20506,41507642,4368,2021-01-12,5.1,22,0,0
88,23,6,26528,6084,6084,20444,20444,541931236,100947,2021-01-12,5.1,32,0,0
71,18,6,29696,9262,9262,20434,20434,143218999,18564,2021-01-12,5.1,32,0,0
66,22,7,25899,5535,5145,20364,20754,778789440,170544,2021-01-13,5.1,12,0,0
78,20,6,28320,8015,7083,20305,21237,256851595,38760,2021-01-12,5.1,13,0,0
47,19,8,25765,5576,5161,20189,20604,314457495,75582,2021-01-13,5.1,20,0,0
30,12,8,33495,13513,12960,19982,20535,5852925,495,2021-01-13,5.1,10,0,0
32,13,8,30164,10221,10221,19943,19943,10518300,1287,2021-01-28,5.1,6,0,0
32,7,6,154453,134629,134629,19824,19824,906192,7,2021-01-15,5.1,22,0,0
72,24,7,25106,5337,4956,19769,20150,1473109704,346104,2021-01-13,5.1,15,0,0
81,21,6,26766,7005,6419,19761,20347,324540216,54264,2021-01-12,5.1,8,0,0
60,24,8,24551,4793,4503,19758,20048,2558620845,735471,2021-01-30,5.1,7,0,0
44,7,5,74120,54510,54510,19610,19610,1086008,21,2021-01-15,5.1,50,0,0
50,17,7,25794,6198,5253,19596,20541,99884400,19448,2021-01-13,5.1,15,0,0
37,15,8,26861,7548,6547,19313,20314,38608020,6435,2021-01-27,5.1,18,0,0
26,10,8,57235,38374,38374,18861,18861,1562275,45,2021-01-16,5.1,31,0,0
88,16,5,28638,9829,9031,18809,19607,39175752,4368,2021-01-12,5.1,26,0,0
57,15,6,27060,8436,8436,18624,18624,36288252,5005,2021-01-30,5.1,12,0,0
71,13,5,29836,11218,10995,18618,18841,13019909,1287,2021-01-12,5.1,22,0,0
71,24,7,23271,4692,4323,18579,18948,1329890705,346104,2021-01-13,5.1,21,0,0
43,7,5,64105,45838,45838,18267,18267,962598,21,2021-01-21,5.1,52,0,0
27,8,7,134853,116846,116846,18007,18007,888030,8,2021-01-15,5.1,26,0,0
47,16,7,24947,7074,7074,17873,17873,62891499,11440,2021-01-30,5.1,13,0,0
59,24,8,21977,4244,4167,17733,17810,2217471399,735471,2021-01-13,5.1,9,0,0
90,24,6,23053,5340,5340,17713,17713,622614630,134596,2021-01-12,5.1,17,0,0
70,13,5,28102,10528,10344,17574,17758,12103014,1287,2021-01-12,5.1,20,0,0
56,15,6,24824,7863,7863,16961,16961,32468436,5005,2021-01-30,5.1,13,0,0
46,19,8,21559,4644,4644,16915,16915,260932815,75582,2021-01-13,5.1,18,0,0
69,13,5,26538,9719,9719,16819,16819,11238513,1287,2021-01-28,5.1,28,0,0
49,17,7,22312,5613,4635,16699,17677,85900584,19448,2021-01-13,5.1,12,0,0
27,11,8,30134,13481,13461,16653,16673,2220075,165,2021-01-15,5.1,17,0,0
67,23,7,20755,4335,4090,16420,16665,869648208,245157,2021-01-13,5.1,17,0,0
89,24,6,21505,5111,5111,16394,16394,581106988,134596,2021-01-12,5.1,22,0,0
68,13,5,24713,9112,9112,15601,15601,10424128,1287,2021-01-27,5.1,33,0,0
58,24,8,18973,3679,2840,15294,16133,1916797311,735471,2021-01-13,5.1,6,0,0
84,23,6,19959,4851,4851,15108,15108,406481544,100947,2021-01-12,5.1,22,0,0
48,9,5,28876,14011,14011,14865,14865,1712304,126,2021-02-07,5.1,5,0,0
67,13,5,22595,8051,7541,14544,15054,9657648,1287,2021-01-12,5.1,20,0,0
48,17,7,19144,4764,4174,14380,14970,73629072,19448,2021-01-13,5.1,13,0,0
40,14,7,20782,6600,6600,14182,14182,18643560,3432,2021-01-29,5.1,14,0,0
53,10,5,26891,12710,12710,14181,14181,2869685,252,2021-01-09,5.1,10,0,0
57,20,7,18260,4085,3857,14175,14403,264385836,77520,2021-01-13,5.1,8,0,0
28,9,7,50134,36080,35921,14054,14213,1184040,36,2021-01-15,5.1,22,0,0
31,13,8,21851,7798,6482,14053,15369,7888725,1287,2021-01-16,5.1,7,0,0
77,21,6,18802,5016,5016,13786,13786,237093780,54264,2021-01-12,5.1,9,0,0
42,7,5,55416,41658,41658,13758,13758,850668,21,2021-01-21,5.1,42,0,0
84,16,5,21749,8022,7497,13727,14252,30872016,4368,2021-01-12,5.1,22,0,0
47,20,8,17027,3502,3403,13525,13624,314457495,125970,2021-01-13,5.1,14,0,0
54,15,6,19514,6052,5343,13462,14171,25827165,5005,2021-01-30,5.1,10,0,0
45,19,8,17370,4003,3695,13367,13675,215553195,75582,2021-01-30,5.1,15,0,0
25,10,8,39468,26148,24460,13320,15008,1081575,45,2021-01-13,5.1,32,0,0
71,19,6,19500,6323,5785,13177,13715,143218999,27132,2021-01-12,5.1,21,0,0
57,24,8,16445,3285,2506,13160,13939,1652411475,735471,2021-01-13,5.1,11,0,0
40,11,6,22029,8880,8626,13149,13403,3838380,462,2021-02-03,5.1,20,0,0
86,24,6,17309,4200,4200,13109,13109,470155077,134596,2021-01-12,5.1,18,0,0
52,10,5,23295,10317,10317,12978,12978,2598960,252,2021-01-09,5.1,9,0,0
71,14,5,20020,7237,6913,12783,13107,13019909,2002,2021-01-29,5.1,20,0,0
65,13,5,19454,7040,6720,12414,12734,8259888,1287,2021-01-12,5.1,25,0,0
47,17,7,16009,3984,3531,12025,12478,62891499,19448,2021-01-13,5.1,13,0,0
59,21,7,15366,3521,3521,11845,11845,341149446,116280,2021-01-13,5.1,12,0,0
53,15,6,17078,5410,4951,11668,12127,22957480,5005,2021-01-30,5.1,10,0,0
62,22,7,15178,3515,3515,11663,11663,491796152,170544,2021-01-13,5.1,4,0,0
44,19,8,14869,3206,3206,11663,11663,177232627,75582,2021-01-13,5.1,16,0,0
81,16,5,17985,6399,6399,11586,11586,25621596,4368,2021-01-30,5.1,31,0,0
51,10,5,21125,9553,9553,11572,11572,2349060,252,2021-01-11,5.1,10,0,0
64,23,7,14388,3253,3253,11135,11135,621216192,245157,2021-01-13,5.1,16,0,0
55,20,7,14271,3182,3182,11089,11089,202927725,77520,2021-01-13,5.1,7,0,0
69,14,5,17401,6344,6063,11057,11338,11238513,2002,2021-02-09,5.1,32,0,0
50,10,5,19541,8820,8820,10721,10721,2118760,252,2021-01-13,5.1,12,0,0
84,24,6,14275,3679,3679,10596,10596,406481544,134596,2021-01-12,5.1,11,0,0
64,13,5,17114,6568,6282,10546,10832,7624512,1287,2021-01-12,5.1,13,0,0
41,7,5,48334,37802,37802,10532,10532,749398,21,2021-01-26,5.1,63,0,0
70,6,4,73301,62965,62954,10336,10347,916895,15,2021-01-18,5.1,18,0,0
69,6,4,67950,57719,57719,10231,10231,864501,15,2021-01-18,5.1,15,0,0
83,24,6,13593,3504,3504,10089,10089,377447148,134596,2021-01-12,5.1,14,0,0
44,16,7,14244,4257,3738,9987,10506,38320568,11440,2021-01-13,5.1,7,0,0
52,15,6,14747,4774,4386,9973,10361,20358520,5005,2021-01-30,5.1,12,0,0
57,21,7,12629,2774,2715,9855,9914,264385836,116280,2021-01-13,5.1,10,0,0
80,16,5,16001,6165,6165,9836,9836,24040016,4368,2021-01-12,5.1,19,0,0
53,23,8,12344,2584,2056,9760,10288,886322710,490314,2021-01-13,5.1,9,0,0
55,24,8,12099,2391,1999,9708,10100,1217566350,735471,2021-01-13,5.1,5,0,0
49,10,5,17726,8154,8154,9572,9572,1906884,252,2021-01-13,5.1,15,0,0
58,17,6,13230,3770,3770,9460,9460,40475358,12376,2021-01-30,5.1,20,0,0
45,20,8,11992,2538,1920,9454,10072,215553195,125970,2021-01-13,5.1,10,0,0
50,22,8,11833,2435,1964,9398,9869,536878650,319770,2021-01-13,5.1,8,0,0
65,24,7,12014,2638,2571,9376,9443,696190560,346104,2021-01-13,5.1,10,0,0
48,18,7,12144,2803,2803,9341,9341,73629072,31824,2021-01-13,5.1,5,0,0
31,11,7,17967,8886,8125,9081,9842,2629575,330,2021-01-18,5.1,28,0,0
43,19,8,11800,2741,2083,9059,9717,145008513,75582,2021-01-30,5.1,14,0,0
52,23,8,11329,2277,1877,9052,9452,752538150,490314,2021-01-13,5.1,11,0,0
73,21,6,12812,3845,3845,8967,8967,170230452,54264,2021-02-01,5.1,13,0,0
54,24,8,10759,1942,1582,8817,9177,1040465790,735471,2021-01-13,5.1,4,0,0
39,7,5,36848,28231,28231,8617,8617,575757,21,2021-01-23,5.1,26,0,0
40,15,7,12371,3760,3091,8611,9280,18643560,6435,2021-01-29,5.1,11,0,0
98,21,5,12160,3668,3668,8492,8492,67910864,20349,2021-01-12,5.1,25,0,0
56,21,7,10988,2523,2464,8465,8524,231917400,116280,2021-01-13,5.1,14,0,0
78,23,6,11691,3229,3229,8462,8462,256851595,100947,2021-01-12,5.1,29,0,0
49,22,8,10358,2119,1753,8239,8605,450978066,319770,2021-01-13,5.1,13,0,0
61,23,7,10475,2324,2324,8151,8151,436270780,245157,2021-01-13,5.1,6,0,0
38,17,8,10824,2710,2710,8114,8114,48903492,24310,2021-01-30,5.1,11,0,0
58,22,7,10357,2276,2270,8081,8087,300674088,170544,2021-01-13,5.1,3,0,0
97,21,5,11518,3548,3548,7970,7970,64446024,20349,2021-01-12,5.1,28,0,0
48,10,5,15302,7498,7498,7804,7804,1712304,252,2021-01-13,5.1,8,0,0
68,6,4,62762,55137,55137,7625,7625,814385,15,2021-01-17,5.1,15,0,0
53,24,8,9383,1774,1440,7609,7943,886322710,735471,2021-01-13,5.1,9,0,0
44,20,8,9574,2057,1690,7517,7884,177232627,125970,2021-01-30,5.1,11,0,0
28,7,6,63538,56160,56160,7378,7378,376740,7,2021-01-31,5.1,32,0,0
71,21,6,10394,3266,3266,7128,7128,143218999,54264,2021-02-01,5.1,15,0,0
96,21,5,10472,3347,3347,7125,7125,61124064,20349,2021-01-30,5.1,22,0,0
57,22,7,9121,2115,2115,7006,7006,264385836,170544,2021-01-13,5.1,8,0,0
63,24,7,9109,2203,2203,6906,6906,553270671,346104,2021-01-13,5.1,8,0,0
47,10,5,13763,6895,6895,6868,6868,1533939,252,2021-01-13,5.1,10,0,0
79,17,5,10842,4192,3853,6650,6989,22537515,6188,2021-01-12,5.1,18,0,0
46,10,5,12084,5451,5451,6633,6633,1370754,252,2021-01-09,5.1,28,0,0
57,6,4,32961,26391,26391,6570,6570,395010,15,2021-02-06,5.1,44,0,0
82,18,5,10053,3586,3476,6467,6577,27285336,8568,2021-01-12,5.1,27,0,0
75,23,6,8832,2482,2065,6350,6767,201359550,100947,2021-01-12,5.1,16,0,0
56,12,5,11763,5437,5297,6326,6466,3819816,792,2021-01-31,5.1,19,0,0
50,23,8,7883,1598,1290,6285,6593,536878650,490314,2021-01-13,5.1,10,0,0
36,11,6,11309,5031,5031,6278,6278,1947792,462,2021-02-08,5.1,39,0,0
58,13,5,10161,3900,3561,6261,6600,4582116,1287,2021-01-30,5.1,36,0,0
27,7,6,48856,42622,42622,6234,6234,296010,7,2021-01-20,5.1,25,0,0
52,24,8,7683,1537,1227,6146,6456,752538150,735471,2021-01-13,5.1,5,0,0
93,21,5,9059,2940,2937,6119,6122,51971283,20349,2021-01-12,5.1,21,0,0
59,23,7,8003,1917,1801,6086,6202,341149446,245157,2021-01-13,5.1,6,0,0
62,24,7,7966,2003,1853,5963,6113,491796152,346104,2021-01-13,5.1,3,0,0
96,22,5,8611,2784,2784,5827,5827,61124064,26334,2021-01-12,5.1,16,0,0
97,22,5,8706,2884,2884,5822,5822,64446024,26334,2021-01-12,5.1,19,0,0
41,19,8,7667,1886,1580,5781,6087,95548245,75582,2021-01-30,5.1,14,0,0
61,24,7,7531,1785,1731,5746,5800,436270780,346104,2021-01-13,5.1,5,0,0
47,15,6,8332,2648,2648,5684,5684,10737573,5005,2021-01-15,5.1,12,0,0
29,11,7,11073,5405,5184,5668,5889,1560780,330,2021-01-17,5.1,15,0,0
92,21,5,8457,2852,2852,5605,5605,49177128,20349,2021-01-30,5.1,26,0,0
58,23,7,7324,1726,1695,5598,5629,300674088,245157,2021-01-13,5.1,7,0,0
45,10,5,10442,4973,4973,5469,5469,1221759,252,2021-01-10,5.1,33,0,0
62,14,5,9105,3641,3433,5464,5672,6471002,2002,2021-01-20,5.1,8,0,0
53,21,7,7216,1767,1734,5449,5482,154143080,116280,2021-01-13,5.1,10,0,0
66,6,4,53471,48048,48048,5423,5423,720720,15,2021-01-17,5.1,22,0,0
59,6,4,36295,30916,30916,5379,5379,455126,15,2021-02-02,5.1,39,0,0
24,8,7,48576,43263,43263,5313,5313,346104,8,2021-01-13,5.1,11,0,0
58,6,4,34589,29319,29319,5270,5270,424270,15,2021-01-30,5.1,41,0,0
72,23,6,7094,1891,1760,5203,5334,156238908,100947,2021-01-12,5.1,16,0,0
67,6,4,57962,52774,52774,5188,5188,766480,15,2021-01-18,5.1,23,0,0
79,18,5,8114,3024,3024,5090,5090,22537515,8568,2021-01-30,5.1,28,0,0
57,23,7,6510,1522,1175,4988,5335,264385836,245157,2021-01-13,5.1,6,0,0
52,21,7,6573,1600,1548,4973,5025,133784560,116280,2021-01-13,5.1,11,0,0
76,17,5,8265,3313,3313,4952,4952,18474840,6188,2021-01-12,5.1,18,0,0
67,21,6,7228,2317,1950,4911,5278,99795696,54264,2021-01-30,5.1,11,0,0
59,5,4,95817,91026,91026,4791,4791,455126,5,2021-01-23,5.1,16,0,0
78,18,5,7371,2808,2808,4563,4563,21111090,8568,2021-01-30,5.1,10,0,0
75,17,5,7600,3084,3084,4516,4516,17259390,6188,2021-01-12,5.1,18,0,0
71,23,6,6222,1779,1652,4443,4570,143218999,100947,2021-01-12,5.1,10,0,0
92,22,5,6618,2284,1958,4334,4660,49177128,26334,2021-01-12,5.1,15,0,0
56,23,7,5660,1383,1055,4277,4605,231917400,245157,2021-01-13,5.1,8,0,0
46,22,8,5336,1167,1058,4169,4278,260932815,319770,2021-01-13,5.1,6,0,0
69,23,6,5589,1428,1392,4161,4197,119877472,100947,2021-01-14,5.1,24,0,0
51,21,7,5580,1428,1052,4152,4528,115775100,116280,2021-01-13,5.1,11,0,0
91,12,4,9666,5529,5529,4137,4137,2672670,495,2021-01-12,5.1,17,0,0
39,6,5,102844,98709,98703,4135,4141,575757,6,2021-01-28,5.1,5,0,0
50,24,8,5211,1115,961,4096,4250,536878650,735471,2021-01-13,5.1,5,0,0
90,12,4,9403,5340,5340,4063,4063,2555190,495,2021-01-12,5.1,12,0,0
63,6,4,43612,39711,39711,3901,3901,595665,15,2021-02-06,5.1,17,0,0
74,17,5,6854,2960,2960,3894,3894,16108764,6188,2021-01-12,5.1,26,0,0
61,6,4,39876,35990,35990,3886,3886,521855,15,2021-02-05,5.1,43,0,0
77,18,5,6513,2700,2700,3813,3813,19757815,8568,2021-01-30,5.1,27,0,0
55,23,7,4950,1158,969,3792,3981,202927725,245157,2021-01-13,5.1,3,0,0
58,24,7,4971,1211,1008,3760,3963,300674088,346104,2021-01-13,5.1,3,0,0
65,22,6,5090,1345,1306,3745,3784,82598880,74613,2021-01-12,5.1,11,0,0
76,18,5,6257,2593,2593,3664,3664,18474840,8568,2021-01-12,5.1,27,0,0
54,18,6,5323,1677,1554,3646,3769,25827165,18564,2021-01-29,5.1,12,0,0
30,12,7,6847,3270,2718,3577,4129,2035800,792,2021-02-06,5.1,29,0,0
49,24,8,4498,968,866,3530,3632,450978066,735471,2021-01-13,5.1,8,0,0
48,20,7,4860,1337,1023,3523,3837,73629072,77520,2021-01-13,5.1,5,0,0
25,9,7,18189,14759,14759,3430,3430,480700,36,2021-01-18,5.1,24,0,0
65,6,4,49302,45901,45901,3401,3401,677040,15,2021-01-19,5.1,21,0,0
94,12,4,10147,6761,6761,3386,3386,3049501,495,2021-01-12,5.1,11,0,0
75,18,5,5702,2413,2413,3289,3289,17259390,8568,2021-01-30,5.1,21,0,0
33,7,5,14954,11692,11692,3262,3262,237336,21,2021-01-23,5.1,13,0,0
39,19,8,4519,1259,1002,3260,3517,61523748,75582,2021-01-30,5.1,10,0,0
66,23,6,4352,1171,1171,3181,3181,90858768,100947,2021-01-12,5.1,11,0,0
46,16,6,4554,1441,1277,3113,3277,9366819,8008,2021-01-12,5.1,8,0,0
37,9,5,6776,3700,3700,3076,3076,435897,126,2021-02-09,5.1,19,0,0
65,23,6,4088,1038,1012,3050,3076,82598880,100947,2021-01-12,5.1,8,0,0
47,20,7,4253,1225,929,3028,3324,62891499,77520,2021-01-13,5.1,6,0,0
69,16,5,5942,2916,2916,3026,3026,11238513,4368,2021-01-12,5.1,22,0,0
42,10,5,6756,3734,3734,3022,3022,850668,252,2021-01-09,5.1,34,0,0
48,17,6,4122,1147,1147,2975,2975,12271512,12376,2021-01-30,5.1,9,0,0
47,23,8,3942,975,873,2967,3069,314457495,490314,2021-01-13,5.1,6,0,0
49,6,4,17700,14749,14741,2951,2959,211876,15,2021-02-07,5.1,14,0,0
57,5,4,81842,79002,79002,2840,2840,395010,5,2021-01-16,5.1,68,0,0
56,24,7,3843,1018,838,2825,3005,231917400,346104,2021-01-30,5.1,21,0,0
74,18,5,5043,2229,1908,2814,3135,16108764,8568,2021-01-12,5.1,23,0,0
55,5,4,71106,68310,68310,2796,2796,341055,5,2021-01-15,5.1,23,0,0
56,5,4,77612,74850,74850,2762,2762,367290,5,2021-01-15,5.1,22,0,0
52,13,5,5057,2332,2332,2725,2725,2598960,1287,2021-01-28,5.1,14,0,0
73,18,5,4770,2065,1842,2705,2928,15020334,8568,2021-01-30,5.1,42,0,0
52,18,6,4010,1335,1248,2675,2762,20358520,18564,2021-02-08,5.1,12,0,0
52,5,4,57964,55297,55297,2667,2667,270725,5,2021-01-24,5.1,14,0,0
64,23,6,3618,974,949,2644,2669,74974368,100947,2021-01-12,5.1,4,0,0
99,16,4,4887,2265,2265,2622,2622,3764376,1820,2021-01-14,5.1,37,0,0
58,5,4,89060,86455,86455,2605,2605,424270,5,2021-01-24,5.1,25,0,0
38,19,8,3521,958,848,2563,2673,48903492,75582,2021-01-30,5.1,25,0,0
48,24,8,3288,736,672,2552,2616,377348994,735471,2021-01-13,5.1,3,0,0
52,23,7,3315,803,652,2512,2663,133784560,245157,2021-01-13,5.1,6,0,0
98,16,4,4650,2181,2181,2469,2469,3612280,1820,2021-01-12,5.1,34,0,0
55,24,7,3220,846,679,2374,2541,202927725,346104,2021-01-13,5.1,26,0,0
28,14,8,3804,1442,1156,2362,2648,3108105,3003,2021-02-08,5.1,12,0,0
36,9,5,5682,3328,3328,2354,2354,376992,126,2021-01-30,5.1,20,0,0
51,13,5,4462,2127,2127,2335,2335,2349060,1287,2021-01-28,5.1,14,0,0
46,17,6,3180,969,899,2211,2281,9366819,12376,2021-01-30,5.1,17,0,0
62,23,6,2994,839,839,2155,2155,61474519,100947,2021-01-14,5.1,20,0,0
19,9,8,10518,8436,8398,2082,2120,75582,9,2021-01-13,5.1,19,0,0
95,16,4,4092,2013,2013,2079,2079,3183545,1820,2021-01-12,5.1,35,0,0
94,16,4,3940,1863,1681,2077,2259,3049501,1820,2021-01-12,5.1,27,0,0
45,5,4,31826,29799,29799,2027,2027,148995,5,2021-01-24,5.1,5,0,0
50,18,6,3041,1059,1059,1982,1982,15890700,18564,2021-02-08,5.1,7,0,0
40,18,7,2795,874,732,1921,2063,18643560,31824,2021-01-28,5.1,10,0,0
25,11,7,3758,1846,1621,1912,2137,480700,330,2021-02-08,5.1,37,0,0
53,5,4,60468,58565,58565,1903,1903,292825,5,2021-01-24,5.1,17,0,0
71,18,5,3715,1839,1626,1876,2089,13019909,8568,2021-01-30,5.1,28,0,0
69,17,5,4047,2176,1863,1871,2184,11238513,6188,2021-01-30,5.1,15,0,0
70,18,5,3502,1692,1548,1810,1954,12103014,8568,2021-01-30,5.1,42,0,0
23,11,8,5336,3526,3059,1810,2277,490314,165,2021-01-13,5.1,8,0,0
88,15,4,3733,1936,1936,1797,1797,2331890,1365,2021-01-12,5.1,25,0,0
23,7,6,16192,14421,14421,1771,1771,100947,7,2021-01-12,5.1,17,0,0
24,12,8,3542,1786,1786,1756,1756,735471,495,2021-01-13,5.1,11,0,0
54,5,4,66246,64541,64541,1705,1705,316251,5,2021-01-15,5.1,21,0,0
24,9,7,12144,10459,9784,1685,2360,346104,36,2021-01-13,5.1,28,0,0
48,18,6,2476,851,835,1625,1641,12271512,18564,2021-01-29,5.1,10,0,0
33,15,7,2495,880,726,1615,1769,4272048,6435,2021-02-08,5.1,7,0,0
89,16,4,3147,1536,1441,1611,1706,2441626,1820,2021-01-12,5.1,28,0,0
20,8,7,11292,9713,9690,1579,1602,77520,8,2021-01-13,5.1,20,0,0
44,5,4,29346,27817,27817,1529,1529,135751,5,2021-01-24,5.1,6,0,0
81,23,5,2486,976,976,1510,1510,25621596,33649,2021-01-12,5.1,25,0,0
43,5,4,26226,24743,24743,1483,1483,123410,5,2021-01-23,5.1,7,0,0
69,20,5,2391,929,929,1462,1462,11238513,15504,2021-01-30,5.1,21,0,0
27,9,6,5323,3900,3900,1423,1423,296010,84,2021-01-28,5.1,30,0,0
72,21,5,2273,854,720,1419,1553,13991544,20349,2021-01-12,5.1,21,0,0
73,21,5,2343,939,939,1404,1404,15020334,20349,2021-01-12,5.1,27,0,0
78,23,5,2214,821,655,1393,1559,21111090,33649,2021-01-12,5.1,28,0,0
45,24,8,1842,454,439,1388,1403,215553195,735471,2021-01-30,5.1,14,0,0
76,22,5,2262,878,743,1384,1519,18474840,26334,2021-01-12,5.1,14,0,0
67,18,5,2639,1303,1303,1336,1336,9657648,8568,2021-01-30,5.1,12,0,0
52,20,6,2029,700,687,1329,1342,20358520,38760,2021-01-30,5.1,7,0,0
64,6,4,45143,43819,43819,1324,1324,635376,15,2021-01-18,5.1,25,0,0
41,12,5,2429,1121,1070,1308,1359,749398,792,2021-01-12,5.1,27,0,0
77,23,5,2052,754,627,1298,1425,19757815,33649,2021-01-12,5.1,22,0,0
90,24,5,2508,1234,1223,1274,1285,43949268,42504,2021-01-18,5.1,12,0,0
67,17,5,3166,1904,1628,1262,1538,9657648,6188,2021-01-30,5.1,13,0,0
52,24,7,1814,572,516,1242,1298,133784560,346104,2021-01-20,5.1,16,0,0
56,22,6,1847,614,474,1233,1373,32468436,74613,2021-02-02,5.1,5,0,0
91,24,5,2508,1278,1263,1230,1245,46504458,42504,2021-01-12,5.1,23,0,0
71,21,5,2047,819,700,1228,1347,13019909,20349,2021-01-12,5.1,29,0,0
33,9,5,3251,2024,1951,1227,1300,237336,126,2021-02-09,5.1,31,0,0
99,19,4,2325,1110,996,1215,1329,3764376,3876,2021-01-12,5.1,21,0,0
96,18,4,2468,1254,1254,1214,1214,3321960,3060,2021-01-12,5.1,8,0,0
49,9,4,2972,1764,1764,1208,1208,211876,126,2021-01-28,5.1,30,0,0
70,21,5,1958,750,624,1208,1334,12103014,20349,2021-01-12,5.1,26,0,0
73,22,5,1937,730,618,1207,1319,15020334,26334,2021-01-12,5.1,17,0,0
92,24,5,2510,1369,1369,1141,1141,49177128,42504,2021-01-12,5.1,17,0,0
98,19,4,2229,1089,950,1140,1279,3612280,3876,2021-01-12,5.1,22,0,0
94,5,3,14685,13555,13555,1130,1130,134044,10,2021-02-05,5.1,18,0,0
93,24,5,2511,1411,1411,1100,1100,51971283,42504,2021-01-12,5.1,14,0,0
39,5,4,17496,16451,16451,1045,1045,82251,5,2021-01-23,5.1,6,0,0
48,9,4,2689,1664,1664,1025,1025,194580,126,2021-01-29,5.1,26,0,0
52,21,6,1543,550,419,993,1124,20358520,54264,2021-01-20,5.1,23,0,0
46,5,4,34419,33433,33433,986,986,163185,5,2021-01-26,5.1,8,0,0
25,9,6,3041,2112,2109,929,932,177100,84,2021-02-04,5.1,18,0,0
32,9,5,2650,1725,1725,925,925,201376,126,2021-02-07,5.1,21,0,0
51,24,7,1441,527,455,914,986,115775100,346104,2021-02-01,5.1,29,0,0
72,23,5,1391,508,476,883,915,13991544,33649,2021-01-12,5.1,24,0,0
90,5,3,12900,12024,12024,876,876,117480,10,2021-01-19,5.1,12,0,0
47,9,4,2402,1562,1562,840,840,178365,126,2021-01-23,5.1,34,0,0
48,20,6,1280,459,370,821,910,12271512,38760,2021-01-17,5.1,17,0,0
98,5,3,16016,15211,15210,805,806,152096,10,2021-02-09,5.1,20,0,0
97,5,3,15697,14900,14900,797,797,147440,10,2021-02-08,5.1,21,0,0
26,9,6,4010,3224,3224,786,786,230230,84,2021-02-01,5.1,34,0,0
96,5,3,15365,14592,14592,773,773,142880,10,2021-02-07,5.1,23,0,0
42,21,7,1089,342,304,747,785,26978328,116280,2021-01-13,5.1,13,0,0
70,23,5,1188,442,442,746,746,12103014,33649,2021-01-12,5.1,22,0,0
46,9,4,2183,1467,1467,716,716,163185,126,2021-01-23,5.1,49,0,0
40,23,8,980,282,242,698,738,76904685,490314,2021-01-30,5.1,21,0,0
24,9,6,2476,1787,1688,689,788,134596,84,2021-01-27,5.1,33,0,0
23,8,6,4554,3922,3669,632,885,100947,28,2021-01-12,5.1,42,0,0
43,22,7,882,274,274,608,608,32224114,170544,2021-02-04,5.1,11,0,0
48,21,6,907,330,266,577,641,12271512,54264,2021-01-30,5.1,32,0,0
98,9,3,2389,1852,1852,537,537,152096,84,2021-01-12,5.1,23,0,0
38,5,4,15691,15186,15185,505,506,73815,5,2021-01-23,5.1,5,0,0
92,9,3,2007,1513,1513,494,494,125580,84,2021-01-12,5.1,19,0,0
49,22,6,787,301,241,486,546,13983816,74613,2021-02-01,5.1,15,0,0
47,21,6,784,309,249,475,535,10737573,54264,2021-01-18,5.1,21,0,0
37,22,8,668,202,140,466,528,38608020,319770,2021-01-30,5.1,9,0,0
79,5,3,8469,8011,8011,458,458,79079,10,2021-01-29,5.1,8,0,0
95,9,3,2149,1742,1742,407,407,138415,84,2021-01-12,5.1,27,0,0
29,6,5,21047,20653,20653,394,394,118755,6,2021-01-28,5.1,22,0,0
28,6,5,16744,16380,16380,364,364,98280,6,2021-01-12,5.1,21,0,0
50,5,3,2231,1960,1960,271,271,19600,10,2021-02-02,5.1,7,0,0
58,5,3,3415,3144,3144,271,271,30856,10,2021-02-01,5.1,8,0,0
53,5,3,2608,2344,2343,264,265,23426,10,2021-01-28,5.1,11,0,0
61,5,3,3917,3660,3660,257,257,35990,10,2021-01-29,5.1,14,0,0
56,5,3,3031,2778,2778,253,253,27720,10,2021-01-28,5.1,13,0,0
60,5,3,3778,3540,3540,238,238,34220,10,2021-01-28,5.1,17,0,0
38,24,8,313,116,86,197,227,48903492,735471,2021-01-13,5.1,6,0,0
32,5,4,7635,7444,7444,191,191,35960,5,2021-01-27,5.1,11,0,0
52,5,3,2442,2257,2257,185,185,22100,10,2021-01-15,5.1,12,0,0
31,5,4,6503,6324,6324,179,179,31465,5,2021-01-20,5.1,11,0,0
57,5,3,3210,3033,3033,177,177,29260,10,2021-01-28,5.1,14,0,0
55,5,3,2846,2673,2673,173,173,26235,10,2021-01-28,5.1,13,0,0
51,5,3,2335,2173,2173,162,162,20825,10,2021-01-28,5.1,11,0,0
37,22,7,259,108,80,151,179,10295472,170544,2021-01-30,5.1,12,0,0
54,5,3,2728,2582,2582,146,146,24804,10,2021-01-28,5.1,14,0,0
88,6,3,5740,5618,5618,122,122,109736,20,2021-01-12,5.1,10,0,0
37,23,7,160,73,54,87,106,10295472,245157,2021-01-13,5.1,10,0,0
27,5,4,3551,3510,3510,41,41,17550,5,2021-01-12,5.1,8,0,0
28,5,4,4303,4273,4273,30,30,20475,5,2021-01-20,5.1,10,0,0
38,6,2,51,51,51,0,0,703,15,2021-01-12,5.1,2,0,0
48,6,2,80,80,80,0,0,1128,15,2021-01-12,5.1,2,0,0
60,8,2,68,68,68,0,0,1770,28,2021-01-12,5.1,2,0,0
62,11,2,40,40,40,0,0,1891,55,2021-01-12,5.1,7,0,0
32,11,8,157895,72815,72815,85080,85080,10518300,165,2021-02-23,5.0,37,0,0
34,12,8,101015,40775,40775,60240,60240,18156204,495,2021-02-22,5.0,35,0,0
47,10,6,112873,55277,55277,57596,57596,10737573,210,2021-02-22,5.0,43,0,0
32,9,7,150678,97618,97618,53060,53060,3365856,36,2021-02-13,5.0,35,0,0
60,9,5,95529,46467,46467,49062,49062,5461512,126,2021-02-16,5.0,15,0,0
45,10,6,85538,39029,39029,46509,46509,8145060,210,2021-03-17,5.0,26,0,0
71,11,5,74164,29459,29459,44705,44705,13019909,462,2021-03-15,5.0,44,0,0
44,10,6,78372,35002,35002,43370,43370,7059052,210,2021-02-28,5.0,16,0,0
56,13,6,62627,21621,21147,41006,41480,32468436,1716,2021-03-07,5.0,13,0,0
31,9,7,115291,79684,79684,35607,35607,2629575,36,2021-02-14,5.0,39,0,0
28,8,7,181771,149177,149177,32594,32594,1184040,8,2021-02-19,5.0,23,0,0
25,9,8,152582,120175,120175,32407,32407,1081575,9,2021-02-28,5.0,14,0,0
30,9,7,88420,56550,56550,31870,31870,2035800,36,2021-02-15,5.0,31,0,0
29,11,8,60612,28790,28790,31822,31822,4292145,165,2021-02-12,5.0,19,0,0
53,13,6,44286,14755,13515,29531,30771,22957480,1716,2021-03-06,5.0,23,0,0
41,10,6,50155,24166,24166,25989,25989,4496388,210,2021-02-23,5.0,14,0,0
40,10,6,41392,18288,18288,23104,23104,3838380,210,2021-02-21,5.0,27,0,0
48,12,6,38390,15332,15332,23058,23058,12271512,924,2021-03-10,5.0,13,0,0
36,9,6,44760,24328,24328,20432,20432,1947792,84,2021-03-02,5.0,42,0,0
60,11,5,31103,11848,11848,19255,19255,5461512,462,2021-02-26,5.0,16,0,0
31,7,6,123681,105201,105201,18480,18480,736281,7,2021-02-26,5.0,22,0,0
50,9,5,36900,18445,18445,18455,18455,2118760,126,2021-02-25,5.0,15,0,0
59,11,5,28287,11044,11044,17243,17243,5006386,462,2021-02-28,5.0,16,0,0
48,13,6,24402,8172,8172,16230,16230,12271512,1716,2021-03-13,5.0,9,0,0
93,9,4,38639,23178,23178,15461,15461,2919735,126,2021-03-02,5.0,42,0,0
26,8,7,97223,82225,82225,14998,14998,657800,8,2021-02-17,5.0,15,0,0
92,9,4,37362,22448,22448,14914,14914,2794155,126,2021-03-02,5.0,34,0,0
91,9,4,35816,21729,21729,14087,14087,2672670,126,2021-03-02,5.0,45,0,0
57,11,5,23166,9576,9576,13590,13590,4187106,462,2021-03-02,5.0,14,0,0
32,8,6,45890,32420,32420,13470,13470,906192,28,2021-03-11,5.0,37,0,0
47,13,6,20677,7264,7264,13413,13413,10737573,1716,2021-03-12,5.0,12,0,0
37,10,6,25370,12314,12314,13056,13056,2324784,210,2021-02-19,5.0,16,0,0
24,10,8,30030,17408,17408,12622,12622,735471,45,2021-03-01,5.0,34,0,0
42,15,7,17466,5175,4265,12291,13201,26978328,6435,2021-03-12,5.0,14,0,0
34,9,6,29367,17688,17673,11679,11694,1344904,84,2021-03-05,5.0,32,0,0
46,13,6,18080,6423,6423,11657,11657,9366819,1716,2021-03-08,5.0,14,0,0
27,9,7,35865,25077,25077,10788,10788,888030,36,2021-02-14,5.0,24,0,0
43,13,6,11964,4145,3798,7819,8166,6096454,1716,2021-03-05,5.0,11,0,0
32,9,6,19046,11464,11464,7582,7582,906192,84,2021-03-07,5.0,37,0,0
56,17,6,10635,3113,3104,7522,7531,32468436,12376,2021-02-13,5.0,18,0,0
29,13,8,11413,4161,3900,7252,7513,4292145,1287,2021-02-14,5.0,21,0,0
48,11,5,9328,4207,4207,5121,5121,1712304,462,2021-02-14,5.0,23,0,0
22,8,7,26569,21648,21648,4921,4921,170544,8,2021-02-17,5.0,28,0,0
39,9,5,9487,4572,4572,4915,4915,575757,126,2021-02-23,5.0,36,0,0
55,6,4,28535,23669,23669,4866,4866,341055,15,2021-02-11,5.0,47,0,0
62,6,4,41677,37820,37820,3857,3857,557845,15,2021-02-10,5.0,36,0,0
35,15,7,4414,1428,1309,2986,3105,6724520,6435,2021-03-05,5.0,18,0,0
31,10,6,6761,4052,4052,2709,2709,736281,210,2021-02-21,5.0,21,0,0
34,9,5,3999,2229,2214,1770,1785,278256,126,2021-02-18,5.0,44,0,0
44,7,4,5568,4193,4193,1375,1375,135751,35,2021-03-18,5.0,9,0,0
24,11,7,2633,1392,1231,1241,1402,346104,330,2021-02-20,5.0,17,0,0
57,23,6,1585,501,417,1084,1168,36288252,100947,2021-03-04,5.0,19,0,0
22,10,7,2525,1686,1463,839,1062,170544,120,2021-02-22,5.0,27,0,0
51,22,6,1044,355,288,689,756,18009460,74613,2021-03-04,5.0,22,0,0
52,23,6,766,317,254,449,512,20358520,100947,2021-03-04,5.0,30,0,0
35,13,8,65637,20963,20002,44674,45635,23535820,1287,2021-04-10,4.9,27,0,0
63,15,6,53023,15293,14419,37730,38604,67945521,5005,2021-04-03,4.9,16,0,0
43,10,6,67396,30664,30664,36732,36732,6096454,210,2021-04-08,4.9,22,0,0
86,14,5,52308,19123,19123,33185,33185,34826302,2002,2021-04-15,4.9,26,0,0
67,11,5,51975,20904,20904,31071,31071,9657648,462,2021-04-15,4.9,19,0,0
66,11,5,49321,19698,19698,29623,29623,8936928,462,2021-04-09,4.9,32,0,0
49,12,6,44885,17179,17179,27706,27706,13983816,924,2021-04-01,4.9,24,0,0
52,13,6,39600,13296,12140,26304,27460,20358520,1716,2021-04-04,4.9,23,0,0
64,11,5,40906,17449,17449,23457,23457,7624512,462,2021-04-09,4.9,15,0,0
50,13,6,30602,10697,10024,19905,20578,15890700,1716,2021-04-04,4.9,11,0,0
78,14,5,31498,11918,11522,19580,19976,21111090,2002,2021-04-10,4.9,16,0,0
39,10,6,35535,16072,16072,19463,19463,3262623,210,2021-03-30,4.9,14,0,0
61,11,5,33621,14408,14408,19213,19213,5949147,462,2021-03-29,4.9,30,0,0
77,14,5,29720,10868,10868,18852,18852,19757815,2002,2021-04-10,4.9,16,0,0
76,14,5,27374,10434,10434,16940,16940,18474840,2002,2021-04-15,4.9,13,0,0
36,15,8,21675,5916,5528,15759,16147,30260340,6435,2021-04-03,4.9,23,0,0
75,14,5,25467,9852,9852,15615,15615,17259390,2002,2021-04-18,4.9,12,0,0
74,14,5,23404,8732,8193,14672,15211,16108764,2002,2021-04-09,4.9,15,0,0
73,14,5,22506,8208,7712,14298,14794,15020334,2002,2021-04-16,4.9,25,0,0
72,14,5,20349,7725,7221,12624,13128,13991544,2002,2021-04-15,4.9,16,0,0
70,14,5,18821,6770,6480,12051,12341,12103014,2002,2021-04-20,4.9,23,0,0
35,15,8,16579,4581,4235,11998,12344,23535820,6435,2021-04-03,4.9,14,0,0
41,15,7,14926,4314,3797,10612,11129,22481940,6435,2021-04-01,4.9,12,0,0
33,12,7,16090,6378,6059,9712,10031,4272048,792,2021-04-03,4.9,29,0,0
33,9,6,23348,13640,13318,9708,10030,1107568,84,2021-04-01,4.9,31,0,0
38,14,7,14230,4590,3779,9640,10451,12620256,3432,2021-04-17,4.9,15,0,0
67,14,5,14804,5423,5423,9381,9381,9657648,2002,2021-03-28,4.9,37,0,0
41,6,5,137247,128467,128467,8780,8780,749398,6,2021-04-15,4.9,25,0,0
34,15,8,12564,3815,3543,8749,9021,18156204,6435,2021-04-03,4.9,32,0,0
72,8,4,22403,14976,14976,7427,7427,1028790,70,2021-03-21,4.9,15,0,0
37,14,7,11163,3785,3317,7378,7846,10295472,3432,2021-04-03,4.9,14,0,0
51,6,4,21663,16660,16660,5003,5003,249900,15,2021-03-31,4.9,23,0,0
56,18,6,7096,2175,1805,4921,5291,32468436,18564,2021-03-31,4.9,16,0,0
55,18,6,6163,2029,1681,4134,4482,28989675,18564,2021-04-17,4.9,27,0,0
48,6,4,15844,13016,13016,2828,2828,194580,15,2021-04-01,4.9,10,0,0
50,13,5,3925,1997,1997,1928,1928,2118760,1287,2021-04-18,4.9,21,0,0
37,20,8,1682,439,426,1243,1256,38608020,125970,2021-04-03,4.9,24,0,0
80,24,5,1743,700,620,1043,1123,24040016,42504,2021-04-02,4.9,14,0,0
40,6,4,7480,6454,6454,1026,1026,91390,15,2021-03-28,4.9,27,0,0
41,6,4,7952,6943,6943,1009,1009,101270,15,2021-04-18,4.9,15,0,0
59,24,6,1489,485,391,1004,1098,45057474,134596,2021-04-09,4.9,33,0,0
45,22,7,1374,391,391,983,983,45379620,170544,2021-04-02,4.9,21,0,0
36,20,8,1334,373,373,961,961,30260340,125970,2021-04-03,4.9,13,0,0
35,6,4,4419,3611,3611,808,808,52360,15,2021-04-18,4.9,11,0,0
76,24,5,1210,529,498,681,712,18474840,42504,2021-04-02,4.9,17,0,0
30,6,4,2171,1830,1830,341,341,27405,15,2021-04-05,4.9,6,0,0
37,13,8,104411,35298,31251,69113,73160,38608020,1287,2021-05-21,4.8,21,0,0
36,13,8,83214,27294,25217,55920,57997,30260340,1287,2021-05-10,4.8,21,0,0
72,11,5,79429,31464,31464,47965,47965,13991544,462,2021-05-08,4.8,32,0,0
70,11,5,67095,27886,27886,39209,39209,12103014,462,2021-05-09,4.8,32,0,0
52,12,6,62797,24111,23006,38686,39791,20358520,924,2021-04-30,4.8,11,0,0
69,11,5,62335,26365,26365,35970,35970,11238513,462,2021-05-02,4.8,52,0,0
87,14,5,56331,20396,20104,35935,36227,36949857,2002,2021-05-14,4.8,25,0,0
51,12,6,56774,21212,21212,35562,35562,18009460,924,2021-04-30,4.8,11,0,0
68,11,5,58712,24938,24938,33774,33774,10424128,462,2021-05-02,4.8,39,0,0
85,14,5,48716,18482,18482,30234,30234,32801517,2002,2021-04-28,4.8,22,0,0
84,14,5,46179,16248,15480,29931,30699,30872016,2002,2021-04-28,4.8,33,0,0
83,14,5,43577,15409,14923,28168,28654,29034396,2002,2021-05-03,4.8,27,0,0
33,13,8,39300,12936,12936,26364,26364,13884156,1287,2021-04-28,4.8,16,0,0
82,14,5,40560,14854,14128,25706,26432,27285336,2002,2021-04-28,4.8,16,0,0
74,13,5,37337,13406,12956,23931,24381,16108764,1287,2021-04-27,4.8,24,0,0
63,11,5,40184,16375,16375,23809,23809,7028847,462,2021-05-16,4.8,23,0,0
81,14,5,37666,14066,13389,23600,24277,25621596,2002,2021-05-08,4.8,20,0,0
80,14,5,35680,13092,12640,22588,23040,24040016,2002,2021-04-28,4.8,17,0,0
62,11,5,36960,15371,15371,21589,21589,6471002,462,2021-05-17,4.8,21,0,0
79,14,5,33258,12392,12189,20866,21069,22537515,2002,2021-04-28,4.8,19,0,0
90,8,4,58378,37767,37767,20611,20611,2555190,70,2021-05-29,4.8,17,0,0
88,8,4,53868,33363,33363,20505,20505,2331890,70,2021-05-16,4.8,17,0,0
89,8,4,56218,36513,36513,19705,19705,2441626,70,2021-05-07,4.8,20,0,0
87,8,4,51582,32201,32201,19381,19381,2225895,70,2021-05-18,4.8,23,0,0
86,8,4,49627,31068,31068,18559,18559,2123555,70,2021-05-30,4.8,26,0,0
99,10,4,36382,18335,18335,18047,18047,3764376,210,2021-05-29,4.8,20,0,0
85,8,4,47595,30090,30090,17505,17505,2024785,70,2021-05-17,4.8,36,0,0
83,8,4,42827,26260,26260,16567,16567,1837620,70,2021-05-18,4.8,46,0,0
84,8,4,44598,29012,29012,15586,15586,1929501,70,2021-05-17,4.8,35,0,0
82,8,4,40319,25390,25390,14929,14929,1749060,70,2021-05-02,4.8,28,0,0
96,10,4,31462,16724,16724,14738,14738,3321960,210,2021-05-29,4.8,20,0,0
81,8,4,38672,24422,24422,14250,14250,1663740,70,2021-05-02,4.8,42,0,0
95,10,4,30295,16179,16179,14116,14116,3183545,210,2021-05-25,4.8,24,0,0
94,10,4,28547,14570,14570,13977,13977,3049501,210,2021-05-25,4.8,32,0,0
67,18,6,20402,6518,5826,13884,14576,99795696,18564,2021-05-21,4.8,32,0,0
93,10,4,27606,14071,14071,13535,13535,2919735,210,2021-05-26,4.8,35,0,0
80,8,4,36319,23480,23480,12839,12839,1581580,70,2021-05-02,4.8,31,0,0
79,8,4,35038,22673,22673,12365,12365,1502501,70,2021-05-17,4.8,32,0,0
78,8,4,32646,20378,20378,12268,12268,1426425,70,2021-05-11,4.8,23,0,0
92,10,4,25854,13681,13681,12173,12173,2794155,210,2021-05-27,4.8,27,0,0
90,9,4,33169,21030,21030,12139,12139,2555190,126,2021-05-30,4.8,34,0,0
65,18,6,16989,5143,4883,11846,12106,82598880,18564,2021-05-21,4.8,27,0,0
91,10,4,24980,13195,13195,11785,11785,2672670,210,2021-05-27,4.8,26,0,0
90,10,4,24113,12735,12735,11378,11378,2555190,210,2021-05-30,4.8,25,0,0
30,13,8,16376,5996,4916,10380,11460,5852925,1287,2021-05-05,4.8,14,0,0
63,18,6,14385,4291,4291,10094,10094,67945521,18564,2021-05-16,4.8,26,0,0
76,8,4,28618,18839,18839,9779,9779,1282975,70,2021-05-17,4.8,15,0,0
80,10,4,15588,7584,7584,8004,8004,1581580,210,2021-05-25,4.8,25,0,0
77,10,4,13346,6769,6769,6577,6577,1353275,210,2021-05-26,4.8,25,0,0
75,10,4,11839,6233,6233,5606,5606,1215450,210,2021-05-25,4.8,17,0,0
35,11,6,9055,4134,3660,4921,5395,1623160,462,2021-05-21,4.8,34,0,0
34,11,6,7387,3379,3122,4008,4265,1344904,462,2021-05-24,4.8,20,0,0
33,14,7,4504,1683,1563,2821,2941,4272048,3432,2021-04-27,4.8,11,0,0
45,6,4,12696,9968,9968,2728,2728,148995,15,2021-05-04,4.8,19,0,0
44,6,4,11413,9277,9277,2136,2136,135751,15,2021-05-04,4.8,16,0,0
39,10,5,4373,2442,2372,1931,2001,575757,252,2021-04-27,4.8,38,0,0
67,16,5,4396,2580,2580,1816,1816,9657648,4368,2021-04-27,4.8,19,0,0
43,6,4,10125,8672,8672,1453,1453,123410,15,2021-05-04,4.8,13,0,0
30,11,6,2879,1607,1607,1272,1272,593775,462,2021-05-24,4.8,34,0,0
38,6,4,6080,5067,5067,1013,1013,73815,15,2021-05-06,4.8,14,0,0
51,10,4,2169,1250,1219,919,950,249900,210,2021-05-13,4.8,25,0,0
52,22,6,1211,374,305,837,906,20358520,74613,2021-05-10,4.8,6,0,0
33,6,4,3310,2750,2750,560,560,40920,15,2021-05-06,4.8,6,0,0
92,15,5,51500,17425,16585,34075,34915,49177128,3003,2021-06-30,4.7,25,0,0
90,15,5,45889,16020,14994,29869,30895,43949268,3003,2021-06-22,4.7,27,0,0
89,15,5,43297,15255,14513,28042,28784,41507642,3003,2021-07-01,4.7,30,0,0
65,11,5,46485,18532,18531,27953,27954,8259888,462,2021-06-18,4.7,35,0,0
99,9,4,53522,29920,29920,23602,23602,3764376,126,2021-06-06,4.7,18,0,0
86,15,5,35553,13055,12602,22498,22951,34826302,3003,2021-06-21,4.7,25,0,0
98,9,4,51057,29052,29052,22005,22005,3612280,126,2021-06-24,4.7,16,0,0
84,15,5,31893,11324,11324,20569,20569,30872016,3003,2021-06-21,4.7,19,0,0
47,12,6,32000,12679,11942,19321,20058,10737573,924,2021-06-15,4.7,13,0,0
96,9,4,46066,27243,27243,18823,18823,3321960,126,2021-06-22,4.7,37,0,0
33,11,7,32167,14391,14391,17776,17776,4272048,330,2021-06-07,4.7,18,0,0
81,15,5,26809,9386,8640,17423,18169,25621596,3003,2021-06-07,4.7,24,0,0
95,9,4,43281,26421,26421,16860,16860,3183545,126,2021-06-28,4.7,38,0,0
98,10,4,34416,17748,17748,16668,16668,3612280,210,2021-06-01,4.7,22,0,0
97,10,4,33231,17286,17286,15945,15945,3464840,210,2021-06-01,4.7,23,0,0
94,9,4,41487,25621,25621,15866,15866,3049501,126,2021-06-24,4.7,42,0,0
87,9,4,30818,17671,17671,13147,13147,2225895,126,2021-06-20,4.7,38,0,0
99,11,4,24165,11466,11466,12699,12699,3764376,330,2021-06-13,4.7,26,0,0
86,9,4,29186,17057,17057,12129,12129,2123555,126,2021-06-19,4.7,46,0,0
89,9,4,32361,20342,20342,12019,12019,2441626,126,2021-06-24,4.7,42,0,0
88,9,4,31545,19673,19673,11872,11872,2331890,126,2021-06-24,4.7,36,0,0
56,11,5,20367,8904,8904,11463,11463,3819816,462,2021-06-01,4.7,17,0,0
30,7,6,99705,88513,88513,11192,11192,593775,7,2021-06-29,4.7,31,0,0
85,9,4,27430,16462,16462,10968,10968,2024785,126,2021-06-17,4.7,37,0,0
89,10,4,23266,12363,12363,10903,10903,2441626,210,2021-06-01,4.7,31,0,0
84,9,4,26099,15886,15886,10213,10213,1929501,126,2021-06-17,4.7,43,0,0
83,9,4,24212,15319,15319,8893,8893,1837620,126,2021-06-13,4.7,37,0,0
81,9,4,21312,13230,13230,8082,8082,1663740,126,2021-06-07,4.7,43,0,0
80,9,4,20752,12729,12729,8023,8023,1581580,126,2021-06-09,4.7,37,0,0
79,9,4,20196,12245,12245,7951,7951,1502501,126,2021-06-09,4.7,50,0,0
78,9,4,19308,11848,11848,7460,7460,1426425,126,2021-06-09,4.7,40,0,0
77,9,4,18455,11380,11379,7075,7076,1353275,126,2021-06-20,4.7,49,0,0
68,15,5,9734,3972,3645,5762,6089,10424128,3003,2021-06-24,4.7,25,0,0
71,22,6,8157,2421,2014,5736,6143,143218999,74613,2021-06-17,4.7,18,0,0
67,15,5,8855,3685,3373,5170,5482,9657648,3003,2021-06-09,4.7,25,0,0
66,15,5,7892,3432,3230,4460,4662,8936928,3003,2021-06-19,4.7,17,0,0
68,22,6,6253,1796,1697,4457,4556,109453344,74613,2021-06-28,4.7,15,0,0
66,22,6,5415,1488,1404,3927,4011,90858768,74613,2021-06-17,4.7,16,0,0
29,14,8,5086,1910,1910,3176,3176,4292145,3003,2021-06-18,4.7,16,0,0
33,11,6,5917,2748,2622,3169,3295,1107568,462,2021-05-31,4.7,24,0,0
63,9,4,7701,4774,4774,2927,2927,595665,126,2021-06-14,4.7,13,0,0
62,22,6,3658,1083,1009,2575,2649,61474519,74613,2021-06-21,4.7,13,0,0
57,9,4,5458,3148,3148,2310,2310,395010,126,2021-06-29,4.7,28,0,0
60,22,6,2879,876,876,2003,2003,50063860,74613,2021-06-09,4.7,14,0,0
56,9,4,4961,3000,3000,1961,1961,367290,126,2021-06-29,4.7,28,0,0
48,8,4,4561,2784,2784,1777,1777,194580,70,2021-06-17,4.7,14,0,0
69,18,5,3300,1549,1426,1751,1874,11238513,8568,2021-07-04,4.7,36,0,0
31,11,6,3658,1911,1911,1747,1747,736281,462,2021-06-08,4.7,26,0,0
54,9,4,4091,2664,2664,1427,1427,316251,126,2021-07-04,4.7,18,0,0
69,12,4,3284,1955,1921,1329,1363,864501,495,2021-07-03,4.7,6,0,0
67,12,4,2916,1742,1742,1174,1174,766480,495,2021-07-05,4.7,7,0,0
97,8,3,3189,2668,2668,521,521,147440,56,2021-06-24,4.7,12,0,0
34,22,8,255,98,79,157,176,18156204,319770,2021-06-08,4.7,6,0,0
33,12,8,72040,32417,32417,39623,39623,13884156,495,2021-07-22,4.6,29,0,0
35,8,6,89795,58442,58442,31353,31353,1623160,28,2021-07-13,4.6,45,0,0
31,12,8,47802,18518,16797,29284,31005,7888725,495,2021-07-14,4.6,20,0,0
35,14,8,32422,9750,8115,22672,24307,23535820,3003,2021-07-22,4.6,20,0,0
74,19,6,26812,8043,7175,18769,19637,185250786,27132,2021-07-09,4.6,24,0,0
34,14,8,25005,7646,6400,17359,18605,18156204,3003,2021-07-16,4.6,13,0,0
29,12,8,27463,10368,10368,17095,17095,4292145,495,2021-07-17,4.6,16,0,0
80,15,5,25017,8848,8128,16169,16889,24040016,3003,2021-07-06,4.6,18,0,0
33,14,8,18177,5938,5252,12239,12925,13884156,3003,2021-07-16,4.6,16,0,0
28,12,8,18949,7819,7819,11130,11130,3108105,495,2021-07-17,4.6,26,0,0
42,8,5,27081,15997,15992,11084,11089,850668,56,2021-07-11,4.6,33,0,0
32,14,8,13666,3968,3952,9698,9714,10518300,3003,2021-07-10,4.6,11,0,0
79,16,5,15045,5807,5807,9238,9238,22537515,4368,2021-07-09,4.6,24,0,0
36,16,8,11523,3213,2946,8310,8577,30260340,12870,2021-07-22,4.6,20,0,0
28,10,7,19068,10920,10920,8148,8148,1184040,120,2021-08-01,4.6,33,0,0
27,12,8,13555,5533,4512,8022,9043,2220075,495,2021-07-22,4.6,17,0,0
31,14,8,10243,3251,3251,6992,6992,7888725,3003,2021-07-16,4.6,24,0,0
34,13,7,10646,3900,3246,6746,7400,5379616,1716,2021-07-22,4.6,24,0,0
67,20,6,9739,3203,3203,6536,6536,99795696,38760,2021-08-11,4.6,25,0,0
75,16,5,10725,4468,4121,6257,6604,17259390,4368,2021-07-09,4.6,22,0,0
21,9,8,28571,22664,22610,5907,5961,203490,9,2021-07-07,4.6,26,0,0
33,13,7,8235,3148,2635,5087,5600,4272048,1716,2021-08-11,4.6,21,0,0
63,20,6,7135,2234,1853,4901,5282,67945521,38760,2021-08-11,4.6,18,0,0
26,10,7,10358,5492,5484,4866,4874,657800,120,2021-08-11,4.6,24,0,0
28,11,7,8847,4290,4290,4557,4557,1184040,330,2021-08-01,4.6,12,0,0
71,16,5,7312,3275,3275,4037,4037,13019909,4368,2021-07-09,4.6,25,0,0
28,8,6,17794,14042,14042,3752,3752,376740,28,2021-07-31,4.6,31,0,0
85,21,5,5461,1939,1721,3522,3740,32801517,20349,2021-07-11,4.6,18,0,0
59,20,6,4670,1434,1343,3236,3327,45057474,38760,2021-08-08,4.6,11,0,0
25,10,7,7675,4468,4220,3207,3455,480700,120,2021-08-02,4.6,50,0,0
85,12,4,7619,4491,4491,3128,3128,2024785,495,2021-07-18,4.6,21,0,0
62,9,4,7444,4520,4520,2924,2924,557845,126,2021-07-09,4.6,18,0,0
61,9,4,7160,4325,4325,2835,2835,521855,126,2021-07-10,4.6,28,0,0
81,12,4,6354,3585,3537,2769,2817,1663740,495,2021-07-19,4.6,12,0,0
51,18,6,3890,1151,1151,2739,2739,18009460,18564,2021-08-02,4.6,24,0,0
60,9,4,6767,4087,4087,2680,2680,487635,126,2021-07-16,4.6,17,0,0
59,9,4,6338,3901,3901,2437,2437,455126,126,2021-07-16,4.6,23,0,0
21,8,7,17833,15653,15653,2180,2180,116280,8,2021-07-12,4.6,34,0,0
77,21,5,3153,1159,1159,1994,1994,19757815,20349,2021-07-17,4.6,38,0,0
25,8,6,8598,6697,6697,1901,1901,177100,28,2021-08-01,4.6,49,0,0
79,22,5,2780,1037,1027,1743,1753,22537515,26334,2021-07-30,4.6,24,0,0
23,10,7,4014,2425,2409,1589,1605,245157,120,2021-08-02,4.6,49,0,0
97,24,5,3272,1759,1690,1513,1582,64446024,42504,2021-07-11,4.6,22,0,0
51,9,4,3431,1984,1984,1447,1447,249900,126,2021-07-09,4.6,29,0,0
52,9,4,3650,2398,2398,1252,1252,270725,126,2021-07-09,4.6,26,0,0
58,23,6,1825,580,439,1245,1386,40475358,100947,2021-08-06,4.6,27,0,0
23,9,6,2020,1350,1350,670,670,100947,84,2021-07-14,4.6,29,0,0
73,24,5,996,438,438,558,558,15020334,42504,2021-07-11,4.6,7,0,0
51,24,6,502,200,200,302,302,18009460,134596,2021-08-06,4.6,10,0,0
40,14,8,101703,29589,28312,72114,73391,76904685,3003,2021-09-08,4.5,17,0,0
51,11,6,104356,40894,40893,63462,63463,18009460,462,2021-08-12,4.5,22,0,0
39,14,8,82090,24186,23030,57904,59060,61523748,3003,2021-09-08,4.5,10,0,0
38,14,8,62993,18588,18588,44405,44405,48903492,3003,2021-09-02,4.5,11,0,0
76,12,5,66256,23364,23364,42892,42892,18474840,792,2021-09-06,4.5,12,0,0
77,12,5,68179,27624,27624,40555,40555,19757815,792,2021-09-05,4.5,14,0,0
33,10,7,75738,37832,37832,37906,37906,4272048,120,2021-09-12,4.5,59,0,0
74,12,5,58427,20955,20955,37472,37472,16108764,792,2021-09-06,4.5,13,0,0
37,14,8,52085,15715,15715,36370,36370,38608020,3003,2021-09-02,4.5,14,0,0
36,14,8,42136,12477,12477,29659,29659,30260340,3003,2021-09-02,4.5,20,0,0
41,16,8,35891,9635,7921,26256,27970,95548245,12870,2021-09-16,4.5,20,0,0
70,12,5,42063,16690,16690,25373,25373,12103014,792,2021-09-15,4.5,30,0,0
43,14,7,35445,11125,10618,24320,24827,32224114,3432,2021-08-29,4.5,14,0,0
67,12,5,31717,12864,12429,18853,19288,9657648,792,2021-09-12,4.5,24,0,0
41,14,7,24841,7498,7498,17343,17343,22481940,3432,2021-08-15,4.5,19,0,0
43,15,7,21097,6158,6158,14939,14939,32224114,6435,2021-08-29,4.5,16,0,0
38,16,8,18490,4841,4506,13649,13984,48903492,12870,2021-09-16,4.5,20,0,0
64,12,5,23230,10416,10416,12814,12814,7624512,792,2021-08-26,4.5,14,0,0
77,8,4,30933,19655,19655,11278,11278,1353275,70,2021-08-17,4.5,26,0,0
37,16,8,14626,3821,3821,10805,10805,38608020,12870,2021-08-23,4.5,20,0,0
26,11,8,21341,10561,9975,10780,11366,1562275,165,2021-08-16,4.5,15,0,0
68,14,5,16194,5785,5785,10409,10409,10424128,2002,2021-08-29,4.5,21,0,0
53,11,5,16113,6390,6264,9723,9849,2869685,462,2021-09-16,4.5,18,0,0
75,8,4,27060,18141,18141,8919,8919,1215450,70,2021-08-26,4.5,29,0,0
74,8,4,25426,17372,17372,8054,8054,1150626,70,2021-08-23,4.5,12,0,0
75,9,4,17187,9717,9717,7470,7470,1215450,126,2021-08-24,4.5,45,0,0
74,9,4,16710,9308,9308,7402,7402,1150626,126,2021-08-23,4.5,36,0,0
73,9,4,15823,8906,8906,6917,6917,1088430,126,2021-08-23,4.5,43,0,0
76,9,4,17826,10928,10928,6898,6898,1282975,126,2021-08-24,4.5,46,0,0
41,16,7,9223,2460,2460,6763,6763,22481940,11440,2021-08-30,4.5,13,0,0
71,8,4,21049,14290,14289,6759,6760,971635,70,2021-08-29,4.5,16,0,0
72,9,4,14569,8520,8520,6049,6049,1028790,126,2021-08-23,4.5,26,0,0
37,17,8,8321,2288,1705,6033,6616,38608020,24310,2021-08-26,4.5,15,0,0
71,9,4,13810,8221,8221,5589,5589,971635,126,2021-08-23,4.5,30,0,0
29,8,6,22463,16965,16965,5498,5498,475020,28,2021-08-12,4.5,42,0,0
30,8,6,28599,23134,23134,5465,5465,593775,28,2021-08-19,4.5,47,0,0
69,9,4,11967,6908,6908,5059,5059,864501,126,2021-08-19,4.5,49,0,0
26,12,8,9033,4000,3513,5033,5520,1562275,495,2021-09-04,4.5,18,0,0
30,14,8,7323,2445,2443,4878,4880,5852925,3003,2021-08-30,4.5,14,0,0
70,9,4,12635,7856,7856,4779,4779,916895,126,2021-08-22,4.5,28,0,0
69,8,4,17933,13162,13162,4771,4771,864501,70,2021-08-16,4.5,15,0,0
49,16,6,6789,2107,1786,4682,5003,13983816,8008,2021-08-18,4.5,9,0,0
56,7,4,15730,11152,11152,4578,4578,367290,35,2021-08-13,4.5,27,0,0
68,9,4,10932,6582,6581,4350,4351,814385,126,2021-08-22,4.5,32,0,0
39,16,7,5814,1736,1736,4078,4078,15380937,11440,2021-09-04,4.5,10,0,0
51,12,5,7094,3324,3035,3770,4059,2349060,792,2021-09-15,4.5,15,0,0
58,9,4,5938,3674,3674,2264,2264,424270,126,2021-08-25,4.5,28,0,0
24,10,7,5495,3240,3240,2255,2255,346104,120,2021-09-09,4.5,38,0,0
47,12,5,4177,2213,2213,1964,1964,1533939,792,2021-09-06,4.5,19,0,0
35,13,6,3121,1190,1032,1931,2089,1623160,1716,2021-08-27,4.5,21,0,0
49,18,6,2907,978,910,1929,1997,13983816,18564,2021-08-30,4.5,16,0,0
22,11,8,4324,2466,2130,1858,2194,319770,165,2021-08-17,4.5,16,0,0
64,11,4,3927,2095,2054,1832,1873,635376,330,2021-09-13,4.5,51,0,0
49,14,5,2886,1075,1075,1811,1811,1906884,2002,2021-08-30,4.5,8,0,0
54,21,6,2073,656,643,1417,1430,25827165,54264,2021-09-04,4.5,19,0,0
50,9,4,3214,1873,1873,1341,1341,230300,126,2021-08-13,4.5,27,0,0
53,9,4,3846,2527,2527,1319,1319,292825,126,2021-08-29,4.5,33,0,0
50,20,6,1717,588,433,1129,1284,15890700,38760,2021-08-14,4.5,22,0,0
23,12,8,2355,1331,1331,1024,1024,490314,495,2021-09-01,4.5,12,0,0
44,21,7,1459,510,443,949,1016,38320568,116280,2021-08-14,4.5,19,0,0
41,23,8,1221,328,328,893,893,95548245,490314,2021-08-14,4.5,10,0,0
43,21,7,1253,402,402,851,851,32224114,116280,2021-09-10,4.5,11,0,0
97,9,3,2349,1811,1811,538,538,147440,84,2021-08-14,4.5,30,0,0
41,14,8,122347,33008,33008,89339,89339,95548245,3003,2021-10-13,4.4,4,0,0
45,13,7,80565,30476,28586,50089,51979,45379620,1716,2021-09-30,4.4,15,0,0
41,15,8,66318,18040,18040,48278,48278,95548245,6435,2021-09-27,4.4,7,0,0
75,12,5,61444,22119,22119,39325,39325,17259390,792,2021-09-19,4.4,11,0,0
82,13,5,61862,22614,22311,39248,39551,27285336,1287,2021-10-02,4.4,23,0,0
80,13,5,55840,20419,20136,35421,35704,24040016,1287,2021-10-07,4.4,18,0,0
71,12,5,45163,17697,17697,27466,27466,13019909,792,2021-09-20,4.4,27,0,0
42,14,7,30237,8961,8961,21276,21276,26978328,3432,2021-10-01,4.4,20,0,0
42,17,8,26170,6078,6078,20092,20092,118030185,24310,2021-10-01,4.4,12,0,0
40,16,8,26472,7235,6793,19237,19679,76904685,12870,2021-09-17,4.4,15,0,0
39,16,8,23618,5850,5850,17768,17768,61523748,12870,2021-09-20,4.4,17,0,0
38,13,7,26156,8682,8267,17474,17889,12620256,1716,2021-09-30,4.4,24,0,0
86,16,5,25621,8955,8224,16666,17397,34826302,4368,2021-09-18,4.4,30,0,0
66,12,5,28502,12095,11671,16407,16831,8936928,792,2021-10-17,4.4,27,0,0
37,13,7,21866,6848,6848,15018,15018,10295472,1716,2021-09-30,4.4,20,0,0
66,13,5,20961,7540,7210,13421,13751,8936928,1287,2021-09-18,4.4,50,0,0
82,16,5,19135,6812,6812,12323,12323,27285336,4368,2021-09-18,4.4,23,0,0
98,11,4,23158,11066,11066,12092,12092,3612280,330,2021-09-22,4.4,29,0,0
97,11,4,22068,10759,10759,11309,11309,3464840,330,2021-09-23,4.4,24,0,0
36,13,7,16889,5946,5946,10943,10943,8347680,1716,2021-09-30,4.4,17,0,0
96,11,4,21203,10447,10447,10756,10756,3321960,330,2021-09-23,4.4,24,0,0
94,11,4,19887,9776,9776,10111,10111,3049501,330,2021-09-22,4.4,26,0,0
95,11,4,20167,10070,10070,10097,10097,3183545,330,2021-09-23,4.4,24,0,0
62,12,5,19184,9285,9114,9899,10070,6471002,792,2021-10-08,4.4,13,0,0
93,11,4,18610,9495,9495,9115,9115,2919735,330,2021-09-24,4.4,23,0,0
91,11,4,17137,8116,8116,9021,9021,2672670,330,2021-09-23,4.4,23,0,0
35,13,7,13782,4852,4852,8930,8930,6724520,1716,2021-09-30,4.4,20,0,0
92,11,4,17974,9134,9134,8840,8840,2794155,330,2021-09-24,4.4,26,0,0
54,11,5,16418,7678,7678,8740,8740,3162510,462,2021-10-16,4.4,14,0,0
42,16,7,11270,2772,2772,8498,8498,26978328,11440,2021-09-30,4.4,12,0,0
22,9,8,46310,38263,38263,8047,8047,319770,9,2021-09-29,4.4,27,0,0
65,14,5,12521,4801,4801,7720,7720,8259888,2002,2021-10-18,4.4,34,0,0
61,12,5,16085,8515,8515,7570,7570,5949147,792,2021-10-18,4.4,25,0,0
51,11,5,12905,5564,5309,7341,7596,2349060,462,2021-09-30,4.4,19,0,0
59,12,5,14033,6820,6510,7213,7523,5006386,792,2021-10-17,4.4,18,0,0
72,22,6,8902,2681,2291,6221,6611,156238908,74613,2021-09-18,4.4,30,0,0
78,17,5,10034,3933,3712,6101,6322,21111090,6188,2021-09-18,4.4,24,0,0
60,6,4,38059,32570,32570,5489,5489,487635,15,2021-09-30,4.4,45,0,0
61,14,5,8500,3382,3181,5118,5319,5949147,2002,2021-10-13,4.4,38,0,0
55,13,5,7209,3123,2954,4086,4255,3478761,1287,2021-09-26,4.4,17,0,0
35,7,5,20558,16490,16465,4068,4093,324632,21,2021-10-19,4.4,27,0,0
42,14,6,6105,2148,2148,3957,3957,5245786,3003,2021-10-22,4.4,9,0,0
54,13,5,6385,2862,2700,3523,3685,3162510,1287,2021-09-26,4.4,11,0,0
99,15,4,6094,2957,2772,3137,3322,3764376,1365,2021-10-06,4.4,42,0,0
82,21,5,4427,1535,1473,2892,2954,27285336,20349,2021-09-18,4.4,6,0,0
97,15,4,5509,2794,2619,2715,2890,3464840,1365,2021-10-09,4.4,27,0,0
72,18,5,4352,1988,1688,2364,2664,13991544,8568,2021-09-18,4.4,19,0,0
39,20,8,2937,714,714,2223,2223,61523748,125970,2021-10-22,4.4,27,0,0
93,15,4,4574,2406,2282,2168,2292,2919735,1365,2021-10-13,4.4,19,0,0
57,21,6,2881,863,861,2018,2020,36288252,54264,2021-09-21,4.4,22,0,0
89,15,4,3779,2018,2018,1761,1761,2441626,1365,2021-10-06,4.4,20,0,0
63,11,4,3652,1953,1953,1699,1699,595665,330,2021-09-30,4.4,41,0,0
60,23,6,2312,702,681,1610,1631,50063860,100947,2021-10-18,4.4,30,0,0
55,21,6,2359,752,695,1607,1664,28989675,54264,2021-09-20,4.4,30,0,0
73,12,4,3896,2355,2276,1541,1620,1088430,495,2021-09-18,4.4,9,0,0
27,14,8,2425,1111,814,1314,1611,2220075,3003,2021-10-08,4.4,14,0,0
68,18,5,2649,1417,1357,1232,1292,10424128,8568,2021-09-18,4.4,19,0,0
48,23,7,1682,474,424,1208,1258,73629072,245157,2021-09-27,4.4,18,0,0
58,11,4,2538,1387,1324,1151,1214,424270,330,2021-09-30,4.4,37,0,0
53,21,6,1656,606,447,1050,1209,22957480,54264,2021-10-05,4.4,34,0,0
42,20,7,1484,517,446,967,1038,26978328,77520,2021-09-30,4.4,8,0,0
43,24,8,1202,344,332,858,870,145008513,735471,2021-10-11,4.4,16,0,0
55,23,6,1169,436,359,733,810,28989675,100947,2021-10-12,4.4,18,0,0
45,23,7,926,274,274,652,652,45379620,245157,2021-09-21,4.4,12,0,0
41,21,7,866,274,274,592,592,22481940,116280,2021-10-18,4.4,16,0,0
34,6,4,3855,3298,3293,557,562,46376,15,2021-10-01,4.4,6,0,0
40,21,7,735,239,231,496,504,18643560,116280,2021-09-21,4.4,14,0,0
41,24,8,615,224,149,391,466,95548245,735471,2021-10-11,4.4,5,0,0
39,24,8,444,160,111,284,333,61523748,735471,2021-10-05,4.4,8,0,0
63,14,6,80905,25110,25110,55795,55795,67945521,3003,2021-11-11,4.3,13,0,0
41,12,7,83770,30340,29473,53430,54297,22481940,792,2021-11-16,4.3,19,0,0
65,10,5,78083,35685,35685,42398,42398,8259888,252,2021-11-15,4.3,40,0,0
81,13,5,57925,21522,21185,36403,36740,25621596,1287,2021-10-27,4.3,17,0,0
73,12,5,54326,19796,19796,34530,34530,15020334,792,2021-11-03,4.3,32,0,0
79,13,5,51162,19355,19082,31807,32080,22537515,1287,2021-10-27,4.3,18,0,0
78,13,5,47820,18366,18096,29454,29724,21111090,1287,2021-10-27,4.3,21,0,0
40,13,7,37571,12302,11271,25269,26300,18643560,1716,2021-10-27,4.3,20,0,0
69,12,5,37787,15750,15750,22037,22037,11238513,792,2021-11-08,4.3,49,0,0
39,13,7,30601,10356,9909,20245,20692,15380937,1716,2021-10-28,4.3,22,0,0
36,12,7,30414,12402,10980,18012,19434,8347680,792,2021-11-26,4.3,10,0,0
55,15,6,22191,6751,5999,15440,16192,28989675,5005,2021-11-06,4.3,16,0,0
94,18,5,21646,7087,7087,14559,14559,54891018,8568,2021-11-15,4.3,18,0,0
44,12,6,21021,8804,8258,12217,12763,7059052,924,2021-10-26,4.3,11,0,0
63,12,5,20871,9765,9765,11106,11106,7028847,792,2021-11-01,4.3,25,0,0
51,22,8,13553,2977,2265,10576,11288,636763050,319770,2021-11-08,4.3,13,0,0
89,18,5,16285,5711,5711,10574,10574,41507642,8568,2021-11-15,4.3,25,0,0
88,18,5,15646,5256,4581,10390,11065,39175752,8568,2021-11-15,4.3,20,0,0
43,12,6,18015,7748,7525,10267,10490,6096454,924,2021-11-01,4.3,17,0,0
42,12,6,16371,6577,6577,9794,9794,5245786,924,2021-10-30,4.3,17,0,0
86,18,5,13451,4659,4277,8792,9174,34826302,8568,2021-11-15,4.3,23,0,0
85,18,5,12816,4482,4014,8334,8802,32801517,8568,2021-11-15,4.3,35,0,0
81,17,5,12812,4789,4289,8023,8523,25621596,6188,2021-11-15,4.3,28,0,0
93,20,5,11545,3762,3651,7783,7894,51971283,15504,2021-11-17,4.3,23,0,0
88,19,5,11373,3743,3627,7630,7746,39175752,11628,2021-11-15,4.3,32,0,0
80,17,5,11861,4485,4000,7376,7861,24040016,6188,2021-11-15,4.3,28,0,0
87,19,5,10834,3503,3503,7331,7331,36949857,11628,2021-11-15,4.3,33,0,0
83,18,5,10895,3851,3606,7044,7289,29034396,8568,2021-11-15,4.3,30,0,0
81,18,5,9358,3348,3348,6010,6010,25621596,8568,2021-11-15,4.3,33,0,0
31,12,7,9650,4152,4152,5498,5498,2629575,792,2021-11-13,4.3,26,0,0
87,20,5,8284,2798,2798,5486,5486,36949857,15504,2021-11-18,4.3,17,0,0
80,18,5,8547,3143,3143,5404,5404,24040016,8568,2021-11-15,4.3,32,0,0
86,20,5,7771,2697,2697,5074,5074,34826302,15504,2021-11-18,4.3,19,0,0
46,15,6,7235,2408,2408,4827,4827,9366819,5005,2021-10-31,4.3,19,0,0
67,22,6,5850,1590,1496,4260,4354,99795696,74613,2021-11-26,4.3,10,0,0
32,10,6,8967,4797,4797,4170,4170,906192,210,2021-11-16,4.3,40,0,0
67,9,4,10382,6328,6328,4054,4054,766480,126,2021-11-17,4.3,40,0,0
83,20,5,6099,2258,1939,3841,4160,29034396,15504,2021-11-18,4.3,24,0,0
66,9,4,9403,6021,6021,3382,3382,720720,126,2021-11-15,4.3,43,0,0
35,17,8,4707,1330,1061,3377,3646,23535820,24310,2021-11-07,4.3,12,0,0
81,20,5,5232,2034,1726,3198,3506,25621596,15504,2021-11-19,4.3,25,0,0
49,17,6,4131,1358,1254,2773,2877,13983816,12376,2021-11-01,4.3,15,0,0
39,17,7,3878,1145,879,2733,2999,15380937,19448,2021-11-06,4.3,8,0,0
34,17,8,3610,1140,924,2470,2686,18156204,24310,2021-11-07,4.3,10,0,0
78,20,5,3939,1553,1553,2386,2386,21111090,15504,2021-11-19,4.3,20,0,0
62,10,4,5198,2859,2859,2339,2339,557845,210,2021-10-26,4.3,19,0,0
54,8,4,7212,4908,4908,2304,2304,316251,70,2021-11-14,4.3,12,0,0
36,16,7,3349,1051,783,2298,2566,8347680,11440,2021-11-06,4.3,11,0,0
38,17,7,3139,910,745,2229,2394,12620256,19448,2021-11-06,4.3,12,0,0
26,13,8,3701,1660,1660,2041,2041,1562275,1287,2021-11-18,4.3,13,0,0
44,23,8,2452,525,525,1927,1927,177232627,490314,2021-10-30,4.3,11,0,0
33,17,8,2691,812,750,1879,1941,13884156,24310,2021-11-07,4.3,13,0,0
61,23,6,2613,775,717,1838,1896,55525372,100947,2021-11-05,4.3,19,0,0
45,17,6,2686,882,816,1804,1870,8145060,12376,2021-11-05,4.3,20,0,0
37,17,7,2474,736,584,1738,1890,10295472,19448,2021-11-06,4.3,9,0,0
38,20,8,2280,570,519,1710,1761,48903492,125970,2021-11-06,4.3,12,0,0
43,23,8,1984,451,436,1533,1548,145008513,490314,2021-10-29,4.3,21,0,0
34,13,6,2502,986,921,1516,1581,1344904,1716,2021-11-20,4.3,15,0,0
41,22,8,1901,446,431,1455,1470,95548245,319770,2021-11-15,4.3,13,0,0
65,19,5,2246,914,914,1332,1332,8259888,11628,2021-11-26,4.3,23,0,0
59,11,4,2726,1465,1400,1261,1326,455126,330,2021-10-29,4.3,49,0,0
40,5,4,19761,18800,18800,961,961,91390,5,2021-11-04,4.3,5,0,0
38,20,7,702,238,230,464,472,12620256,77520,2021-11-05,4.3,14,0,0
39,21,7,559,210,210,349,349,15380937,116280,2021-11-05,4.3,20,0,0
33,20,8,525,190,132,335,393,13884156,125970,2021-11-05,4.3,13,0,0
46,10,6,91855,48967,48967,42888,42888,9366819,210,2021-11-29,4.2,20,0,0
44,13,7,67374,26224,25470,41150,41904,38320568,1716,2021-12-21,4.2,12,0,0
46,15,7,35121,9713,9713,25408,25408,53524680,6435,2021-12-09,4.2,8,0,0
24,9,8,110293,86696,86696,23597,23597,735471,9,2021-12-01,4.2,15,0,0
44,11,6,39191,16464,16464,22727,22727,7059052,462,2022-01-03,4.2,19,0,0
31,10,7,44580,25030,25030,19550,19550,2629575,120,2021-12-25,4.2,41,0,0
30,10,7,32977,16986,16986,15991,15991,2035800,120,2022-01-03,4.2,63,0,0
78,22,6,15365,4110,4110,11255,11255,256851595,74613,2021-12-30,4.2,33,0,0
29,7,6,78716,67860,67860,10856,10856,475020,7,2022-01-03,4.2,14,0,0
81,24,6,11327,2994,2538,8333,8789,324540216,134596,2021-12-30,4.2,24,0,0
89,19,5,12227,3987,3874,8240,8353,41507642,11628,2021-12-30,4.2,36,0,0
75,22,6,11495,3341,3341,8154,8154,201359550,74613,2021-12-30,4.2,13,0,0
79,24,6,9979,2703,2157,7276,7822,277962685,134596,2021-12-30,4.2,19,0,0
73,22,6,9736,2834,2390,6902,7346,170230452,74613,2021-12-30,4.2,25,0,0
59,18,6,9730,3000,3000,6730,6730,45057474,18564,2021-12-29,4.2,20,0,0
51,16,6,8769,2754,2754,6015,6015,18009460,8008,2021-12-20,4.2,17,0,0
77,24,6,7707,2176,1922,5531,5785,237093780,134596,2021-12-30,4.2,39,0,0
70,22,6,7171,2135,1894,5036,5277,131115985,74613,2021-12-30,4.2,9,0,0
81,19,5,6596,2656,2656,3940,3940,25621596,11628,2021-12-15,4.2,47,0,0
47,16,6,5333,1687,1478,3646,3855,10737573,8008,2021-12-20,4.2,9,0,0
69,24,6,4488,1116,1064,3372,3424,119877472,134596,2021-12-20,4.2,30,0,0
64,22,6,4567,1222,1222,3345,3345,74974368,74613,2021-12-25,4.2,5,0,0
53,18,6,4882,1561,1352,3321,3530,22957480,18564,2021-12-01,4.2,14,0,0
28,12,7,4062,1865,1748,2197,2314,1184040,792,2021-11-29,4.2,20,0,0
75,19,5,3870,1753,1607,2117,2263,17259390,11628,2021-12-30,4.2,35,0,0
74,19,5,3563,1613,1551,1950,2012,16108764,11628,2021-12-30,4.2,22,0,0
55,20,6,2871,946,924,1925,1947,28989675,38760,2021-12-27,4.2,23,0,0
56,21,6,2538,816,816,1722,1722,32468436,54264,2021-12-04,4.2,36,0,0
72,19,5,2709,1361,1361,1348,1348,13991544,11628,2021-12-27,4.2,34,0,0
44,20,7,2055,713,575,1342,1480,38320568,77520,2021-12-04,4.2,6,0,0
64,19,5,2162,826,698,1336,1464,7624512,11628,2021-12-25,4.2,14,0,0
61,24,6,1920,610,453,1310,1467,55525372,134596,2021-12-20,4.2,24,0,0
40,22,8,1464,382,382,1082,1082,76904685,319770,2021-12-21,4.2,14,0,0
53,22,6,1289,444,371,845,918,22957480,74613,2021-11-30,4.2,24,0,0
43,24,7,412,169,142,243,270,32224114,346104,2021-12-15,4.2,11,0,0
41,24,7,280,117,81,163,199,22481940,346104,2021-12-15,4.2,10,0,0
39,12,7,56118,21941,21941,34177,34177,15380937,792,2022-01-17,4.1,16,0,0
42,13,7,52537,18668,18668,33869,33869,26978328,1716,2022-01-05,4.1,15,0,0
41,13,7,45260,14615,13458,30645,31802,22481940,1716,2022-01-06,4.1,20,0,0
38,12,7,47457,18525,18525,28932,28932,12620256,792,2022-01-15,4.1,13,0,0
45,15,7,29718,8205,8205,21513,21513,45379620,6435,2022-02-08,4.1,13,0,0
38,10,6,30936,14060,14060,16876,16876,2760681,210,2022-01-06,4.1,46,0,0
35,12,7,25487,9856,9106,15631,16381,6724520,792,2022-02-08,4.1,12,0,0
44,13,6,13846,4780,4404,9066,9442,7059052,1716,2022-02-08,4.1,12,0,0
44,17,7,9726,2325,2304,7401,7422,38320568,19448,2022-01-25,4.1,14,0,0
57,12,5,12553,5852,5586,6701,6967,4187106,792,2022-02-08,4.1,16,0,0
36,14,7,9136,3060,2654,6076,6482,8347680,3432,2022-01-14,4.1,10,0,0
38,15,7,8085,2400,2400,5685,5685,12620256,6435,2022-01-16,4.1,14,0,0
43,17,7,7598,2039,2039,5559,5559,32224114,19448,2022-01-25,4.1,12,0,0
37,15,7,7148,2038,1897,5110,5251,10295472,6435,2022-01-14,4.1,24,0,0
40,13,6,7652,2560,2560,5092,5092,3838380,1716,2022-02-08,4.1,12,0,0
42,17,7,6748,1794,1794,4954,4954,26978328,19448,2022-01-21,4.1,10,0,0
41,17,7,5565,1491,1491,4074,4074,22481940,19448,2022-01-21,4.1,11,0,0
36,15,7,5635,1652,1652,3983,3983,8347680,6435,2022-01-14,4.1,21,0,0
38,16,7,5326,1513,1390,3813,3936,12620256,11440,2022-01-14,4.1,14,0,0
63,8,4,11102,8513,8513,2589,2589,595665,70,2022-02-08,4.1,17,0,0
55,8,4,7600,5198,5198,2402,2402,341055,70,2022-02-08,4.1,11,0,0
59,22,6,2820,832,832,1988,1988,45057474,74613,2022-01-09,4.1,13,0,0
65,11,4,4165,2199,2122,1966,2043,677040,330,2022-02-08,4.1,38,0,0
57,22,6,2174,684,672,1490,1502,36288252,74613,2022-01-06,4.1,31,0,0
55,22,6,1719,568,433,1151,1286,28989675,74613,2022-01-09,4.1,10,0,0
90,12,2,68,68,68,0,0,4005,66,2022-02-05,4.1,6,0,0
40,12,7,67979,25870,24927,42109,43052,18643560,792,2022-02-17,4.0,15,0,0
43,13,7,61291,21755,21755,39536,39536,32224114,1716,2022-02-24,4.0,21,0,0
55,13,6,56692,19098,19098,37594,37594,28989675,1716,2022-03-01,4.0,27,0,0
54,13,6,50556,17268,17268,33288,33288,25827165,1716,2022-02-11,4.0,9,0,0
57,14,6,44248,13839,12720,30409,31528,36288252,3003,2022-03-14,4.0,23,0,0
56,14,6,38338,12492,11816,25846,26522,32468436,3003,2022-03-14,4.0,11,0,0
55,14,6,34418,11244,10608,23174,23810,28989675,3003,2022-02-11,4.0,12,0,0
85,15,5,34204,11968,11968,22236,22236,32801517,3003,2022-03-09,4.0,18,0,0
68,12,5,34287,13668,13221,20619,21066,10424128,792,2022-03-02,4.0,22,0,0
49,13,6,27519,9544,8896,17975,18623,13983816,1716,2022-02-19,4.0,19,0,0
82,15,5,27726,10343,10343,17383,17383,27285336,3003,2022-03-09,4.0,24,0,0
34,12,7,20823,7786,7429,13037,13394,5379616,792,2022-03-07,4.0,35,0,0
76,15,5,18905,6977,6653,11928,12252,18474840,3003,2022-03-09,4.0,39,0,0
39,11,6,19038,7761,7478,11277,11560,3262623,462,2022-03-07,4.0,41,0,0
75,15,5,17358,6240,6240,11118,11118,17259390,3003,2022-03-09,4.0,29,0,0
75,21,6,15250,4272,4272,10978,10978,201359550,54264,2022-03-02,4.0,16,0,0
39,14,7,16167,5530,5530,10637,10637,15380937,3432,2022-03-07,4.0,15,0,0
45,13,6,15667,5459,4826,10208,10841,8145060,1716,2022-02-11,4.0,10,0,0
74,15,5,16110,5994,5994,10116,10116,16108764,3003,2022-03-09,4.0,34,0,0
73,15,5,15010,5607,5607,9403,9403,15020334,3003,2022-03-09,4.0,38,0,0
82,24,6,12300,3335,3335,8965,8965,350161812,134596,2022-03-02,4.0,22,0,0
72,15,5,13966,5381,5381,8585,8585,13991544,3003,2022-03-09,4.0,25,0,0
71,15,5,12700,5041,5041,7659,7659,13019909,3003,2022-03-09,4.0,33,0,0
70,15,5,11670,4578,4098,7092,7572,12103014,3003,2022-03-11,4.0,32,0,0
37,11,6,12934,5850,5850,7084,7084,2324784,462,2022-03-07,4.0,32,0,0
58,12,5,13318,6313,6037,7005,7281,4582116,792,2022-02-19,4.0,17,0,0
42,13,6,10232,3622,3457,6610,6775,5245786,1716,2022-02-17,4.0,11,0,0
69,15,5,10687,4269,3823,6418,6864,11238513,3003,2022-03-09,4.0,27,0,0
48,15,6,9262,2861,2858,6401,6404,12271512,5005,2022-02-17,4.0,19,0,0
33,15,8,8931,2702,2702,6229,6229,13884156,6435,2022-02-27,4.0,27,0,0
41,13,6,8953,2987,2987,5966,5966,4496388,1716,2022-02-17,4.0,13,0,0
40,16,7,7506,1965,1965,5541,5541,18643560,11440,2022-02-17,4.0,11,0,0
91,21,5,8167,2752,2752,5415,5415,46504458,20349,2022-03-02,4.0,28,0,0
60,24,7,6709,1580,1208,5129,5501,386206920,346104,2022-02-20,4.0,15,0,0
99,13,4,10690,5598,5537,5092,5153,3764376,715,2022-02-12,4.0,40,0,0
36,17,8,6721,1790,1493,4931,5228,30260340,24310,2022-02-27,4.0,17,0,0
98,23,5,7251,2408,2067,4843,5184,67910864,33649,2022-03-02,4.0,24,0,0
98,13,4,10171,5428,5368,4743,4803,3612280,715,2022-02-12,4.0,63,0,0
97,13,4,9925,5254,5194,4671,4731,3464840,715,2022-02-12,4.0,150,0,0
42,20,8,5960,1393,1120,4567,4840,118030185,125970,2022-03-05,4.0,14,0,0
94,13,4,8984,4708,4708,4276,4276,3049501,715,2022-02-12,4.0,50,0,0
65,15,5,7095,2995,2995,4100,4100,8259888,3003,2022-03-11,4.0,18,0,0
59,14,5,6845,2786,2786,4059,4059,5006386,2002,2022-02-21,4.0,36,0,0
50,21,7,4906,1284,977,3622,3929,99884400,116280,2022-02-10,4.0,18,0,0
41,20,8,4749,1179,995,3570,3754,95548245,125970,2022-03-05,4.0,15,0,0
93,23,5,5145,1844,1695,3301,3450,51971283,33649,2022-03-02,4.0,27,0,0
38,13,6,5264,1985,1985,3279,3279,2760681,1716,2022-02-17,4.0,8,0,0
49,21,7,4174,1071,864,3103,3310,85900584,116280,2022-02-10,4.0,10,0,0
78,19,5,5261,2213,1897,3048,3364,21111090,11628,2022-03-02,4.0,24,0,0
37,13,6,4534,1691,1392,2843,3142,2324784,1716,2022-02-17,4.0,14,0,0
44,22,8,3532,804,804,2728,2728,177232627,319770,2022-03-05,4.0,15,0,0
57,20,6,3870,1160,1160,2710,2710,36288252,38760,2022-02-22,4.0,26,0,0
50,22,7,3496,828,664,2668,2832,99884400,170544,2022-02-10,4.0,9,0,0
63,10,4,5663,2999,2999,2664,2664,595665,210,2022-03-14,4.0,19,0,0
48,21,7,3518,951,787,2567,2731,73629072,116280,2022-02-10,4.0,15,0,0
60,8,4,9882,7335,7335,2547,2547,487635,70,2022-03-07,4.0,14,0,0
77,19,5,4593,2055,1816,2538,2777,19757815,11628,2022-03-02,4.0,35,0,0
40,20,8,3395,912,818,2483,2577,76904685,125970,2022-03-07,4.0,8,0,0
67,11,4,4640,2412,2333,2228,2307,766480,330,2022-02-15,4.0,28,0,0
34,15,7,3337,1134,1134,2203,2203,5379616,6435,2022-03-07,4.0,12,0,0
47,24,8,2817,627,596,2190,2221,314457495,735471,2022-03-05,4.0,24,0,0
36,13,6,3615,1432,1255,2183,2360,1947792,1716,2022-02-17,4.0,30,0,0
50,8,4,5269,3500,3500,1769,1769,230300,70,2022-02-17,4.0,18,0,0
45,12,5,3541,1815,1815,1726,1726,1221759,792,2022-03-07,4.0,13,0,0
46,24,8,2238,526,526,1712,1712,260932815,735471,2022-02-27,4.0,8,0,0
47,13,5,3128,1429,1248,1699,1880,1533939,1287,2022-03-16,4.0,16,0,0
53,20,6,2460,806,806,1654,1654,22957480,38760,2022-02-10,4.0,30,0,0
35,16,7,2462,845,705,1617,1757,6724520,11440,2022-03-14,4.0,15,0,0
49,8,4,4900,3320,3320,1580,1580,211876,70,2022-02-22,4.0,11,0,0
41,16,6,2256,726,726,1530,1530,4496388,8008,2022-02-17,4.0,18,0,0
46,13,5,2787,1275,1168,1512,1619,1370754,1287,2022-03-16,4.0,23,0,0
43,12,5,2909,1412,1301,1497,1608,962598,792,2022-03-07,4.0,21,0,0
42,12,5,2670,1253,1148,1417,1522,850668,792,2022-03-07,4.0,13,0,0
70,12,4,3345,2054,2013,1291,1332,916895,495,2022-03-02,4.0,8,0,0
45,21,7,1826,558,506,1268,1320,45379620,116280,2022-02-10,4.0,11,0,0
46,8,4,3702,2444,2444,1258,1258,163185,70,2022-02-17,4.0,13,0,0
42,23,8,1621,386,386,1235,1235,118030185,490314,2022-02-16,4.0,13,0,0
51,20,6,1850,646,625,1204,1225,18009460,38760,2022-03-10,4.0,19,0,0
43,20,7,1813,643,525,1170,1288,32224114,77520,2022-03-13,4.0,18,0,0
35,19,8,1595,433,422,1162,1173,23535820,75582,2022-03-07,4.0,13,0,0
69,13,4,2436,1354,1296,1082,1140,864501,715,2022-03-01,4.0,19,0,0
68,13,4,2311,1287,1230,1024,1081,814385,715,2022-03-01,4.0,16,0,0
35,10,5,2542,1537,1537,1005,1005,324632,252,2022-03-07,4.0,78,0,0
67,13,4,2185,1191,1191,994,994,766480,715,2022-03-01,4.0,20,0,0
56,11,4,2165,1232,1176,933,989,367290,330,2022-02-15,4.0,45,0,0
41,8,4,2299,1528,1528,771,771,101270,70,2022-02-10,4.0,12,0,0
46,23,7,1064,320,304,744,760,53524680,245157,2022-02-10,4.0,20,0,0
38,22,8,860,275,239,585,621,48903492,319770,2022-02-16,4.0,17,0,0
44,23,7,798,242,234,556,564,38320568,245157,2022-02-16,4.0,15,0,0
62,6,3,2230,1891,1891,339,339,37820,20,2022-03-17,4.0,8,0,0
99,9,2,143,143,143,0,0,4851,36,2022-02-17,4.0,2,0,0
62,18,7,82184,16785,16785,65399,65399,491796152,31824,2022-04-11,3.9,2,0,0
57,13,6,68833,23840,23226,44993,45607,36288252,1716,2022-03-30,3.9,8,0,0
64,10,5,72529,30554,30554,41975,41975,7624512,252,2022-04-04,3.9,38,0,0
76,18,6,47932,13022,13022,34910,34910,218618940,18564,2022-04-22,3.9,29,0,0
51,13,6,34441,11950,11217,22491,23224,18009460,1716,2022-03-30,3.9,13,0,0
72,18,6,32198,10092,10092,22106,22106,156238908,18564,2022-04-22,3.9,34,0,0
54,14,6,30454,9547,9547,20907,20907,25827165,3003,2022-03-30,3.9,15,0,0
53,14,6,28216,8829,8829,19387,19387,22957480,3003,2022-04-14,3.9,9,0,0
70,18,6,25908,8463,7245,17445,18663,131115985,18564,2022-04-22,3.9,31,0,0
44,15,7,24722,7281,7281,17441,17441,38320568,6435,2022-03-30,3.9,26,0,0
85,23,6,21547,5082,5082,16465,16465,437353560,100947,2022-04-04,3.9,27,0,0
65,12,5,26385,11348,11126,15037,15259,8259888,792,2022-04-04,3.9,29,0,0
68,18,6,22207,7193,6151,15014,16056,109453344,18564,2022-04-22,3.9,29,0,0
77,15,5,20101,7413,7079,12688,13022,19757815,3003,2022-04-04,3.9,20,0,0
66,18,6,18302,5665,5442,12637,12860,90858768,18564,2022-04-22,3.9,25,0,0
64,18,6,15698,4601,4601,11097,11097,74974368,18564,2022-04-22,3.9,24,0,0
49,18,7,13506,3123,3123,10383,10383,85900584,31824,2022-04-10,3.9,7,0,0
62,18,6,13103,3858,3858,9245,9245,61474519,18564,2022-04-22,3.9,21,0,0
47,18,7,10759,2531,2348,8228,8411,62891499,31824,2022-04-08,3.9,9,0,0
60,18,6,10567,3210,3194,7357,7373,50063860,18564,2022-04-22,3.9,21,0,0
85,19,5,9089,3177,3177,5912,5912,32801517,11628,2022-03-30,3.9,26,0,0
43,20,8,7499,1770,1338,5729,6161,145008513,125970,2022-03-28,3.9,28,0,0
84,19,5,8533,3060,3060,5473,5473,30872016,11628,2022-03-30,3.9,34,0,0
57,18,6,7734,2483,2087,5251,5647,36288252,18564,2022-04-14,3.9,23,0,0
54,22,7,5729,1488,1098,4241,4631,177100560,170544,2022-03-24,3.9,5,0,0
39,13,6,6284,2310,2310,3974,3974,3262623,1716,2022-03-30,3.9,16,0,0
30,9,6,11826,8074,8074,3752,3752,593775,84,2022-04-12,3.9,45,0,0
52,22,7,4765,1121,892,3644,3873,133784560,170544,2022-04-11,3.9,6,0,0
43,21,8,4535,1059,914,3476,3621,145008513,203490,2022-04-13,3.9,17,0,0
41,14,6,5059,1848,1523,3211,3536,4496388,3003,2022-03-24,3.9,10,0,0
58,8,4,8990,6083,6083,2907,2907,424270,70,2022-03-30,3.9,14,0,0
62,8,4,10730,8107,8107,2623,2623,557845,70,2022-03-30,3.9,9,0,0
61,8,4,10300,7717,7717,2583,2583,521855,70,2022-03-30,3.9,19,0,0
43,22,8,3019,669,595,2350,2424,145008513,319770,2022-03-23,3.9,12,0,0
28,9,6,7154,4885,4726,2269,2428,376740,84,2022-04-04,3.9,38,0,0
49,13,5,3606,1689,1493,1917,2113,1906884,1287,2022-03-22,3.9,16,0,0
42,16,6,2662,806,806,1856,1856,5245786,8008,2022-03-30,3.9,17,0,0
48,13,5,3351,1577,1404,1774,1947,1712304,1287,2022-03-22,3.9,24,0,0
48,22,7,2289,675,544,1614,1745,73629072,170544,2022-04-06,3.9,6,0,0
47,22,7,1915,539,498,1376,1417,62891499,170544,2022-03-30,3.9,11,0,0
77,14,4,2846,1513,1419,1333,1427,1353275,1001,2022-04-22,3.9,13,0,0
38,18,7,1732,613,488,1119,1244,12620256,31824,2022-03-30,3.9,20,0,0
46,22,7,1525,477,427,1048,1098,53524680,170544,2022-03-30,3.9,11,0,0
73,14,4,2262,1215,1215,1047,1047,1088430,1001,2022-04-22,3.9,10,0,0
56,23,6,1399,475,378,924,1021,32468436,100947,2022-04-11,3.9,16,0,0
34,10,5,2219,1299,1150,920,1069,278256,252,2022-03-31,3.9,16,0,0
37,18,7,1273,479,424,794,849,10295472,31824,2022-03-30,3.9,17,0,0
69,24,8,88007,12717,12717,75290,75290,8361453672,735471,2022-05-24,3.8,2,0,0
66,23,8,83531,13625,13625,69906,69906,5743572120,490314,2022-05-09,3.8,2,0,0
73,21,7,84684,16370,16370,68314,68314,1629348612,116280,2022-05-09,3.8,2,0,0
69,20,7,82405,16091,16091,66314,66314,1078897248,77520,2022-05-09,3.8,2,0,0
80,23,7,81153,15040,15040,66113,66113,3176716400,245157,2022-05-24,3.8,2,0,0
84,24,7,80334,15260,15260,65074,65074,4529365776,346104,2022-05-09,3.8,2,0,0
78,17,6,87828,24070,24070,63758,63758,256851595,12376,2022-05-09,3.8,2,0,0
83,24,7,77297,14404,14404,62893,62893,4151918628,346104,2022-05-09,3.8,2,0,0
76,22,7,76701,14758,14758,61943,61943,2186189400,170544,2022-05-09,3.8,2,0,0
77,17,6,79719,19364,19364,60355,60355,237093780,12376,2022-05-09,3.8,2,0,0
92,20,6,79014,19058,19058,59956,59956,713068356,38760,2022-05-09,3.8,2,0,0
82,24,7,73254,13527,13527,59727,59727,3801756816,346104,2022-05-09,3.8,3,0,0
79,23,7,73483,14117,14117,59366,59366,2898753715,245157,2022-05-09,3.8,2,0,0
59,13,6,87278,28652,27399,58626,59879,45057474,1716,2022-04-30,3.8,9,0,0
82,18,6,78067,19539,19539,58528,58528,350161812,18564,2022-05-09,3.8,2,0,0
78,23,7,70015,13237,13237,56778,56778,2641902120,245157,2022-05-09,3.8,2,0,0
81,18,6,72657,18000,18000,54657,54657,324540216,18564,2022-05-09,3.8,2,0,0
81,24,7,66600,12059,12059,54541,54541,3477216600,346104,2022-05-09,3.8,2,0,0
80,12,5,86005,32127,32127,53878,53878,24040016,792,2022-05-10,3.8,2,0,0
95,21,6,71361,17607,17607,53754,53754,869107785,54264,2022-05-09,3.8,2,0,0
91,20,6,71586,18237,18237,53349,53349,666563898,38760,2022-05-09,3.8,2,0,0
62,14,6,74540,22861,22861,51679,51679,61474519,3003,2022-05-13,3.8,19,0,0
90,20,6,68631,17433,17433,51198,51198,622614630,38760,2022-05-09,3.8,2,0,0
86,13,5,80842,29710,29710,51132,51132,34826302,1287,2022-05-10,3.8,2,0,0
99,15,5,70996,24856,24856,46140,46140,71523144,3003,2022-05-10,3.8,2,0,0
90,14,5,67227,23240,23240,43987,43987,43949268,2002,2022-05-10,3.8,2,0,0
87,7,4,106448,63597,63597,42851,42851,2225895,35,2022-05-05,3.8,1,0,0
88,7,4,111944,69093,69093,42851,42851,2331890,35,2022-05-05,3.8,1,0,0
97,15,5,63951,23015,23015,40936,40936,64446024,3003,2022-05-10,3.8,2,0,0
59,14,6,55451,16436,15008,39015,40443,45057474,3003,2022-05-14,3.8,13,0,0
80,19,6,47338,12733,12733,34605,34605,300500200,27132,2022-05-24,3.8,28,0,0
78,6,4,128805,95095,95095,33710,33710,1426425,15,2022-05-05,3.8,1,0,0
58,14,6,46520,15263,13991,31257,32529,40475358,3003,2022-05-13,3.8,12,0,0
77,6,4,120887,91489,91489,29398,29398,1353275,15,2022-05-05,3.8,1,0,0
78,19,6,39060,11085,11085,27975,27975,256851595,27132,2022-05-24,3.8,14,0,0
77,19,6,36450,10509,10509,25941,25941,237093780,27132,2022-05-24,3.8,29,0,0
76,6,4,113271,87970,87970,25301,25301,1282975,15,2022-05-05,3.8,1,0,0
75,6,4,105944,81038,81038,24906,24906,1215450,15,2022-05-05,3.8,1,0,0
91,8,4,62295,39051,39051,23244,23244,2672670,70,2022-05-13,3.8,3,0,0
76,19,6,32285,9652,9652,22633,22633,218618940,27132,2022-05-24,3.8,32,0,0
78,7,4,63563,41329,41329,22234,22234,1426425,35,2022-05-13,3.8,47,0,0
74,6,4,97734,77799,77799,19935,19935,1150626,15,2022-05-09,3.8,2,0,0
44,18,8,23577,4985,4985,18592,18592,177232627,43758,2022-05-16,3.8,17,0,0
64,17,6,24150,7236,6434,16914,17716,74974368,12376,2022-05-04,3.8,22,0,0
43,18,8,19706,4286,4286,15420,15420,145008513,43758,2022-05-16,3.8,19,0,0
51,18,7,18459,4418,4194,14041,14265,115775100,31824,2022-04-27,3.8,11,0,0
78,15,5,21605,7868,7379,13737,14226,21111090,3003,2022-04-30,3.8,23,0,0
71,6,4,79053,65770,65770,13283,13283,971635,15,2022-05-13,3.8,10,0,0
50,18,7,15289,3773,3484,11516,11805,99884400,31824,2022-04-27,3.8,8,0,0
48,14,6,14811,4900,4279,9911,10532,12271512,3003,2022-04-30,3.8,9,0,0
64,19,6,10691,3315,3315,7376,7376,74974368,27132,2022-05-13,3.8,29,0,0
42,19,8,9497,2207,1769,7290,7728,118030185,75582,2022-05-13,3.8,18,0,0
86,19,5,10103,3400,3400,6703,6703,34826302,11628,2022-05-20,3.8,39,0,0
45,14,6,9688,3167,3167,6521,6521,8145060,3003,2022-04-30,3.8,10,0,0
78,24,6,8938,2451,2038,6487,6900,256851595,134596,2022-05-04,3.8,23,0,0
46,18,7,8413,2254,2086,6159,6327,53524680,31824,2022-04-27,3.8,6,0,0
47,22,8,6560,1466,1180,5094,5380,314457495,319770,2022-05-02,3.8,17,0,0
38,18,8,6409,1554,1233,4855,5176,48903492,43758,2022-05-26,3.8,12,0,0
40,19,8,6046,1434,1137,4612,4909,76904685,75582,2022-05-13,3.8,18,0,0
82,19,5,7335,2758,2758,4577,4577,27285336,11628,2022-05-19,3.8,46,0,0
98,14,4,7773,3920,3766,3853,4007,3612280,1001,2022-04-27,3.8,31,0,0
44,18,7,5505,1690,1560,3815,3945,38320568,31824,2022-05-01,3.8,10,0,0
57,19,6,5412,1635,1542,3777,3870,36288252,27132,2022-05-13,3.8,25,0,0
56,19,6,5074,1433,1353,3641,3721,32468436,27132,2022-05-13,3.8,26,0,0
97,14,4,7424,3790,3686,3634,3738,3464840,1001,2022-05-13,3.8,30,0,0
43,18,7,5003,1384,1384,3619,3619,32224114,31824,2022-05-05,3.8,15,0,0
95,14,4,6784,3536,3441,3248,3343,3183545,1001,2022-04-27,3.8,30,0,0
42,18,7,4390,1211,920,3179,3470,26978328,31824,2022-05-13,3.8,13,0,0
94,14,4,6460,3317,3317,3143,3143,3049501,1001,2022-05-13,3.8,25,0,0
51,22,7,4116,1007,830,3109,3286,115775100,170544,2022-05-13,3.8,12,0,0
98,15,4,5864,2856,2718,3008,3146,3612280,1365,2022-04-28,3.8,30,0,0
91,14,4,5795,2841,2704,2954,3091,2672670,1001,2022-04-28,3.8,27,0,0
60,21,6,4084,1166,1166,2918,2918,50063860,54264,2022-05-26,3.8,7,0,0
93,14,4,6075,3249,3249,2826,2826,2919735,1001,2022-05-13,3.8,27,0,0
92,14,4,5950,3128,3128,2822,2822,2794155,1001,2022-04-27,3.8,24,0,0
45,22,8,3861,1044,907,2817,2954,215553195,319770,2022-05-02,3.8,24,0,0
55,19,6,3975,1251,1251,2724,2724,28989675,27132,2022-05-17,3.8,29,0,0
96,15,4,5341,2650,2522,2691,2819,3321960,1365,2022-05-24,3.8,39,0,0
90,14,4,5373,2733,2598,2640,2775,2555190,1001,2022-04-27,3.8,22,0,0
41,18,7,3595,998,800,2597,2795,22481940,31824,2022-05-13,3.8,28,0,0
56,8,4,8031,5453,5446,2578,2585,367290,70,2022-05-13,3.8,13,0,0
89,14,4,5165,2670,2499,2495,2666,2441626,1001,2022-04-27,3.8,22,0,0
88,14,4,5016,2571,2446,2445,2570,2331890,1001,2022-04-28,3.8,19,0,0
53,8,4,6557,4187,4187,2370,2370,292825,70,2022-05-13,3.8,10,0,0
87,14,4,4755,2430,2349,2325,2406,2225895,1001,2022-04-27,3.8,26,0,0
76,19,5,4192,1900,1684,2292,2508,18474840,11628,2022-05-29,3.8,41,0,0
49,22,7,2854,735,593,2119,2261,85900584,170544,2022-05-13,3.8,7,0,0
99,17,4,3897,1788,1643,2109,2254,3764376,2380,2022-05-24,3.8,29,0,0
86,14,4,4413,2372,2255,2041,2158,2123555,1001,2022-04-27,3.8,18,0,0
84,14,4,4147,2112,2112,2035,2035,1929501,1001,2022-04-27,3.8,20,0,0
45,23,8,2660,627,595,2033,2065,215553195,490314,2022-05-19,3.8,19,0,0
83,14,4,3941,2022,2022,1919,1919,1837620,1001,2022-04-27,3.8,26,0,0
96,17,4,3430,1582,1480,1848,1950,3321960,2380,2022-05-12,3.8,23,0,0
80,14,4,3415,1738,1600,1677,1815,1581580,1001,2022-04-27,3.8,20,0,0
93,17,4,2989,1357,1357,1632,1632,2919735,2380,2022-05-12,3.8,25,0,0
36,19,8,2200,597,539,1603,1661,30260340,75582,2022-05-13,3.8,17,0,0
79,14,4,3211,1659,1524,1552,1687,1502501,1001,2022-04-27,3.8,22,0,0
73,19,5,2999,1491,1414,1508,1585,15020334,11628,2022-05-04,3.8,19,0,0
99,18,4,2845,1364,1364,1481,1481,3764376,3060,2022-05-12,3.8,15,0,0
49,19,6,2110,689,668,1421,1442,13983816,27132,2022-05-17,3.8,19,0,0
72,13,4,2970,1574,1479,1396,1491,1028790,715,2022-05-12,3.8,19,0,0
90,17,4,2620,1239,1239,1381,1381,2555190,2380,2022-05-12,3.8,27,0,0
60,24,6,1660,515,425,1145,1235,50063860,134596,2022-05-24,3.8,20,0,0
95,18,4,2313,1199,1199,1114,1114,3183545,3060,2022-05-12,3.8,14,0,0
72,22,5,1726,665,590,1061,1136,13991544,26334,2022-05-04,3.8,23,0,0
47,19,6,1600,557,426,1043,1174,10737573,27132,2022-05-17,3.8,24,0,0
47,23,7,1343,368,336,975,1007,62891499,245157,2022-05-24,3.8,9,0,0
53,24,6,683,257,237,426,446,22957480,134596,2022-05-24,3.8,22,0,0
97,14,5,94181,34844,34844,59337,59337,64446024,2002,2022-06-14,3.7,2,0,0
96,14,5,88752,33374,33374,55378,55378,61124064,2002,2022-06-06,3.7,2,0,0
51,14,6,21744,7275,7275,14469,14469,18009460,3003,2022-06-11,3.7,12,0,0
50,14,6,18246,6033,5333,12213,12913,15890700,3003,2022-06-11,3.7,8,0,0
73,20,6,17168,4968,4968,12200,12200,170230452,38760,2022-06-14,3.7,29,0,0
49,14,6,16435,5520,4914,10915,11521,13983816,3003,2022-06-11,3.7,13,0,0
77,22,6,14130,3903,3903,10227,10227,237093780,74613,2022-06-14,3.7,44,0,0
63,13,5,16025,6111,5835,9914,10190,7028847,1287,2022-06-18,3.7,16,0,0
70,20,6,12844,3994,3994,8850,8850,131115985,38760,2022-06-14,3.7,20,0,0
50,15,6,12170,3584,3584,8586,8586,15890700,5005,2022-06-20,3.7,20,0,0
61,13,5,13546,5162,5162,8384,8384,5949147,1287,2022-06-18,3.7,15,0,0
74,22,6,10567,3159,3159,7408,7408,185250786,74613,2022-06-14,3.7,18,0,0
49,15,6,10331,3283,3283,7048,7048,13983816,5005,2022-06-20,3.7,11,0,0
34,10,6,13614,6882,6634,6732,6980,1344904,210,2022-06-05,3.7,38,0,0
59,13,5,11250,4566,4566,6684,6684,5006386,1287,2022-06-17,3.7,29,0,0
66,20,6,8939,3017,3017,5922,5922,90858768,38760,2022-06-14,3.7,14,0,0
74,23,6,8271,2349,1989,5922,6282,185250786,100947,2022-06-14,3.7,25,0,0
65,21,6,6620,1845,1715,4775,4905,82598880,54264,2022-06-01,3.7,12,0,0
69,22,6,6520,2042,1810,4478,4710,119877472,74613,2022-06-14,3.7,10,0,0
62,20,6,6344,1963,1764,4381,4580,61474519,38760,2022-06-10,3.7,8,0,0
70,23,6,5706,1586,1461,4120,4245,131115985,100947,2022-06-14,3.7,17,0,0
63,22,6,3916,1169,1169,2747,2747,67945521,74613,2022-06-11,3.7,5,0,0
92,15,4,4507,2233,2233,2274,2274,2794155,1365,2022-06-01,3.7,25,0,0
63,23,6,3102,882,882,2220,2220,67945521,100947,2022-06-11,3.7,5,0,0
98,6,3,8826,7612,7612,1214,1214,152096,20,2022-06-21,3.7,12,0,0
95,6,3,8104,7157,7157,947,947,138415,20,2022-06-21,3.7,13,0,0
65,6,3,2546,2221,2221,325,325,43680,20,2022-06-28,3.7,7,0,0
83,6,3,4996,4773,4773,223,223,91881,20,2022-06-20,3.7,17,0,0
54,12,6,82665,28755,28188,53910,54477,25827165,924,2022-07-15,3.6,22,0,0
53,12,6,74317,26103,25454,48214,48863,22957480,924,2022-07-15,3.6,18,0,0
66,10,5,83688,37752,37752,45936,45936,8936928,252,2022-07-25,3.6,43,0,0
51,15,6,13669,4033,4033,9636,9636,18009460,5005,2022-07-22,3.6,23,0,0
60,13,5,12154,4791,4791,7363,7363,5461512,1287,2022-07-07,3.6,14,0,0
27,10,7,14093,8705,8705,5388,5388,888030,120,2022-07-25,3.6,38,0,0
44,21,8,5105,1348,1100,3757,4005,177232627,203490,2022-07-15,3.6,18,0,0
57,14,5,5616,2423,2423,3193,3193,4187106,2002,2022-07-12,3.6,15,0,0
54,14,5,4597,1841,1636,2756,2961,3162510,2002,2022-07-08,3.6,5,0,0
57,8,4,8504,5757,5757,2747,2747,395010,70,2022-07-31,3.6,16,0,0
81,21,5,4121,1420,1420,2701,2701,25621596,20349,2022-07-19,3.6,18,0,0
67,24,6,3600,980,955,2620,2645,99795696,134596,2022-07-19,3.6,11,0,0
59,8,4,9411,6970,6970,2441,2441,455126,70,2022-07-15,3.6,17,0,0
97,16,4,4433,2134,2134,2299,2299,3464840,1820,2022-07-19,3.6,36,0,0
41,21,8,2802,684,594,2118,2208,95548245,203490,2022-07-15,3.6,15,0,0
51,8,4,5777,3736,3736,2041,2041,249900,70,2022-07-15,3.6,11,0,0
59,10,4,4195,2172,2172,2023,2023,455126,210,2022-08-07,3.6,22,0,0
93,16,4,3715,1785,1645,1930,2070,2919735,1820,2022-07-19,3.6,30,0,0
92,16,4,3595,1714,1570,1881,2025,2794155,1820,2022-07-19,3.6,25,0,0
40,21,8,2329,557,520,1772,1809,76904685,203490,2022-07-15,3.6,20,0,0
57,10,4,3591,1956,1956,1635,1635,395010,210,2022-07-19,3.6,26,0,0
47,8,4,4217,2627,2627,1590,1590,178365,70,2022-07-27,3.6,7,0,0
62,11,4,3422,1860,1860,1562,1562,557845,330,2022-08-10,3.6,49,0,0
88,16,4,2936,1375,1375,1561,1561,2331890,1820,2022-07-19,3.6,29,0,0
87,16,4,2828,1344,1344,1484,1484,2225895,1820,2022-07-19,3.6,26,0,0
47,14,5,2340,894,893,1446,1447,1533939,2002,2022-07-08,3.6,19,0,0
39,21,8,1805,442,428,1363,1377,61523748,203490,2022-07-15,3.6,14,0,0
60,11,4,2940,1675,1675,1265,1265,487635,330,2022-08-10,3.6,37,0,0
26,12,7,2292,1090,1006,1202,1286,657800,792,2022-07-14,3.6,18,0,0
25,13,8,2354,1178,958,1176,1396,1081575,1287,2022-07-27,3.6,19,0,0
45,8,4,3473,2301,2301,1172,1172,148995,70,2022-07-27,3.6,14,0,0
82,16,4,2198,1107,1107,1091,1091,1749060,1820,2022-07-19,3.6,27,0,0
54,10,4,2744,1658,1658,1086,1086,316251,210,2022-07-19,3.6,22,0,0
81,16,4,2090,1028,922,1062,1168,1663740,1820,2022-07-19,3.6,26,0,0
71,22,5,1630,604,562,1026,1068,13019909,26334,2022-07-19,3.6,20,0,0
38,21,8,1337,377,377,960,960,48903492,203490,2022-07-15,3.6,16,0,0
96,6,3,8118,7296,7296,822,822,142880,20,2022-07-21,3.6,13,0,0
37,21,8,1078,312,312,766,766,38608020,203490,2022-07-22,3.6,13,0,0
36,21,8,798,271,232,527,566,30260340,203490,2022-07-29,3.6,10,0,0
63,5,3,4208,4108,4108,100,100,39711,10,2022-08-09,3.6,16,0,0
49,11,6,79528,33401,33401,46127,46127,13983816,462,2022-08-20,3.5,10,0,0
48,11,6,68848,30088,30088,38760,38760,12271512,462,2022-09-01,3.5,18,0,0
47,11,6,61141,23291,23291,37850,37850,10737573,462,2022-08-20,3.5,15,0,0
50,12,6,50739,19159,19159,31580,31580,15890700,924,2022-09-15,3.5,25,0,0
59,15,6,35455,10023,10007,25432,25448,45057474,5005,2022-09-13,3.5,13,0,0
58,15,6,32338,9369,9369,22969,22969,40475358,5005,2022-09-13,3.5,18,0,0
61,16,6,27567,8357,8357,19210,19210,55525372,8008,2022-09-04,3.5,9,0,0
60,16,6,24438,7275,6492,17163,17946,50063860,8008,2022-09-04,3.5,8,0,0
45,12,6,26028,9945,9360,16083,16668,8145060,924,2022-09-15,3.5,21,0,0
58,16,6,19630,6061,5402,13569,14228,40475358,8008,2022-09-04,3.5,14,0,0
57,16,6,17671,5440,5031,12231,12640,36288252,8008,2022-09-04,3.5,10,0,0
56,16,6,15663,4659,4466,11004,11197,32468436,8008,2022-09-02,3.5,8,0,0
55,16,6,14377,4136,4136,10241,10241,28989675,8008,2022-09-02,3.5,11,0,0
43,16,7,12968,3336,3131,9632,9837,32224114,11440,2022-09-13,3.5,15,0,0
54,16,6,13222,3686,3686,9536,9536,25827165,8008,2022-09-02,3.5,9,0,0
38,11,6,15724,6751,6751,8973,8973,2760681,462,2022-08-22,3.5,11,0,0
52,11,5,14569,5910,5763,8659,8806,2598960,462,2022-08-20,3.5,9,0,0
66,19,6,12549,3929,3929,8620,8620,90858768,27132,2022-09-15,3.5,44,0,0
90,11,4,16369,7871,7871,8498,8498,2555190,330,2022-08-30,3.5,39,0,0
66,14,5,13626,5163,5163,8463,8463,8936928,2002,2022-09-13,3.5,12,0,0
53,16,6,11580,3402,3402,8178,8178,22957480,8008,2022-09-02,3.5,7,0,0
65,19,6,11430,3699,3699,7731,7731,82598880,27132,2022-09-15,3.5,26,0,0
52,16,6,10205,3007,3007,7198,7198,20358520,8008,2022-09-01,3.5,11,0,0
64,14,5,11228,4256,3900,6972,7328,7624512,2002,2022-09-08,3.5,16,0,0
63,14,5,10494,3929,3609,6565,6885,7028847,2002,2022-08-17,3.5,35,0,0
70,21,6,9649,3097,3097,6552,6552,131115985,54264,2022-08-30,3.5,23,0,0
56,6,4,31200,24948,24948,6252,6252,367290,15,2022-08-18,3.5,45,0,0
39,18,8,7838,1972,1615,5866,6223,61523748,43758,2022-09-07,3.5,10,0,0
66,21,6,6907,2075,1830,4832,5077,90858768,54264,2022-08-30,3.5,14,0,0
93,22,5,7059,2372,2038,4687,5021,51971283,26334,2022-09-15,3.5,19,0,0
93,13,4,8555,4228,4114,4327,4441,2919735,715,2022-09-07,3.5,57,0,0
59,19,6,6437,2124,1783,4313,4654,45057474,27132,2022-09-15,3.5,33,0,0
58,19,6,5842,1887,1664,3955,4178,40475358,27132,2022-09-15,3.5,18,0,0
96,14,4,6977,3662,3559,3315,3418,3321960,1001,2022-09-16,3.5,33,0,0
61,21,6,4339,1247,1247,3092,3092,55525372,54264,2022-08-25,3.5,11,0,0
36,18,8,3768,994,894,2774,2874,30260340,43758,2022-09-15,3.5,12,0,0
53,14,5,4273,1681,1484,2592,2789,2869685,2002,2022-09-08,3.5,36,0,0
61,10,4,4896,2727,2727,2169,2169,521855,210,2022-08-16,3.5,22,0,0
85,23,5,3073,1172,1172,1901,1901,32801517,33649,2022-08-23,3.5,26,0,0
50,23,7,2460,655,524,1805,1936,99884400,245157,2022-09-13,3.5,20,0,0
75,13,4,3528,1922,1922,1606,1606,1215450,715,2022-09-13,3.5,25,0,0
34,18,8,2064,567,537,1497,1527,18156204,43758,2022-09-15,3.5,7,0,0
49,23,7,2010,535,461,1475,1549,85900584,245157,2022-08-31,3.5,19,0,0
98,18,4,2726,1307,1307,1419,1419,3612280,3060,2022-09-13,3.5,23,0,0
61,11,4,3174,1797,1764,1377,1410,521855,330,2022-09-16,3.5,48,0,0
66,12,4,2827,1562,1463,1265,1364,720720,495,2022-08-12,3.5,10,0,0
65,12,4,2643,1485,1420,1158,1223,677040,495,2022-08-31,3.5,15,0,0
33,18,8,1564,457,457,1107,1107,13884156,43758,2022-09-15,3.5,9,0,0
94,6,3,7748,6721,6706,1027,1042,134044,20,2022-09-07,3.5,14,0,0
63,12,4,2330,1334,1276,996,1054,595665,495,2022-08-12,3.5,6,0,0
62,12,4,2128,1261,1204,867,924,557845,495,2022-08-18,3.5,13,0,0
82,6,3,4892,4428,4428,464,464,88560,20,2022-09-07,3.5,12,0,0
35,21,8,571,199,134,372,437,23535820,203490,2022-09-01,3.5,12,0,0
18,7,6,3260,2893,2893,367,367,18564,7,2022-08-30,3.5,7,0,0
89,6,3,6122,5756,5756,366,366,113564,20,2022-09-07,3.5,8,0,0
55,12,6,94851,35191,35191,59660,59660,28989675,924,2022-10-12,3.4,11,0,0
58,13,6,77135,26110,24923,51025,52212,40475358,1716,2022-10-12,3.4,8,0,0
69,16,6,64449,17130,15720,47319,48729,119877472,8008,2022-09-22,3.4,33,0,0
67,16,6,52114,14372,13526,37742,38588,99795696,8008,2022-09-22,3.4,21,0,0
86,7,4,98710,61441,61441,37269,37269,2123555,35,2022-10-10,3.4,3,0,0
85,7,4,94030,59330,59330,34700,34700,2024785,35,2022-10-10,3.4,3,0,0
98,16,5,50346,17114,16042,33232,34304,67910864,4368,2022-09-19,3.4,19,0,0
83,7,4,84899,52504,52504,32395,32395,1837620,35,2022-10-10,3.4,3,0,0
84,7,4,89439,57276,57276,32163,32163,1929501,35,2022-10-10,3.4,4,0,0
65,16,6,42423,11546,11546,30877,30877,82598880,8008,2022-09-22,3.4,21,0,0
95,8,4,76203,47049,47049,29154,29154,3183545,70,2022-09-24,3.4,4,0,0
93,8,4,68858,41711,41711,27147,27147,2919735,70,2022-09-24,3.4,4,0,0
81,7,4,75879,48762,48762,27117,27117,1663740,35,2022-10-10,3.4,3,0,0
64,16,6,37037,10500,10500,26537,26537,74974368,8008,2022-09-22,3.4,9,0,0
94,8,4,71693,45590,45590,26103,26103,3049501,70,2022-09-24,3.4,3,0,0
80,7,4,71752,46949,46949,24803,24803,1581580,35,2022-10-10,3.4,4,0,0
92,8,4,64691,40365,40365,24326,24326,2794155,70,2022-09-24,3.4,4,0,0
63,16,6,34080,9864,9864,24216,24216,67945521,8008,2022-10-11,3.4,20,0,0
37,12,7,39583,15513,15513,24070,24070,10295472,792,2022-10-10,3.4,16,0,0
62,16,6,31186,8921,8921,22265,22265,61474519,8008,2022-09-24,3.4,14,0,0
28,11,8,43736,22159,22159,21577,21577,3108105,165,2022-10-01,3.4,19,0,0
77,7,4,59632,39710,39710,19922,19922,1353275,35,2022-10-23,3.4,41,0,0
87,16,5,27387,9293,8733,18094,18654,36949857,4368,2022-09-28,3.4,35,0,0
76,7,4,56095,38272,38272,17823,17823,1282975,35,2022-10-10,3.4,45,0,0
73,6,4,91250,74643,74643,16607,16607,1088430,15,2022-09-27,3.4,19,0,0
52,14,6,24333,7901,7901,16432,16432,20358520,3003,2022-10-07,3.4,14,0,0
72,6,4,84944,68676,68676,16268,16268,1028790,15,2022-09-24,3.4,3,0,0
85,16,5,24183,8479,7948,15704,16235,32801517,4368,2022-10-19,3.4,36,0,0
59,16,6,22121,6804,5819,15317,16302,45057474,8008,2022-10-08,3.4,14,0,0
70,7,4,40725,26680,26680,14045,14045,916895,35,2022-10-10,3.4,37,0,0
83,16,5,20671,7574,7232,13097,13439,29034396,4368,2022-10-14,3.4,28,0,0
67,7,4,33525,21900,21900,11625,11625,766480,35,2022-10-23,3.4,32,0,0
42,18,8,15081,3479,3479,11602,11602,118030185,43758,2022-09-26,3.4,13,0,0
68,19,6,14843,4664,4664,10179,10179,109453344,27132,2022-09-19,3.4,35,0,0
31,8,6,36091,27455,27455,8636,8636,736281,28,2022-10-23,3.4,35,0,0
61,18,6,11824,3627,3627,8197,8197,55525372,18564,2022-10-14,3.4,26,0,0
89,11,4,15516,7622,7622,7894,7894,2441626,330,2022-10-07,3.4,46,0,0
23,10,8,20266,12579,12579,7687,7687,490314,45,2022-10-03,3.4,22,0,0
30,11,7,14815,7168,6502,7647,8313,2035800,330,2022-10-10,3.4,16,0,0
40,18,8,10127,2545,1954,7582,8173,76904685,43758,2022-09-24,3.4,11,0,0
88,11,4,14747,7384,7384,7363,7363,2331890,330,2022-09-20,3.4,40,0,0
25,8,7,70924,63622,63622,7302,7302,480700,8,2022-10-12,3.4,14,0,0
87,11,4,14230,7079,7079,7151,7151,2225895,330,2022-09-17,3.4,42,0,0
32,12,7,11973,5096,5096,6877,6877,3365856,792,2022-10-03,3.4,38,0,0
25,11,8,13936,7364,7364,6572,6572,1081575,165,2022-10-23,3.4,20,0,0
86,11,4,13359,6849,6849,6510,6510,2123555,330,2022-09-24,3.4,38,0,0
46,21,8,8344,1968,1431,6376,6913,260932815,203490,2022-09-22,3.4,31,0,0
55,17,6,9099,2896,2896,6203,6203,28989675,12376,2022-09-22,3.4,15,0,0
85,11,4,12824,6623,6623,6201,6201,2024785,330,2022-09-18,3.4,53,0,0
58,18,6,8683,2801,2801,5882,5882,40475358,18564,2022-10-12,3.4,24,0,0
48,19,7,7808,1968,1968,5840,5840,73629072,50388,2022-10-10,3.4,18,0,0
82,11,4,11112,5375,5375,5737,5737,1749060,330,2022-10-08,3.4,29,0,0
54,17,6,8327,2675,2675,5652,5652,25827165,12376,2022-09-22,3.4,15,0,0
81,11,4,10516,5184,5184,5332,5332,1663740,330,2022-10-10,3.4,25,0,0
50,16,6,7854,2563,2563,5291,5291,15890700,8008,2022-10-22,3.4,12,0,0
80,11,4,10072,5004,5004,5068,5068,1581580,330,2022-10-21,3.4,41,0,0
74,24,6,6639,1638,1548,5001,5091,185250786,134596,2022-09-28,3.4,20,0,0
53,17,6,7234,2351,2008,4883,5226,22957480,12376,2022-09-22,3.4,20,0,0
45,21,8,6368,1528,1233,4840,5135,215553195,203490,2022-09-22,3.4,22,0,0
79,11,4,9443,4819,4819,4624,4624,1502501,330,2022-10-13,3.4,24,0,0
47,19,7,6216,1759,1626,4457,4590,62891499,50388,2022-10-10,3.4,11,0,0
78,11,4,8965,4645,4645,4320,4320,1426425,330,2022-10-12,3.4,36,0,0
92,13,4,8216,4084,3978,4132,4238,2794155,715,2022-10-08,3.4,51,0,0
24,11,8,9296,5291,5256,4005,4040,735471,165,2022-10-09,3.4,24,0,0
99,14,4,8019,4052,3897,3967,4122,3764376,1001,2022-09-19,3.4,39,0,0
77,11,4,8416,4473,4473,3943,3943,1353275,330,2022-10-13,3.4,32,0,0
97,12,4,11327,7413,7413,3914,3914,3464840,495,2022-10-08,3.4,24,0,0
75,11,4,7452,3689,3689,3763,3763,1215450,330,2022-10-16,3.4,41,0,0
37,18,8,5018,1281,1043,3737,3975,38608020,43758,2022-09-24,3.4,19,0,0
76,11,4,7934,4305,4305,3629,3629,1282975,330,2022-10-20,3.4,47,0,0
90,13,4,7420,3801,3697,3619,3723,2555190,715,2022-10-10,3.4,64,0,0
35,6,5,59410,55971,55971,3439,3439,324632,6,2022-09-22,3.4,11,0,0
89,13,4,7098,3670,3615,3428,3483,2441626,715,2022-10-10,3.4,59,0,0
88,13,4,6668,3534,3487,3134,3181,2331890,715,2022-10-11,3.4,43,0,0
73,11,4,6530,3398,3398,3132,3132,1088430,330,2022-10-20,3.4,40,0,0
25,12,8,6015,2900,2565,3115,3450,1081575,495,2022-10-07,3.4,28,0,0
87,13,4,6447,3407,3360,3040,3087,2225895,715,2022-10-21,3.4,46,0,0
72,11,4,6256,3254,3254,3002,3002,1028790,330,2022-10-15,3.4,29,0,0
68,24,6,3990,1043,1018,2947,2972,109453344,134596,2022-09-28,3.4,10,0,0
86,13,4,6154,3282,3235,2872,2919,2123555,715,2022-10-10,3.4,56,0,0
83,13,4,5368,2708,2580,2660,2788,1837620,715,2022-09-22,3.4,45,0,0
84,13,4,5638,3044,3044,2594,2594,1929501,715,2022-09-22,3.4,41,0,0
46,20,7,3524,987,819,2537,2705,53524680,77520,2022-10-15,3.4,17,0,0
82,13,4,5049,2599,2517,2450,2532,1749060,715,2022-10-08,3.4,52,0,0
69,11,4,5240,2861,2861,2379,2379,864501,330,2022-09-22,3.4,55,0,0
80,13,4,4670,2431,2314,2239,2356,1581580,715,2022-10-13,3.4,32,0,0
68,11,4,4946,2739,2739,2207,2207,814385,330,2022-10-19,3.4,43,0,0
48,7,4,8084,5966,5966,2118,2118,194580,35,2022-10-23,3.4,15,0,0
66,11,4,4398,2304,2226,2094,2172,720720,330,2022-09-22,3.4,38,0,0
79,13,4,4320,2291,2212,2029,2108,1502501,715,2022-09-22,3.4,51,0,0
78,13,4,4187,2196,2160,1991,2027,1426425,715,2022-09-22,3.4,33,0,0
24,7,6,22350,20359,20359,1991,1991,134596,7,2022-10-07,3.4,16,0,0
40,15,6,2858,960,960,1898,1898,3838380,5005,2022-09-22,3.4,14,0,0
33,6,5,42805,40942,40942,1863,1863,237336,6,2022-09-22,3.4,13,0,0
51,19,6,2584,867,843,1717,1741,18009460,27132,2022-09-22,3.4,28,0,0
76,13,4,3640,1976,1976,1664,1664,1282975,715,2022-09-22,3.4,34,0,0
47,18,6,2319,779,779,1540,1540,10737573,18564,2022-10-13,3.4,14,0,0
71,20,5,2542,1009,1009,1533,1533,13019909,15504,2022-10-07,3.4,25,0,0
70,20,5,2466,966,966,1500,1500,12103014,15504,2022-10-01,3.4,25,0,0
72,20,5,2596,1106,1106,1490,1490,13991544,15504,2022-10-10,3.4,18,0,0
73,13,4,3064,1652,1550,1412,1514,1088430,715,2022-09-21,3.4,29,0,0
68,20,5,2115,840,711,1275,1404,10424128,15504,2022-09-28,3.4,15,0,0
70,13,4,2594,1427,1363,1167,1231,916895,715,2022-10-21,3.4,23,0,0
19,8,7,7915,6871,6871,1044,1044,50388,8,2022-10-16,3.4,32,0,0
51,21,6,1408,474,377,934,1031,18009460,54264,2022-10-13,3.4,15,0,0
66,13,4,2046,1133,1133,913,913,720720,715,2022-10-10,3.4,19,0,0
37,23,8,400,152,107,248,293,38608020,490314,2022-10-12,3.4,11,0,0
70,20,7,89882,17252,17252,72630,72630,1198774720,77520,2022-11-08,3.3,3,0,0
57,20,8,89253,17046,14122,72207,75131,1652411475,125970,2022-11-08,3.3,16,0,0
54,19,8,88615,17158,14470,71457,74145,1040465790,75582,2022-11-08,3.3,8,0,0
77,22,7,87696,16685,16685,71011,71011,2404808340,170544,2022-11-17,3.3,3,0,0
60,21,8,83221,15906,14026,67315,69195,2558620845,203490,2022-11-08,3.3,13,0,0
59,17,7,86328,21036,18749,65292,67579,341149446,19448,2022-11-08,3.3,17,0,0
48,17,8,84966,19974,19974,64992,64992,377348994,24310,2022-11-06,3.3,11,0,0
55,16,7,85745,20804,18367,64941,67378,202927725,11440,2022-11-08,3.3,10,0,0
83,18,6,85294,20511,20511,64783,64783,377447148,18564,2022-11-08,3.3,3,0,0
88,19,6,84545,20509,20509,64036,64036,541931236,27132,2022-11-08,3.3,7,0,0
93,20,6,84431,20493,20493,63938,63938,762245484,38760,2022-11-08,3.3,3,0,0
64,14,6,90146,26675,26675,63471,63471,74974368,3003,2022-11-08,3.3,4,0,0
68,15,6,87784,24585,24585,63199,63199,109453344,5005,2022-11-08,3.3,4,0,0
46,13,7,97672,35190,33120,62482,64552,53524680,1716,2022-11-06,3.3,13,0,0
65,19,7,78082,15741,15741,62341,62341,696190560,50388,2022-11-08,3.3,17,0,0
65,23,8,74078,12334,11570,61744,62508,5047381560,490314,2022-11-08,3.3,15,0,0
72,16,6,84232,22685,22685,61547,61547,156238908,8008,2022-11-08,3.3,4,0,0
45,16,8,81955,20478,20478,61477,61477,215553195,12870,2022-11-06,3.3,15,0,0
98,21,6,81696,20599,20599,61097,61097,1052618392,54264,2022-11-08,3.3,4,0,0
68,24,8,71601,11589,11589,60012,60012,7392009768,735471,2022-11-08,3.3,3,0,0
75,22,7,73653,13818,13818,59835,59835,1984829850,170544,2022-11-17,3.3,6,0,0
88,13,5,92024,32642,32642,59382,59382,39175752,1287,2022-11-08,3.3,3,0,0
71,16,6,77542,18185,18185,59357,59357,143218999,8008,2022-11-08,3.3,7,0,0
97,21,6,78283,19179,19179,59104,59104,988172368,54264,2022-11-08,3.3,4,0,0
74,11,5,93993,34969,34969,59024,59024,16108764,462,2022-11-01,3.3,3,0,0
51,15,7,79486,20513,18133,58973,61353,115775100,6435,2022-11-08,3.3,13,0,0
53,19,8,73867,15354,12863,58513,61004,886322710,75582,2022-11-08,3.3,8,0,0
67,15,6,81125,23062,23062,58063,58063,99795696,5005,2022-11-08,3.3,3,0,0
81,12,5,91675,33777,33777,57898,57898,25621596,792,2022-11-08,3.3,3,0,0
86,19,6,75602,18169,18169,57433,57433,470155077,27132,2022-11-08,3.3,5,0,0
87,19,6,76897,19585,19585,57312,57312,504981379,27132,2022-11-08,3.3,7,0,0
96,21,6,74718,18373,18373,56345,56345,927048304,54264,2022-11-08,3.3,4,0,0
94,14,5,83785,27623,27623,56162,56162,54891018,2002,2022-11-08,3.3,3,0,0
95,14,5,87751,31948,31948,55803,55803,57940519,2002,2022-11-08,3.3,4,0,0
50,18,8,70909,15592,12875,55317,58034,536878650,43758,2022-11-06,3.3,9,0,0
87,13,5,86407,31180,31180,55227,55227,36949857,1287,2022-11-08,3.3,4,0,0
48,14,7,79980,24906,24906,55074,55074,73629072,3432,2022-11-06,3.3,22,0,0
93,14,5,81161,26426,26426,54735,54735,51971283,2002,2022-11-08,3.3,4,0,0
47,17,8,69500,15668,13213,53832,56287,314457495,24310,2022-11-06,3.3,7,0,0
57,17,7,69073,15622,14975,53451,54098,264385836,19448,2022-11-08,3.3,8,0,0
73,11,5,86237,33209,33209,53028,53028,15020334,462,2022-11-01,3.3,3,0,0
70,16,6,70825,18677,16726,52148,54099,131115985,8008,2022-11-08,3.3,30,0,0
85,13,5,76635,25585,25585,51050,51050,32801517,1287,2022-11-08,3.3,3,0,0
79,12,5,81520,30580,30580,50940,50940,22537515,792,2022-11-08,3.3,3,0,0
92,14,5,76143,25208,25208,50935,50935,49177128,2002,2022-11-08,3.3,3,0,0
60,18,7,64914,14057,14057,50857,50857,386206920,31824,2022-11-08,3.3,12,0,0
85,19,6,68023,17332,17332,50691,50691,437353560,27132,2022-11-08,3.3,5,0,0
52,19,8,62781,12092,11479,50689,51302,752538150,75582,2022-11-08,3.3,6,0,0
67,10,5,90701,40341,40341,50360,50360,9657648,252,2022-11-23,3.3,6,0,0
64,19,7,64794,14454,14454,50340,50340,621216192,50388,2022-11-13,3.3,8,0,0
61,22,8,61530,11363,10642,50167,50888,2944827765,319770,2022-11-08,3.3,13,0,0
44,16,8,66342,16935,16935,49407,49407,177232627,12870,2022-11-06,3.3,11,0,0
99,22,6,65815,16506,16506,49309,49309,1120529256,74613,2022-11-09,3.3,5,0,0
80,18,6,67247,18632,17125,48615,50122,300500200,18564,2022-11-08,3.3,16,0,0
53,16,7,64243,15814,14529,48429,49714,154143080,11440,2022-11-08,3.3,6,0,0
98,22,6,64053,15805,15805,48248,48248,1052618392,74613,2022-11-09,3.3,5,0,0
91,14,5,71968,24031,24031,47937,47937,46504458,2002,2022-11-08,3.3,3,0,0
84,13,5,72217,24360,24360,47857,47857,30872016,1287,2022-11-08,3.3,4,0,0
73,22,7,59301,11481,11481,47820,47820,1629348612,170544,2022-11-22,3.3,40,0,0
97,22,6,62261,14758,14758,47503,47503,988172368,74613,2022-11-08,3.3,4,0,0
49,18,8,60428,12969,11363,47459,49065,450978066,43758,2022-11-06,3.3,9,0,0
47,14,7,68989,21563,21563,47426,47426,62891499,3432,2022-11-06,3.3,17,0,0
94,21,6,63603,16343,16343,47260,47260,814216767,54264,2022-11-08,3.3,4,0,0
66,24,8,55641,9499,9499,46142,46142,5743572120,735471,2022-11-08,3.3,18,0,0
78,12,5,74299,29075,29075,45224,45224,21111090,792,2022-11-08,3.3,5,0,0
60,22,8,53738,9603,9603,44135,44135,2558620845,319770,2022-11-08,3.3,10,0,0
79,24,7,54589,10629,10629,43960,43960,2898753715,346104,2022-11-08,3.3,24,0,0
98,15,5,67490,24082,24082,43408,43408,67910864,3003,2022-11-08,3.3,3,0,0
66,20,7,55527,12207,12207,43320,43320,778789440,77520,2022-11-08,3.3,24,0,0
63,23,8,52427,9629,9629,42798,42798,3872894697,490314,2022-11-08,3.3,7,0,0
83,13,5,66520,23783,23170,42737,43350,29034396,1287,2022-11-08,3.3,16,0,0
49,15,7,58246,16007,13979,42239,44267,85900584,6435,2022-11-18,3.3,11,0,0
68,16,6,56959,15662,14336,41297,42623,109453344,8008,2022-11-08,3.3,30,0,0
46,14,7,59164,17937,15857,41227,43307,53524680,3432,2022-11-17,3.3,15,0,0
99,23,6,53544,12771,12771,40773,40773,1120529256,100947,2022-11-09,3.3,5,0,0
82,19,6,54898,14450,14450,40448,40448,350161812,27132,2022-11-08,3.3,27,0,0
89,14,5,62814,22467,22168,40347,40646,41507642,2002,2022-11-08,3.3,16,0,0
65,24,8,48849,8811,8811,40038,40038,5047381560,735471,2022-11-08,3.3,14,0,0
58,18,7,50207,11240,11240,38967,38967,300674088,31824,2022-11-08,3.3,17,0,0
94,22,6,51424,12562,12549,38862,38875,814216767,74613,2022-11-08,3.3,7,0,0
56,21,8,47070,8486,8486,38584,38584,1420494075,203490,2022-11-08,3.3,10,0,0
74,23,7,46913,9119,7690,37794,39223,1799579064,245157,2022-11-08,3.3,43,0,0
88,14,5,59164,21416,21120,37748,38044,39175752,2002,2022-11-08,3.3,14,0,0
99,8,4,92672,56133,56133,36539,36539,3764376,70,2022-11-21,3.3,4,0,0
97,23,6,48174,11742,11742,36432,36432,988172368,100947,2022-11-08,3.3,28,0,0
66,16,6,48167,12355,12355,35812,35812,90858768,8008,2022-11-08,3.3,31,0,0
45,17,8,45672,11269,9895,34403,35777,215553195,24310,2022-11-06,3.3,7,0,0
97,8,4,84297,50052,50052,34245,34245,3464840,70,2022-11-21,3.3,6,0,0
50,19,8,42448,8219,8219,34229,34229,536878650,75582,2022-11-06,3.3,13,0,0
67,21,7,42387,9626,9626,32761,32761,869648208,116280,2022-11-08,3.3,18,0,0
55,21,8,40239,7541,7541,32698,32698,1217566350,203490,2022-11-08,3.3,8,0,0
42,16,8,44002,11325,9968,32677,34034,118030185,12870,2022-11-17,3.3,10,0,0
58,22,8,39668,7314,7158,32354,32510,1916797311,319770,2022-11-08,3.3,9,0,0
95,23,6,42309,10095,8687,32214,33622,869107785,100947,2022-11-08,3.3,10,0,0
47,18,8,40990,8805,8288,32185,32702,314457495,43758,2022-11-06,3.3,9,0,0
91,15,5,48522,16581,15762,31941,32760,46504458,3003,2022-11-08,3.3,26,0,0
47,15,7,42317,10873,10873,31444,31444,62891499,6435,2022-11-06,3.3,8,0,0
96,8,4,79426,48540,48540,30886,30886,3321960,70,2022-11-21,3.3,5,0,0
72,12,5,49444,18708,18708,30736,30736,13991544,792,2022-11-08,3.3,12,0,0
53,17,7,40068,9375,9375,30693,30693,154143080,19448,2022-11-08,3.3,8,0,0
60,23,8,36803,6997,6514,29806,30289,2558620845,490314,2022-11-08,3.3,7,0,0
72,23,7,37312,7579,6305,29733,31007,1473109704,245157,2022-11-08,3.3,32,0,0
82,7,4,80205,50606,50606,29599,29599,1749060,35,2022-10-27,3.3,6,0,0
66,21,7,37731,8439,7132,29292,30599,778789440,116280,2022-11-08,3.3,15,0,0
79,19,6,40892,11676,11676,29216,29216,277962685,27132,2022-11-08,3.3,32,0,0
57,22,8,35339,6537,6384,28802,28955,1652411475,319770,2022-11-08,3.3,13,0,0
74,18,6,39225,11285,11281,27940,27944,185250786,18564,2022-11-08,3.3,31,0,0
49,19,8,35095,7229,7229,27866,27866,450978066,75582,2022-11-06,3.3,13,0,0
93,23,6,36721,9236,7918,27485,28803,762245484,100947,2022-11-08,3.3,25,0,0
39,15,8,38994,11934,9826,27060,29168,61523748,6435,2022-11-15,3.3,11,0,0
46,18,8,34210,7207,7207,27003,27003,260932815,43758,2022-11-06,3.3,14,0,0
71,23,7,33191,6591,5847,26600,27344,1329890705,245157,2022-11-08,3.3,34,0,0
88,22,6,35217,8636,7708,26581,27509,541931236,74613,2022-11-08,3.3,24,0,0
51,8,5,69136,43172,43172,25964,25964,2349060,56,2022-11-13,3.3,27,0,0
52,17,7,34374,8424,8424,25950,25950,133784560,19448,2022-11-08,3.3,12,0,0
92,23,6,34509,8588,7596,25921,26913,713068356,100947,2022-11-08,3.3,33,0,0
88,15,5,40097,14256,13781,25841,26316,39175752,3003,2022-11-08,3.3,27,0,0
99,17,5,38377,12702,12702,25675,25675,71523144,6188,2022-11-09,3.3,21,0,0
65,21,7,32586,7825,6114,24761,26472,696190560,116280,2022-11-08,3.3,22,0,0
56,22,8,30376,5835,5695,24541,24681,1420494075,319770,2022-11-08,3.3,10,0,0
48,19,8,30842,6395,5932,24447,24910,377348994,75582,2022-11-06,3.3,16,0,0
87,15,5,37949,13758,13079,24191,24870,36949857,3003,2022-11-08,3.3,23,0,0
73,24,7,29937,5752,5354,24185,24583,1629348612,346104,2022-11-08,3.3,29,0,0
91,23,6,31805,7902,7011,23903,24794,666563898,100947,2022-11-08,3.3,26,0,0
98,17,5,36142,12303,12302,23839,23840,67910864,6188,2022-11-08,3.3,14,0,0
70,23,7,29665,6215,5509,23450,24156,1198774720,245157,2022-11-08,3.3,39,0,0
84,21,6,32449,9032,7756,23417,24693,406481544,54264,2022-11-08,3.3,9,0,0
86,22,6,30969,7580,6728,23389,24241,470155077,74613,2022-11-08,3.3,25,0,0
95,24,6,30697,7525,6912,23172,23785,869107785,134596,2022-11-08,3.3,23,0,0
67,17,6,32466,9723,9723,22743,22743,99795696,12376,2022-11-08,3.3,27,0,0
90,23,6,29819,7236,6715,22583,23104,622614630,100947,2022-11-08,3.3,25,0,0
94,24,6,29150,7223,6639,21927,22511,814216767,134596,2022-11-08,3.3,17,0,0
58,23,8,27115,5334,5334,21781,21781,1916797311,490314,2022-11-08,3.3,14,0,0
89,23,6,27804,6672,6362,21132,21442,581106988,100947,2022-11-08,3.3,39,0,0
93,24,6,27688,6619,6355,21069,21333,762245484,134596,2022-11-08,3.3,34,0,0
50,20,8,26400,5488,5385,20912,21015,536878650,125970,2022-11-06,3.3,12,0,0
55,22,8,26033,5183,5183,20850,20850,1217566350,319770,2022-11-08,3.3,13,0,0
90,16,5,32109,11352,11352,20757,20757,43949268,4368,2022-11-08,3.3,19,0,0
48,16,7,28436,7944,7944,20492,20492,73629072,11440,2022-11-06,3.3,14,0,0
69,23,7,25848,5388,5091,20460,20757,1078897248,245157,2022-11-08,3.3,25,0,0
96,17,5,31757,11368,11368,20389,20389,61124064,6188,2022-11-08,3.3,19,0,0
60,20,7,26742,6372,5349,20370,21393,386206920,77520,2022-11-08,3.3,7,0,0
75,19,6,29090,8799,7532,20291,21558,201359550,27132,2022-11-13,3.3,22,0,0
97,9,4,48227,28195,28195,20032,20032,3464840,126,2022-10-25,3.3,38,0,0
84,22,6,26392,6384,6129,20008,20263,406481544,74613,2022-11-08,3.3,20,0,0
92,24,6,25873,6084,5842,19789,20031,713068356,134596,2022-11-08,3.3,20,0,0
50,8,5,59210,39550,39550,19660,19660,2118760,56,2022-11-13,3.3,16,0,0
57,23,8,24118,4746,4387,19372,19731,1652411475,490314,2022-11-08,3.3,8,0,0
91,24,6,24931,5597,5597,19334,19334,666563898,134596,2022-11-08,3.3,22,0,0
87,23,6,24818,5814,5576,19004,19242,504981379,100947,2022-11-08,3.3,37,0,0
83,15,5,29808,10923,10923,18885,18885,29034396,3003,2022-11-08,3.3,21,0,0
99,18,5,28311,9449,8657,18862,19654,71523144,8568,2022-11-09,3.3,23,0,0
83,22,6,24582,5792,5558,18790,19024,377447148,74613,2022-11-08,3.3,35,0,0
94,17,5,28605,9870,9096,18735,19509,54891018,6188,2022-11-08,3.3,16,0,0
80,21,6,24924,6366,6126,18558,18798,300500200,54264,2022-11-08,3.3,34,0,0
68,23,7,22997,4701,4423,18296,18574,969443904,245157,2022-11-08,3.3,20,0,0
65,17,6,25958,7709,6883,18249,19075,82598880,12376,2022-11-08,3.3,17,0,0
77,20,6,25388,7315,6484,18073,18904,237093780,38760,2022-11-08,3.3,34,0,0
54,22,8,22355,4338,4257,18017,18098,1040465790,319770,2022-11-08,3.3,11,0,0
86,23,6,23232,5318,5318,17914,17914,470155077,100947,2022-11-08,3.3,31,0,0
65,22,7,22996,5106,4748,17890,18248,696190560,170544,2022-11-08,3.3,19,0,0
92,17,5,26172,8865,8313,17307,17859,49177128,6188,2022-11-08,3.3,33,0,0
97,18,5,25787,8526,7976,17261,17811,64446024,8568,2022-11-08,3.3,22,0,0
74,7,4,50484,33448,33448,17036,17036,1150626,35,2022-11-01,3.3,27,0,0
59,20,7,22561,5567,4909,16994,17652,341149446,77520,2022-11-08,3.3,9,0,0
79,21,6,22792,5843,5843,16949,16949,277962685,54264,2022-11-08,3.3,25,0,0
41,17,8,21644,4740,4740,16904,16904,95548245,24310,2022-11-17,3.3,12,0,0
73,19,6,24213,7639,6486,16574,17727,170230452,27132,2022-11-17,3.3,37,0,0
82,22,6,21788,5293,5293,16495,16495,350161812,74613,2022-11-08,3.3,24,0,0
23,9,8,71811,55323,55323,16488,16488,490314,9,2022-11-22,3.3,23,0,0
51,21,8,20602,4185,4056,16417,16546,636763050,203490,2022-11-08,3.3,24,0,0
61,21,7,20769,4471,4114,16298,16655,436270780,116280,2022-11-08,3.3,14,0,0
52,18,7,21664,5504,4611,16160,17053,133784560,31824,2022-11-08,3.3,11,0,0
64,22,7,20498,4364,4094,16134,16404,621216192,170544,2022-11-08,3.3,13,0,0
96,18,5,23733,7723,7723,16010,16010,61124064,8568,2022-11-08,3.3,20,0,0
48,20,8,20009,4222,3903,15787,16106,377348994,125970,2022-11-06,3.3,8,0,0
46,16,7,21230,5667,4779,15563,16451,53524680,11440,2022-11-06,3.3,10,0,0
58,20,7,20216,4742,4472,15474,15744,300674088,77520,2022-11-08,3.3,12,0,0
91,17,5,23821,8405,7891,15416,15930,46504458,6188,2022-11-08,3.3,22,0,0
56,23,8,19409,3994,3916,15415,15493,1420494075,490314,2022-11-08,3.3,16,0,0
95,18,5,22701,7300,7300,15401,15401,57940519,8568,2022-11-08,3.3,19,0,0
88,24,6,19921,4650,4620,15271,15301,541931236,134596,2022-11-08,3.3,16,0,0
78,21,6,20730,5494,5264,15236,15466,256851595,54264,2022-11-08,3.3,20,0,0
69,24,7,18794,3758,3758,15036,15036,1078897248,346104,2022-11-08,3.3,18,0,0
79,15,5,23395,8364,7837,15031,15558,22537515,3003,2022-11-08,3.3,43,0,0
72,19,6,21985,6969,6162,15016,15823,156238908,27132,2022-11-17,3.3,71,0,0
63,17,6,21554,6549,5789,15005,15765,67945521,12376,2022-11-08,3.3,20,0,0
53,22,8,18815,3855,3730,14960,15085,886322710,319770,2022-11-08,3.3,14,0,0
58,11,5,25250,10314,10314,14936,14936,4582116,462,2022-11-13,3.3,14,0,0
81,22,6,19980,5052,5052,14928,14928,324540216,74613,2022-11-08,3.3,31,0,0
49,8,5,51448,36542,36542,14906,14906,1906884,56,2022-11-02,3.3,20,0,0
66,23,7,18474,3860,3748,14614,14726,778789440,245157,2022-11-08,3.3,33,0,0
90,17,5,22696,8132,7629,14564,15067,43949268,6188,2022-11-08,3.3,25,0,0
87,24,6,18718,4408,4408,14310,14310,504981379,134596,2022-11-08,3.3,18,0,0
83,23,6,18322,4360,4360,13962,13962,377447148,100947,2022-11-08,3.3,35,0,0
55,23,8,17519,3559,2626,13960,14893,1217566350,490314,2022-11-08,3.3,10,0,0
80,22,6,18715,4804,4804,13911,13911,300500200,74613,2022-11-08,3.3,17,0,0
47,8,5,41988,28106,28106,13882,13882,1533939,56,2022-11-02,3.3,31,0,0
89,17,5,21021,7199,7199,13822,13822,41507642,6188,2022-11-08,3.3,20,0,0
98,19,5,20415,6618,6618,13797,13797,67910864,11628,2022-11-08,3.3,34,0,0
93,18,5,20238,6686,6686,13552,13552,51971283,8568,2022-11-08,3.3,26,0,0
88,17,5,20403,6958,6958,13445,13445,39175752,6188,2022-11-08,3.3,20,0,0
63,22,7,17188,3849,3772,13339,13416,553270671,170544,2022-11-08,3.3,9,0,0
68,24,7,16678,3468,3468,13210,13210,969443904,346104,2022-11-08,3.3,23,0,0
54,19,7,17472,4437,3843,13035,13629,177100560,50388,2022-11-08,3.3,15,0,0
74,20,6,18538,5517,5232,13021,13306,185250786,38760,2022-11-08,3.3,22,0,0
82,23,6,16943,4165,4165,12778,12778,350161812,100947,2022-11-08,3.3,31,0,0
87,17,5,19235,6551,6551,12684,12684,36949857,6188,2022-11-08,3.3,20,0,0
40,17,8,16697,4085,4085,12612,12612,76904685,24310,2022-11-18,3.3,11,0,0
97,19,5,19013,6402,6402,12611,12611,64446024,11628,2022-11-08,3.3,43,0,0
79,22,6,16924,4324,4324,12600,12600,277962685,74613,2022-11-08,3.3,38,0,0
65,23,7,16030,3454,3454,12576,12576,696190560,245157,2022-11-08,3.3,18,0,0
85,24,6,16128,4013,4013,12115,12115,437353560,134596,2022-11-08,3.3,17,0,0
70,19,6,17661,5707,5254,11954,12407,131115985,27132,2022-11-17,3.3,38,0,0
60,17,6,16300,4532,4532,11768,11768,50063860,12376,2022-11-08,3.3,20,0,0
68,7,4,36154,24412,24412,11742,11742,814385,35,2022-11-01,3.3,36,0,0
45,8,5,35284,23586,23586,11698,11698,1221759,56,2022-11-20,3.3,25,0,0
91,18,5,17953,6264,6264,11689,11689,46504458,8568,2022-11-24,3.3,24,0,0
29,10,7,25791,14167,13706,11624,12085,1560780,120,2022-11-20,3.3,36,0,0
54,23,8,14693,3111,2372,11582,12321,1040465790,490314,2022-11-08,3.3,12,0,0
67,24,7,14728,3270,3270,11458,11458,869648208,346104,2022-11-08,3.3,24,0,0
81,23,6,15356,3959,3959,11397,11397,324540216,100947,2022-11-08,3.3,33,0,0
69,19,6,16431,5146,4929,11285,11502,119877472,27132,2022-11-17,3.3,54,0,0
85,17,5,17214,5960,5960,11254,11254,32801517,6188,2022-11-08,3.3,19,0,0
61,22,7,14444,3233,3233,11211,11211,436270780,170544,2022-11-21,3.3,12,0,0
96,19,5,17112,6059,6059,11053,11053,61124064,11628,2022-11-08,3.3,30,0,0
56,24,8,13725,2702,2261,11023,11464,1420494075,735471,2022-11-08,3.3,5,0,0
99,20,5,16145,5391,4703,10754,11442,71523144,15504,2022-11-09,3.3,17,0,0
84,17,5,16343,5772,5772,10571,10571,30872016,6188,2022-11-08,3.3,44,0,0
46,17,7,13920,3372,3174,10548,10746,53524680,19448,2022-11-24,3.3,18,0,0
66,24,7,13308,2855,2783,10453,10525,778789440,346104,2022-11-08,3.3,18,0,0
36,10,6,20862,10710,10710,10152,10152,1947792,210,2022-11-08,3.3,47,0,0
74,21,6,13876,4053,4053,9823,9823,185250786,54264,2022-11-08,3.3,35,0,0
48,21,8,12486,2800,2124,9686,10362,377348994,203490,2022-11-13,3.3,21,0,0
83,17,5,15048,5405,5405,9643,9643,29034396,6188,2022-11-08,3.3,22,0,0
87,18,5,14568,4940,4428,9628,10140,36949857,8568,2022-11-08,3.3,18,0,0
93,19,5,14733,5106,4557,9627,10176,51971283,11628,2022-11-24,3.3,38,0,0
51,19,7,12351,2843,2843,9508,9508,115775100,50388,2022-11-24,3.3,15,0,0
91,19,5,14088,4646,4143,9442,9945,46504458,11628,2022-11-08,3.3,29,0,0
92,19,5,14328,4949,4407,9379,9921,49177128,11628,2022-11-08,3.3,31,0,0
79,23,6,12699,3401,3401,9298,9298,277962685,100947,2022-11-08,3.3,34,0,0
76,22,6,12734,3545,3517,9189,9217,218618940,74613,2022-11-08,3.3,35,0,0
67,19,6,13265,4183,4165,9082,9100,99795696,27132,2022-11-13,3.3,28,0,0
90,19,5,13362,4382,4008,8980,9354,43949268,11628,2022-10-27,3.3,37,0,0
99,21,5,12832,3909,3791,8923,9041,71523144,20349,2022-11-09,3.3,27,0,0
96,20,5,13467,4656,4152,8811,9315,61124064,15504,2022-11-08,3.3,14,0,0
95,20,5,12967,4256,4019,8711,8948,57940519,15504,2022-11-08,3.3,22,0,0
94,20,5,12661,4005,3892,8656,8769,54891018,15504,2022-11-08,3.3,17,0,0
78,16,5,13888,5582,5582,8306,8306,21111090,4368,2022-11-04,3.3,25,0,0
80,24,6,10842,2854,2407,7988,8435,300500200,134596,2022-11-22,3.3,30,0,0
77,23,6,10763,2940,2488,7823,8275,237093780,100947,2022-11-08,3.3,33,0,0
77,16,5,13042,5246,5246,7796,7796,19757815,4368,2022-11-04,3.3,26,0,0
92,20,5,11116,3529,3529,7587,7587,49177128,15504,2022-11-08,3.3,20,0,0
84,18,5,11647,4219,3874,7428,7773,30872016,8568,2022-11-08,3.3,18,0,0
47,21,8,9598,2209,1833,7389,7765,314457495,203490,2022-11-13,3.3,22,0,0
26,9,7,26532,19347,19347,7185,7185,657800,36,2022-11-23,3.3,45,0,0
61,7,4,22534,15425,15425,7109,7109,521855,35,2022-11-01,3.3,31,0,0
95,21,5,10280,3235,3235,7045,7045,57940519,20349,2022-11-08,3.3,37,0,0
99,22,5,10092,3173,3173,6919,6919,71523144,26334,2022-11-09,3.3,24,0,0
63,19,6,9979,3084,3084,6895,6895,67945521,27132,2022-11-20,3.3,47,0,0
50,11,5,11874,4991,4991,6883,6883,2118760,462,2022-11-01,3.3,11,0,0
39,15,7,9311,2894,2717,6417,6594,15380937,6435,2022-11-13,3.3,16,0,0
98,22,5,9232,2973,2967,6259,6265,67910864,26334,2022-11-08,3.3,24,0,0
94,21,5,9354,3147,3147,6207,6207,54891018,20349,2022-11-08,3.3,28,0,0
83,11,4,11668,5569,5569,6099,6099,1837620,330,2022-11-20,3.3,32,0,0
84,11,4,12390,6407,6407,5983,5983,1929501,330,2022-11-01,3.3,36,0,0
73,23,6,7764,2111,1873,5653,5891,170230452,100947,2022-11-08,3.3,23,0,0
88,20,5,8522,2904,2904,5618,5618,39175752,15504,2022-11-08,3.3,19,0,0
61,19,6,8176,2569,2164,5607,6012,55525372,27132,2022-11-04,3.3,25,0,0
74,16,5,9897,4302,3830,5595,6067,16108764,4368,2022-11-04,3.3,18,0,0
76,24,6,7493,1954,1850,5539,5643,218618940,134596,2022-11-22,3.3,23,0,0
45,18,7,7319,1918,1918,5401,5401,45379620,31824,2022-11-13,3.3,14,0,0
60,19,6,7640,2299,1917,5341,5723,50063860,27132,2022-11-20,3.3,34,0,0
57,13,5,9009,3684,3377,5325,5632,4187106,1287,2022-11-07,3.3,35,0,0
73,16,5,9146,4011,3682,5135,5464,15020334,4368,2022-11-04,3.3,25,0,0
83,19,5,7950,2866,2849,5084,5101,29034396,11628,2022-11-08,3.3,26,0,0
90,21,5,7400,2576,2576,4824,4824,43949268,20349,2022-11-08,3.3,24,0,0
49,23,8,6080,1439,1159,4641,4921,450978066,490314,2022-11-22,3.3,15,0,0
85,20,5,7108,2521,2521,4587,4587,32801517,15504,2022-11-08,3.3,28,0,0
84,20,5,6552,2352,2021,4200,4531,30872016,15504,2022-11-08,3.3,25,0,0
95,13,4,9035,4926,4867,4109,4168,3183545,715,2022-11-22,3.3,64,0,0
53,22,7,5297,1325,1010,3972,4287,154143080,170544,2022-11-21,3.3,9,0,0
34,14,7,5926,1963,1815,3963,4111,5379616,3432,2022-11-07,3.3,20,0,0
46,11,5,7180,3237,3049,3943,4131,1370754,462,2022-11-02,3.3,22,0,0
36,12,6,6277,2406,2406,3871,3871,1947792,924,2022-11-03,3.3,18,0,0
68,23,6,5116,1307,1307,3809,3809,109453344,100947,2022-11-08,3.3,11,0,0
91,13,4,7744,3941,3836,3803,3908,2672670,715,2022-11-04,3.3,49,0,0
80,19,5,6089,2480,2480,3609,3609,24040016,11628,2022-11-08,3.3,31,0,0
67,23,6,4809,1224,1224,3585,3585,99795696,100947,2022-11-08,3.3,8,0,0
71,24,6,4883,1308,1308,3575,3575,143218999,134596,2022-11-22,3.3,22,0,0
82,20,5,5641,2100,1874,3541,3767,27285336,15504,2022-11-08,3.3,11,0,0
70,16,5,6552,3041,3041,3511,3511,12103014,4368,2022-11-02,3.3,17,0,0
45,19,7,4736,1282,969,3454,3767,45379620,50388,2022-11-23,3.3,14,0,0
79,19,5,5657,2291,1967,3366,3690,22537515,11628,2022-11-08,3.3,31,0,0
53,13,5,5612,2475,2475,3137,3137,2869685,1287,2022-11-13,3.3,15,0,0
37,16,7,4166,1212,1212,2954,2954,10295472,11440,2022-11-13,3.3,18,0,0
40,17,7,4206,1309,1309,2897,2897,18643560,19448,2022-11-13,3.3,18,0,0
80,20,5,4651,1816,1664,2835,2987,24040016,15504,2022-11-08,3.3,10,0,0
44,11,5,5435,2652,2496,2783,2939,1086008,462,2022-11-13,3.3,26,0,0
79,20,5,4294,1671,1608,2623,2686,22537515,15504,2022-11-08,3.3,23,0,0
54,19,6,3709,1157,1157,2552,2552,25827165,27132,2022-11-20,3.3,40,0,0
44,19,7,3617,1128,853,2489,2764,38320568,50388,2022-11-20,3.3,11,0,0
53,19,6,3429,1066,1066,2363,2363,22957480,27132,2022-11-13,3.3,24,0,0
52,19,6,3085,939,917,2146,2168,20358520,27132,2022-11-13,3.3,30,0,0
54,24,7,2794,754,603,2040,2191,177100560,346104,2022-11-23,3.3,30,0,0
97,17,4,3570,1644,1541,1926,2029,3464840,2380,2022-11-17,3.3,21,0,0
43,19,7,2774,935,768,1839,2006,32224114,50388,2022-11-20,3.3,10,0,0
42,11,5,3999,2162,2100,1837,1899,850668,462,2022-11-11,3.3,21,0,0
77,13,4,3947,2139,2068,1808,1879,1353275,715,2022-11-22,3.3,24,0,0
35,9,5,4774,2975,2975,1799,1799,324632,126,2022-10-26,3.3,18,0,0
41,11,5,3642,1879,1879,1763,1763,749398,462,2022-11-13,3.3,32,0,0
53,24,7,2390,701,561,1689,1829,154143080,346104,2022-11-17,3.3,24,0,0
40,11,5,3332,1691,1691,1641,1641,658008,462,2022-11-04,3.3,50,0,0
63,24,6,2279,709,696,1570,1583,67945521,134596,2022-11-21,3.3,25,0,0
39,18,7,2233,681,540,1552,1693,15380937,31824,2022-11-13,3.3,29,0,0
50,19,6,2348,798,798,1550,1550,15890700,27132,2022-11-13,3.3,18,0,0
42,22,8,2048,524,524,1524,1524,118030185,319770,2022-11-06,3.3,8,0,0
74,13,4,3355,1839,1839,1516,1516,1150626,715,2022-11-18,3.3,28,0,0
39,11,5,2894,1390,1280,1504,1614,575757,462,2022-11-22,3.3,38,0,0
91,17,4,2745,1269,1269,1476,1476,2672670,2380,2022-11-17,3.3,22,0,0
37,10,5,3346,1954,1954,1392,1392,435897,252,2022-11-22,3.3,29,0,0
45,13,5,2392,1056,1056,1336,1336,1221759,1287,2022-11-13,3.3,22,0,0
71,13,4,2803,1502,1404,1301,1399,971635,715,2022-11-05,3.3,25,0,0
38,11,5,2510,1230,1127,1280,1383,501942,462,2022-11-02,3.3,30,0,0
48,19,6,1856,630,609,1226,1247,12271512,27132,2022-11-05,3.3,26,0,0
28,13,7,2019,922,922,1097,1097,1184040,1716,2022-11-04,3.3,18,0,0
37,11,5,2175,1090,1043,1085,1132,435897,462,2022-11-04,3.3,33,0,0
44,13,5,2054,985,985,1069,1069,1086008,1287,2022-11-13,3.3,23,0,0
39,19,7,1374,456,409,918,965,15380937,50388,2022-11-23,3.3,14,0,0
39,22,8,1186,321,321,865,865,61523748,319770,2022-11-03,3.3,19,0,0
41,20,7,1262,441,406,821,856,22481940,77520,2022-11-04,3.3,15,0,0
49,21,6,1071,364,292,707,779,13983816,54264,2022-11-05,3.3,21,0,0
37,19,7,826,300,273,526,553,10295472,50388,2022-11-23,3.3,10,0,0
84,6,3,5095,4886,4886,209,209,95284,20,2022-11-22,3.3,15,0,0
49,17,8,99232,22898,22898,76334,76334,450978066,24310,2022-12-01,3.2,6,0,0
81,23,7,91384,16919,16919,74465,74465,3477216600,245157,2022-12-08,3.2,3,0,0
66,19,7,88889,16962,16962,71927,71927,778789440,50388,2022-12-03,3.2,6,0,0
43,15,8,95721,25689,25689,70032,70032,145008513,6435,2022-12-04,3.2,11,0,0
51,18,8,86970,17561,14884,69409,72086,636763050,43758,2022-12-01,3.2,10,0,0
99,21,6,90137,21483,21483,68654,68654,1120529256,54264,2022-12-08,3.2,7,0,0
73,16,6,93167,24551,24551,68616,68616,170230452,8008,2022-12-01,3.2,5,0,0
63,22,8,80696,13926,13926,66770,66770,3872894697,319770,2022-12-01,3.2,4,0,0
94,20,6,85967,21418,21418,64549,64549,814216767,38760,2022-12-03,3.2,4,0,0
58,17,7,78484,18560,17165,59924,61319,300674088,19448,2022-12-01,3.2,9,0,0
42,15,8,80910,20995,20995,59915,59915,118030185,6435,2022-12-03,3.2,12,0,0
59,21,8,72129,13323,12565,58806,59564,2217471399,203490,2022-12-01,3.2,16,0,0
61,18,7,73273,15359,15359,57914,57914,436270780,31824,2022-12-01,3.2,20,0,0
58,21,8,62988,11283,10653,51705,52335,1916797311,203490,2022-12-03,3.2,16,0,0
56,17,7,60162,13625,13625,46537,46537,231917400,19448,2022-12-01,3.2,8,0,0
63,19,7,58955,12793,12793,46162,46162,553270671,50388,2022-12-03,3.2,16,0,0
76,23,7,56211,11040,11040,45171,45171,2186189400,245157,2022-12-01,3.2,34,0,0
57,21,8,54587,9509,9509,45078,45078,1652411475,203490,2022-12-01,3.2,13,0,0
59,18,7,55559,12358,12358,43201,43201,341149446,31824,2022-12-01,3.2,26,0,0
43,16,8,56880,13908,11463,42972,45417,145008513,12870,2022-12-03,3.2,16,0,0
74,17,6,59019,17460,16028,41559,42991,185250786,12376,2022-12-03,3.2,22,0,0
78,24,7,50080,9555,8086,40525,41994,2641902120,346104,2022-12-01,3.2,13,0,0
55,17,7,52333,11926,11926,40407,40407,202927725,19448,2022-12-01,3.2,11,0,0
62,19,7,51616,11836,11836,39780,39780,491796152,50388,2022-12-03,3.2,14,0,0
53,20,8,45470,8351,8351,37119,37119,886322710,125970,2022-12-01,3.2,9,0,0
45,14,7,52358,15365,14156,36993,38202,45379620,3432,2022-12-14,3.2,20,0,0
77,24,7,44964,8939,7530,36025,37434,2404808340,346104,2022-12-01,3.2,19,0,0
98,8,4,87543,51610,51610,35933,35933,3612280,70,2022-12-08,3.2,8,0,0
51,16,7,46610,11424,11424,35186,35186,115775100,11440,2022-12-08,3.2,13,0,0
61,19,7,45286,10306,10255,34980,35031,436270780,50388,2022-12-03,3.2,13,0,0
99,16,5,52500,17672,16818,34828,35682,71523144,4368,2022-12-08,3.2,21,0,0
57,18,7,44002,9858,9830,34144,34172,264385836,31824,2022-12-01,3.2,19,0,0
73,23,7,42266,8510,7272,33756,34994,1629348612,245157,2022-12-01,3.2,39,0,0
44,17,8,39832,8635,8104,31197,31728,177232627,24310,2022-12-02,3.2,11,0,0
60,19,7,40441,9474,9474,30967,30967,386206920,50388,2022-12-05,3.2,17,0,0
50,16,7,40130,10260,10260,29870,29870,99884400,11440,2022-12-08,3.2,11,0,0
75,24,7,36634,7341,6216,29293,30418,1984829850,346104,2022-12-08,3.2,23,0,0
54,21,8,34835,6401,6252,28434,28583,1040465790,203490,2022-12-01,3.2,8,0,0
77,13,5,45344,17148,17148,28196,28196,19757815,1287,2022-12-05,3.2,20,0,0
56,18,7,36681,9010,9010,27671,27671,231917400,31824,2022-12-01,3.2,11,0,0
44,14,7,40595,13028,11937,27567,28658,38320568,3432,2022-12-12,3.2,22,0,0
76,13,5,42486,15019,14511,27467,27975,18474840,1287,2022-12-05,3.2,26,0,0
59,19,7,35400,8698,8698,26702,26702,341149446,50388,2022-12-08,3.2,15,0,0
74,24,7,32750,6509,5776,26241,26974,1799579064,346104,2022-12-03,3.2,25,0,0
58,19,7,32454,7580,6371,24874,26083,300674088,50388,2022-12-01,3.2,16,0,0
55,18,7,32562,8174,8174,24388,24388,202927725,31824,2022-12-01,3.2,15,0,0
53,21,8,29095,5692,5533,23403,23562,886322710,203490,2022-12-01,3.2,17,0,0
61,20,7,29970,7012,5847,22958,24123,436270780,77520,2022-12-01,3.2,11,0,0
97,17,5,33392,11709,11709,21683,21683,64446024,6188,2022-12-01,3.2,16,0,0
57,19,7,27729,6525,5415,21204,22314,264385836,50388,2022-12-03,3.2,14,0,0
52,21,8,26107,5040,5040,21067,21067,752538150,203490,2022-12-01,3.2,28,0,0
54,18,7,28057,7053,6024,21004,22033,177100560,31824,2022-12-01,3.2,11,0,0
66,17,6,29097,8817,8817,20280,20280,90858768,12376,2022-12-05,3.2,97,0,0
95,17,5,30224,10411,9394,19813,20830,57940519,6188,2022-12-01,3.2,16,0,0
63,21,7,25593,5889,5292,19704,20301,553270671,116280,2022-12-04,3.2,17,0,0
53,18,7,25414,6037,5091,19377,20323,154143080,31824,2022-12-01,3.2,14,0,0
56,19,7,24459,5981,4955,18478,19504,231917400,50388,2022-12-01,3.2,14,0,0
49,20,8,23110,4822,4822,18288,18288,450978066,125970,2022-12-01,3.2,22,0,0
93,17,5,27425,9377,8589,18048,18836,51971283,6188,2022-12-01,3.2,22,0,0
98,18,5,26941,8951,8390,17990,18551,67910864,8568,2022-12-01,3.2,18,0,0
62,21,7,22891,5152,4863,17739,18028,491796152,116280,2022-12-01,3.2,20,0,0
70,24,7,20771,4165,4060,16606,16711,1198774720,346104,2022-12-08,3.2,28,0,0
55,19,7,20868,4855,4499,16013,16369,202927725,50388,2022-12-08,3.2,13,0,0
99,19,5,21313,6811,6811,14502,14502,71523144,11628,2022-12-01,3.2,58,0,0
50,21,8,17824,3677,3555,14147,14269,536878650,203490,2022-12-14,3.2,26,0,0
60,21,7,18098,4098,3838,14000,14260,386206920,116280,2022-12-01,3.2,13,0,0
62,17,6,19747,5898,5398,13849,14349,61474519,12376,2022-12-08,3.2,26,0,0
45,16,7,18762,5100,4259,13662,14503,45379620,11440,2022-12-14,3.2,10,0,0
52,22,8,16020,3376,2487,12644,13533,752538150,319770,2022-12-01,3.2,10,0,0
92,18,5,19005,6486,6486,12519,12519,49177128,8568,2022-12-03,3.2,23,0,0
76,21,6,17139,4767,4767,12372,12372,218618940,54264,2022-12-08,3.2,32,0,0
56,20,7,15654,3503,3503,12151,12151,231917400,77520,2022-12-03,3.2,11,0,0
61,17,6,17438,5304,4873,12134,12565,55525372,12376,2022-12-08,3.2,24,0,0
86,17,5,18453,6344,6344,12109,12109,34826302,6188,2022-12-03,3.2,23,0,0
53,19,7,15481,3724,3482,11757,11999,154143080,50388,2022-12-08,3.2,18,0,0
49,21,8,14554,3120,2387,11434,12167,450978066,203490,2022-12-05,3.2,28,0,0
90,18,5,17150,5920,5920,11230,11230,43949268,8568,2022-12-03,3.2,15,0,0
95,19,5,16881,5875,5875,11006,11006,57940519,11628,2022-12-03,3.2,35,0,0
58,21,7,14107,3204,3204,10903,10903,300674088,116280,2022-12-03,3.2,18,0,0
52,19,7,13925,3151,3151,10774,10774,133784560,50388,2022-12-12,3.2,20,0,0
55,11,5,18994,8290,8290,10704,10704,3478761,462,2022-12-05,3.2,32,0,0
94,19,5,16097,5423,4859,10674,11238,54891018,11628,2022-12-01,3.2,27,0,0
39,17,8,13821,3471,3189,10350,10632,61523748,24310,2022-12-05,3.2,19,0,0
80,23,6,13906,3607,3573,10299,10333,300500200,100947,2022-12-01,3.2,35,0,0
98,20,5,15012,5082,4557,9930,10455,67910864,15504,2022-12-03,3.2,20,0,0
59,17,6,14106,4217,4217,9889,9889,45057474,12376,2022-12-05,3.2,17,0,0
97,20,5,14601,4807,4414,9794,10187,64446024,15504,2022-12-01,3.2,25,0,0
46,20,8,12655,2949,2229,9706,10426,260932815,125970,2022-12-03,3.2,17,0,0
41,18,8,12620,2982,2982,9638,9638,95548245,43758,2022-12-03,3.2,21,0,0
40,8,5,21258,11840,11840,9418,9418,658008,56,2022-12-12,3.2,15,0,0
45,17,7,11284,2820,2820,8464,8464,45379620,19448,2022-12-08,3.2,13,0,0
53,20,7,10859,2489,2431,8370,8428,154143080,77520,2022-12-03,3.2,14,0,0
72,21,6,11530,3460,3460,8070,8070,156238908,54264,2022-12-08,3.2,26,0,0
50,19,7,10624,2574,2395,8050,8229,99884400,50388,2022-12-14,3.2,20,0,0
57,17,6,11359,3488,3488,7871,7871,36288252,12376,2022-12-13,3.2,16,0,0
51,23,8,9354,1836,1473,7518,7881,636763050,490314,2022-12-03,3.2,7,0,0
55,21,7,9632,2292,2237,7340,7395,202927725,116280,2022-12-10,3.2,16,0,0
91,20,5,10717,3431,3431,7286,7286,46504458,15504,2022-12-03,3.2,29,0,0
52,20,7,9467,2255,2192,7212,7275,133784560,77520,2022-12-03,3.2,9,0,0
60,23,7,9273,2171,2171,7102,7102,386206920,245157,2022-12-10,3.2,12,0,0
49,19,7,9189,2195,2154,6994,7035,85900584,50388,2022-12-03,3.2,16,0,0
76,23,6,9723,2786,2347,6937,7376,218618940,100947,2022-12-01,3.2,30,0,0
90,20,5,10025,3204,3204,6821,6821,43949268,15504,2022-12-03,3.2,17,0,0
48,22,8,8274,1711,1399,6563,6875,377348994,319770,2022-12-10,3.2,13,0,0
54,21,7,8625,2073,2073,6552,6552,177100560,116280,2022-12-10,3.2,10,0,0
89,20,5,9360,3093,3093,6267,6267,41507642,15504,2022-12-03,3.2,24,0,0
38,8,5,15686,9491,9491,6195,6195,501942,56,2022-12-11,3.2,23,0,0
49,11,5,10720,4598,4598,6122,6122,1906884,462,2022-12-16,3.2,17,0,0
51,20,7,8095,2035,2035,6060,6060,115775100,77520,2022-12-10,3.2,16,0,0
62,19,6,8854,2898,2898,5956,5956,61474519,27132,2022-12-11,3.2,26,0,0
56,22,7,7721,1915,1770,5806,5951,231917400,170544,2022-12-10,3.2,9,0,0
68,21,6,8015,2604,2193,5411,5822,109453344,54264,2022-12-08,3.2,19,0,0
51,24,8,6687,1392,1114,5295,5573,636763050,735471,2022-12-03,3.2,10,0,0
50,20,7,6824,1723,1670,5101,5154,99884400,77520,2022-12-03,3.2,11,0,0
55,22,7,6681,1640,1608,5041,5073,202927725,170544,2022-12-10,3.2,13,0,0
47,11,5,8318,3833,3833,4485,4485,1533939,462,2022-12-10,3.2,39,0,0
46,19,7,5867,1490,1448,4377,4419,53524680,50388,2022-12-14,3.2,18,0,0
59,24,7,5795,1426,1080,4369,4715,341149446,346104,2022-12-10,3.2,10,0,0
49,20,7,5873,1544,1493,4329,4380,85900584,77520,2022-12-10,3.2,13,0,0
37,12,6,7247,2970,2828,4277,4419,2324784,924,2022-12-14,3.2,27,0,0
48,23,8,5357,1125,1040,4232,4317,377348994,490314,2022-12-10,3.2,16,0,0
52,17,6,6252,2050,1729,4202,4523,20358520,12376,2022-12-08,3.2,17,0,0
96,13,4,9131,5088,5029,4043,4102,3321960,715,2022-12-07,3.2,85,0,0
63,21,6,5411,1500,1407,3911,4004,67945521,54264,2022-12-03,3.2,11,0,0
51,17,6,5664,1905,1596,3759,4068,18009460,12376,2022-12-08,3.2,20,0,0
45,11,5,6412,2938,2758,3474,3654,1221759,462,2022-12-09,3.2,21,0,0
43,15,6,4849,1548,1359,3301,3490,6096454,5005,2022-12-16,3.2,9,0,0
62,21,6,4643,1344,1317,3299,3326,61474519,54264,2022-12-03,3.2,9,0,0
54,23,7,4321,1043,872,3278,3449,177100560,245157,2022-12-03,3.2,9,0,0
50,17,6,4824,1559,1480,3265,3344,15890700,12376,2022-12-08,3.2,19,0,0
57,24,7,4378,1129,898,3249,3480,264385836,346104,2022-12-03,3.2,10,0,0
53,23,7,3897,863,703,3034,3194,154143080,245157,2022-12-03,3.2,7,0,0
42,21,8,3848,882,812,2966,3036,118030185,203490,2022-12-02,3.2,20,0,0
46,23,8,3485,782,782,2703,2703,260932815,490314,2022-12-10,3.2,23,0,0
85,13,4,5766,3113,3113,2653,2653,2024785,715,2022-12-08,3.2,60,0,0
43,11,5,4870,2401,2252,2469,2618,962598,462,2022-12-03,3.2,19,0,0
47,17,6,3464,1051,1051,2413,2413,10737573,12376,2022-12-05,3.2,23,0,0
81,13,4,4906,2536,2412,2370,2494,1663740,715,2022-12-10,3.2,42,0,0
58,21,6,3323,1000,931,2323,2392,40475358,54264,2022-12-12,3.2,51,0,0
51,14,5,3529,1377,1265,2152,2264,2349060,2002,2022-12-08,3.2,25,0,0
52,8,4,6044,3978,3978,2066,2066,270725,70,2022-12-08,3.2,10,0,0
37,19,8,2775,725,725,2050,2050,38608020,75582,2022-12-06,3.2,17,0,0
45,20,7,2738,898,653,1840,2085,45379620,77520,2022-12-03,3.2,16,0,0
47,21,7,2602,784,641,1818,1961,62891499,116280,2022-12-03,3.2,14,0,0
44,12,5,3270,1577,1394,1693,1876,1086008,792,2022-12-08,3.2,9,0,0
46,21,7,2302,686,552,1616,1750,53524680,116280,2022-12-03,3.2,18,0,0
42,19,7,2358,823,622,1535,1736,26978328,50388,2022-12-05,3.2,15,0,0
97,6,3,8572,7453,7453,1119,1119,147440,20,2022-11-29,3.2,21,0,0
40,19,7,1565,575,485,990,1080,18643560,50388,2022-12-05,3.2,11,0,0
49,20,6,1478,539,410,939,1068,13983816,38760,2022-12-03,3.2,17,0,0
47,20,6,1127,416,344,711,783,10737573,38760,2022-12-05,3.2,14,0,0
38,19,7,1059,366,366,693,693,12620256,50388,2022-11-29,3.2,7,0,0
49,24,6,385,152,152,233,233,13983816,134596,2022-12-10,3.2,11,0,0
