# size 10416
1 2 3 4
5 6 7 8
9 10 11 12
13 14 15 16
17 18 19 20
21 22 23 24
25 26 27 28
29 30 31 32
33 34 35 36
37 38 39 40
41 42 43 44
45 46 47 48
49 50 51 52
53 54 55 56
57 58 59 60
61 62 63 64
1 2 5 6
3 4 7 8
9 10 13 14
11 12 15 16
17 18 21 22
19 20 23 24
25 26 29 30
27 28 31 32
33 34 37 38
35 36 39 40
41 42 45 46
43 44 47 48
49 50 53 54
51 52 55 56
57 58 61 62
59 60 63 64
1 2 7 8
3 4 5 6
9 10 15 16
11 12 13 14
17 18 23 24
19 20 21 22
25 26 31 32
27 28 29 30
33 34 39 40
35 36 37 38
41 42 47 48
43 44 45 46
49 50 55 56
51 52 53 54
57 58 63 64
59 60 61 62
1 2 9 10
3 4 11 12
5 6 13 14
7 8 15 16
17 18 25 26
19 20 27 28
21 22 29 30
23 24 31 32
33 34 41 42
35 36 43 44
37 38 45 46
39 40 47 48
49 50 57 58
51 52 59 60
53 54 61 62
55 56 63 64
1 2 11 12
3 4 9 10
5 6 15 16
7 8 13 14
17 18 27 28
19 20 25 26
21 22 31 32
23 24 29 30
33 34 43 44
35 36 41 42
37 38 47 48
39 40 45 46
49 50 59 60
51 52 57 58
53 54 63 64
55 56 61 62
1 2 13 14
3 4 15 16
5 6 9 10
7 8 11 12
17 18 29 30
19 20 31 32
21 22 25 26
23 24 27 28
33 34 45 46
35 36 47 48
37 38 41 42
39 40 43 44
49 50 61 62
51 52 63 64
53 54 57 58
55 56 59 60
1 2 15 16
3 4 13 14
5 6 11 12
7 8 9 10
17 18 31 32
19 20 29 30
21 22 27 28
23 24 25 26
33 34 47 48
35 36 45 46
37 38 43 44
39 40 41 42
49 50 63 64
51 52 61 62
53 54 59 60
55 56 57 58
1 2 17 18
3 4 19 20
5 6 21 22
7 8 23 24
9 10 25 26
11 12 27 28
13 14 29 30
15 16 31 32
33 34 49 50
35 36 51 52
37 38 53 54
39 40 55 56
41 42 57 58
43 44 59 60
45 46 61 62
47 48 63 64
1 2 19 20
3 4 17 18
5 6 23 24
7 8 21 22
9 10 27 28
11 12 25 26
13 14 31 32
15 16 29 30
33 34 51 52
35 36 49 50
37 38 55 56
39 40 53 54
41 42 59 60
43 44 57 58
45 46 63 64
47 48 61 62
1 2 21 22
3 4 23 24
5 6 17 18
7 8 19 20
9 10 29 30
11 12 31 32
13 14 25 26
15 16 27 28
33 34 53 54
35 36 55 56
37 38 49 50
39 40 51 52
41 42 61 62
43 44 63 64
45 46 57 58
47 48 59 60
1 2 23 24
3 4 21 22
5 6 19 20
7 8 17 18
9 10 31 32
11 12 29 30
13 14 27 28
15 16 25 26
33 34 55 56
35 36 53 54
37 38 51 52
39 40 49 50
41 42 63 64
43 44 61 62
45 46 59 60
47 48 57 58
1 2 25 26
3 4 27 28
5 6 29 30
7 8 31 32
9 10 17 18
11 12 19 20
13 14 21 22
15 16 23 24
33 34 57 58
35 36 59 60
37 38 61 62
39 40 63 64
41 42 49 50
43 44 51 52
45 46 53 54
47 48 55 56
1 2 27 28
3 4 25 26
5 6 31 32
7 8 29 30
9 10 19 20
11 12 17 18
13 14 23 24
15 16 21 22
33 34 59 60
35 36 57 58
37 38 63 64
39 40 61 62
41 42 51 52
43 44 49 50
45 46 55 56
47 48 53 54
1 2 29 30
3 4 31 32
5 6 25 26
7 8 27 28
9 10 21 22
11 12 23 24
13 14 17 18
15 16 19 20
33 34 61 62
35 36 63 64
37 38 57 58
39 40 59 60
41 42 53 54
43 44 55 56
45 46 49 50
47 48 51 52
1 2 31 32
3 4 29 30
5 6 27 28
7 8 25 26
9 10 23 24
11 12 21 22
13 14 19 20
15 16 17 18
33 34 63 64
35 36 61 62
37 38 59 60
39 40 57 58
41 42 55 56
43 44 53 54
45 46 51 52
47 48 49 50
1 2 33 34
3 4 35 36
5 6 37 38
7 8 39 40
9 10 41 42
11 12 43 44
13 14 45 46
15 16 47 48
17 18 49 50
19 20 51 52
21 22 53 54
23 24 55 56
25 26 57 58
27 28 59 60
29 30 61 62
31 32 63 64
1 2 35 36
3 4 33 34
5 6 39 40
7 8 37 38
9 10 43 44
11 12 41 42
13 14 47 48
15 16 45 46
17 18 51 52
19 20 49 50
21 22 55 56
23 24 53 54
25 26 59 60
27 28 57 58
29 30 63 64
31 32 61 62
1 2 37 38
3 4 39 40
5 6 33 34
7 8 35 36
9 10 45 46
11 12 47 48
13 14 41 42
15 16 43 44
17 18 53 54
19 20 55 56
21 22 49 50
23 24 51 52
25 26 61 62
27 28 63 64
29 30 57 58
31 32 59 60
1 2 39 40
3 4 37 38
5 6 35 36
7 8 33 34
9 10 47 48
11 12 45 46
13 14 43 44
15 16 41 42
17 18 55 56
19 20 53 54
21 22 51 52
23 24 49 50
25 26 63 64
27 28 61 62
29 30 59 60
31 32 57 58
1 2 41 42
3 4 43 44
5 6 45 46
7 8 47 48
9 10 33 34
11 12 35 36
13 14 37 38
15 16 39 40
17 18 57 58
19 20 59 60
21 22 61 62
23 24 63 64
25 26 49 50
27 28 51 52
29 30 53 54
31 32 55 56
1 2 43 44
3 4 41 42
5 6 47 48
7 8 45 46
9 10 35 36
11 12 33 34
13 14 39 40
15 16 37 38
17 18 59 60
19 20 57 58
21 22 63 64
23 24 61 62
25 26 51 52
27 28 49 50
29 30 55 56
31 32 53 54
1 2 45 46
3 4 47 48
5 6 41 42
7 8 43 44
9 10 37 38
11 12 39 40
13 14 33 34
15 16 35 36
17 18 61 62
19 20 63 64
21 22 57 58
23 24 59 60
25 26 53 54
27 28 55 56
29 30 49 50
31 32 51 52
1 2 47 48
3 4 45 46
5 6 43 44
7 8 41 42
9 10 39 40
11 12 37 38
13 14 35 36
15 16 33 34
17 18 63 64
19 20 61 62
21 22 59 60
23 24 57 58
25 26 55 56
27 28 53 54
29 30 51 52
31 32 49 50
1 2 49 50
3 4 51 52
5 6 53 54
7 8 55 56
9 10 57 58
11 12 59 60
13 14 61 62
15 16 63 64
17 18 33 34
19 20 35 36
21 22 37 38
23 24 39 40
25 26 41 42
27 28 43 44
29 30 45 46
31 32 47 48
1 2 51 52
3 4 49 50
5 6 55 56
7 8 53 54
9 10 59 60
11 12 57 58
13 14 63 64
15 16 61 62
17 18 35 36
19 20 33 34
21 22 39 40
23 24 37 38
25 26 43 44
27 28 41 42
29 30 47 48
31 32 45 46
1 2 53 54
3 4 55 56
5 6 49 50
7 8 51 52
9 10 61 62
11 12 63 64
13 14 57 58
15 16 59 60
17 18 37 38
19 20 39 40
21 22 33 34
23 24 35 36
25 26 45 46
27 28 47 48
29 30 41 42
31 32 43 44
1 2 55 56
3 4 53 54
5 6 51 52
7 8 49 50
9 10 63 64
11 12 61 62
13 14 59 60
15 16 57 58
17 18 39 40
19 20 37 38
21 22 35 36
23 24 33 34
25 26 47 48
27 28 45 46
29 30 43 44
31 32 41 42
1 2 57 58
3 4 59 60
5 6 61 62
7 8 63 64
9 10 49 50
11 12 51 52
13 14 53 54
15 16 55 56
17 18 41 42
19 20 43 44
21 22 45 46
23 24 47 48
25 26 33 34
27 28 35 36
29 30 37 38
31 32 39 40
1 2 59 60
3 4 57 58
5 6 63 64
7 8 61 62
9 10 51 52
11 12 49 50
13 14 55 56
15 16 53 54
17 18 43 44
19 20 41 42
21 22 47 48
23 24 45 46
25 26 35 36
27 28 33 34
29 30 39 40
31 32 37 38
1 2 61 62
3 4 63 64
5 6 57 58
7 8 59 60
9 10 53 54
11 12 55 56
13 14 49 50
15 16 51 52
17 18 45 46
19 20 47 48
21 22 41 42
23 24 43 44
25 26 37 38
27 28 39 40
29 30 33 34
31 32 35 36
1 2 63 64
3 4 61 62
5 6 59 60
7 8 57 58
9 10 55 56
11 12 53 54
13 14 51 52
15 16 49 50
17 18 47 48
19 20 45 46
21 22 43 44
23 24 41 42
25 26 39 40
27 28 37 38
29 30 35 36
31 32 33 34
1 3 5 7
2 4 6 8
9 11 13 15
10 12 14 16
17 19 21 23
18 20 22 24
25 27 29 31
26 28 30 32
33 35 37 39
34 36 38 40
41 43 45 47
42 44 46 48
49 51 53 55
50 52 54 56
57 59 61 63
58 60 62 64
1 3 6 8
2 4 5 7
9 11 14 16
10 12 13 15
17 19 22 24
18 20 21 23
25 27 30 32
26 28 29 31
33 35 38 40
34 36 37 39
41 43 46 48
42 44 45 47
49 51 54 56
50 52 53 55
57 59 62 64
58 60 61 63
1 3 9 11
2 4 10 12
5 7 13 15
6 8 14 16
17 19 25 27
18 20 26 28
21 23 29 31
22 24 30 32
33 35 41 43
34 36 42 44
37 39 45 47
38 40 46 48
49 51 57 59
50 52 58 60
53 55 61 63
54 56 62 64
1 3 10 12
2 4 9 11
5 7 14 16
6 8 13 15
17 19 26 28
18 20 25 27
21 23 30 32
22 24 29 31
33 35 42 44
34 36 41 43
37 39 46 48
38 40 45 47
49 51 58 60
50 52 57 59
53 55 62 64
54 56 61 63
1 3 13 15
2 4 14 16
5 7 9 11
6 8 10 12
17 19 29 31
18 20 30 32
21 23 25 27
22 24 26 28
33 35 45 47
34 36 46 48
37 39 41 43
38 40 42 44
49 51 61 63
50 52 62 64
53 55 57 59
54 56 58 60
1 3 14 16
2 4 13 15
5 7 10 12
6 8 9 11
17 19 30 32
18 20 29 31
21 23 26 28
22 24 25 27
33 35 46 48
34 36 45 47
37 39 42 44
38 40 41 43
49 51 62 64
50 52 61 63
53 55 58 60
54 56 57 59
1 3 17 19
2 4 18 20
5 7 21 23
6 8 22 24
9 11 25 27
10 12 26 28
13 15 29 31
14 16 30 32
33 35 49 51
34 36 50 52
37 39 53 55
38 40 54 56
41 43 57 59
42 44 58 60
45 47 61 63
46 48 62 64
1 3 18 20
2 4 17 19
5 7 22 24
6 8 21 23
9 11 26 28
10 12 25 27
13 15 30 32
14 16 29 31
33 35 50 52
34 36 49 51
37 39 54 56
38 40 53 55
41 43 58 60
42 44 57 59
45 47 62 64
46 48 61 63
1 3 21 23
2 4 22 24
5 7 17 19
6 8 18 20
9 11 29 31
10 12 30 32
13 15 25 27
14 16 26 28
33 35 53 55
34 36 54 56
37 39 49 51
38 40 50 52
41 43 61 63
42 44 62 64
45 47 57 59
46 48 58 60
1 3 22 24
2 4 21 23
5 7 18 20
6 8 17 19
9 11 30 32
10 12 29 31
13 15 26 28
14 16 25 27
33 35 54 56
34 36 53 55
37 39 50 52
38 40 49 51
41 43 62 64
42 44 61 63
45 47 58 60
46 48 57 59
1 3 25 27
2 4 26 28
5 7 29 31
6 8 30 32
9 11 17 19
10 12 18 20
13 15 21 23
14 16 22 24
33 35 57 59
34 36 58 60
37 39 61 63
38 40 62 64
41 43 49 51
42 44 50 52
45 47 53 55
46 48 54 56
1 3 26 28
2 4 25 27
5 7 30 32
6 8 29 31
9 11 18 20
10 12 17 19
13 15 22 24
14 16 21 23
33 35 58 60
34 36 57 59
37 39 62 64
38 40 61 63
41 43 50 52
42 44 49 51
45 47 54 56
46 48 53 55
1 3 29 31
2 4 30 32
5 7 25 27
6 8 26 28
9 11 21 23
10 12 22 24
13 15 17 19
14 16 18 20
33 35 61 63
34 36 62 64
37 39 57 59
38 40 58 60
41 43 53 55
42 44 54 56
45 47 49 51
46 48 50 52
1 3 30 32
2 4 29 31
5 7 26 28
6 8 25 27
9 11 22 24
10 12 21 23
13 15 18 20
14 16 17 19
33 35 62 64
34 36 61 63
37 39 58 60
38 40 57 59
41 43 54 56
42 44 53 55
45 47 50 52
46 48 49 51
1 3 33 35
2 4 34 36
5 7 37 39
6 8 38 40
9 11 41 43
10 12 42 44
13 15 45 47
14 16 46 48
17 19 49 51
18 20 50 52
21 23 53 55
22 24 54 56
25 27 57 59
26 28 58 60
29 31 61 63
30 32 62 64
1 3 34 36
2 4 33 35
5 7 38 40
6 8 37 39
9 11 42 44
10 12 41 43
13 15 46 48
14 16 45 47
17 19 50 52
18 20 49 51
21 23 54 56
22 24 53 55
25 27 58 60
26 28 57 59
29 31 62 64
30 32 61 63
1 3 37 39
2 4 38 40
5 7 33 35
6 8 34 36
9 11 45 47
10 12 46 48
13 15 41 43
14 16 42 44
17 19 53 55
18 20 54 56
21 23 49 51
22 24 50 52
25 27 61 63
26 28 62 64
29 31 57 59
30 32 58 60
1 3 38 40
2 4 37 39
5 7 34 36
6 8 33 35
9 11 46 48
10 12 45 47
13 15 42 44
14 16 41 43
17 19 54 56
18 20 53 55
21 23 50 52
22 24 49 51
25 27 62 64
26 28 61 63
29 31 58 60
30 32 57 59
1 3 41 43
2 4 42 44
5 7 45 47
6 8 46 48
9 11 33 35
10 12 34 36
13 15 37 39
14 16 38 40
17 19 57 59
18 20 58 60
21 23 61 63
22 24 62 64
25 27 49 51
26 28 50 52
29 31 53 55
30 32 54 56
1 3 42 44
2 4 41 43
5 7 46 48
6 8 45 47
9 11 34 36
10 12 33 35
13 15 38 40
14 16 37 39
17 19 58 60
18 20 57 59
21 23 62 64
22 24 61 63
25 27 50 52
26 28 49 51
29 31 54 56
30 32 53 55
1 3 45 47
2 4 46 48
5 7 41 43
6 8 42 44
9 11 37 39
10 12 38 40
13 15 33 35
14 16 34 36
17 19 61 63
18 20 62 64
21 23 57 59
22 24 58 60
25 27 53 55
26 28 54 56
29 31 49 51
30 32 50 52
1 3 46 48
2 4 45 47
5 7 42 44
6 8 41 43
9 11 38 40
10 12 37 39
13 15 34 36
14 16 33 35
17 19 62 64
18 20 61 63
21 23 58 60
22 24 57 59
25 27 54 56
26 28 53 55
29 31 50 52
30 32 49 51
1 3 49 51
2 4 50 52
5 7 53 55
6 8 54 56
9 11 57 59
10 12 58 60
13 15 61 63
14 16 62 64
17 19 33 35
18 20 34 36
21 23 37 39
22 24 38 40
25 27 41 43
26 28 42 44
29 31 45 47
30 32 46 48
1 3 50 52
2 4 49 51
5 7 54 56
6 8 53 55
9 11 58 60
10 12 57 59
13 15 62 64
14 16 61 63
17 19 34 36
18 20 33 35
21 23 38 40
22 24 37 39
25 27 42 44
26 28 41 43
29 31 46 48
30 32 45 47
1 3 53 55
2 4 54 56
5 7 49 51
6 8 50 52
9 11 61 63
10 12 62 64
13 15 57 59
14 16 58 60
17 19 37 39
18 20 38 40
21 23 33 35
22 24 34 36
25 27 45 47
26 28 46 48
29 31 41 43
30 32 42 44
1 3 54 56
2 4 53 55
5 7 50 52
6 8 49 51
9 11 62 64
10 12 61 63
13 15 58 60
14 16 57 59
17 19 38 40
18 20 37 39
21 23 34 36
22 24 33 35
25 27 46 48
26 28 45 47
29 31 42 44
30 32 41 43
1 3 57 59
2 4 58 60
5 7 61 63
6 8 62 64
9 11 49 51
10 12 50 52
13 15 53 55
14 16 54 56
17 19 41 43
18 20 42 44
21 23 45 47
22 24 46 48
25 27 33 35
26 28 34 36
29 31 37 39
30 32 38 40
1 3 58 60
2 4 57 59
5 7 62 64
6 8 61 63
9 11 50 52
10 12 49 51
13 15 54 56
14 16 53 55
17 19 42 44
18 20 41 43
21 23 46 48
22 24 45 47
25 27 34 36
26 28 33 35
29 31 38 40
30 32 37 39
1 3 61 63
2 4 62 64
5 7 57 59
6 8 58 60
9 11 53 55
10 12 54 56
13 15 49 51
14 16 50 52
17 19 45 47
18 20 46 48
21 23 41 43
22 24 42 44
25 27 37 39
26 28 38 40
29 31 33 35
30 32 34 36
1 3 62 64
2 4 61 63
5 7 58 60
6 8 57 59
9 11 54 56
10 12 53 55
13 15 50 52
14 16 49 51
17 19 46 48
18 20 45 47
21 23 42 44
22 24 41 43
25 27 38 40
26 28 37 39
29 31 34 36
30 32 33 35
1 4 5 8
2 3 6 7
9 12 13 16
10 11 14 15
17 20 21 24
18 19 22 23
25 28 29 32
26 27 30 31
33 36 37 40
34 35 38 39
41 44 45 48
42 43 46 47
49 52 53 56
50 51 54 55
57 60 61 64
58 59 62 63
1 4 6 7
2 3 5 8
9 12 14 15
10 11 13 16
17 20 22 23
18 19 21 24
25 28 30 31
26 27 29 32
33 36 38 39
34 35 37 40
41 44 46 47
42 43 45 48
49 52 54 55
50 51 53 56
57 60 62 63
58 59 61 64
1 4 9 12
2 3 10 11
5 8 13 16
6 7 14 15
17 20 25 28
18 19 26 27
21 24 29 32
22 23 30 31
33 36 41 44
34 35 42 43
37 40 45 48
38 39 46 47
49 52 57 60
50 51 58 59
53 56 61 64
54 55 62 63
1 4 10 11
2 3 9 12
5 8 14 15
6 7 13 16
17 20 26 27
18 19 25 28
21 24 30 31
22 23 29 32
33 36 42 43
34 35 41 44
37 40 46 47
38 39 45 48
49 52 58 59
50 51 57 60
53 56 62 63
54 55 61 64
1 4 13 16
2 3 14 15
5 8 9 12
6 7 10 11
17 20 29 32
18 19 30 31
21 24 25 28
22 23 26 27
33 36 45 48
34 35 46 47
37 40 41 44
38 39 42 43
49 52 61 64
50 51 62 63
53 56 57 60
54 55 58 59
1 4 14 15
2 3 13 16
5 8 10 11
6 7 9 12
17 20 30 31
18 19 29 32
21 24 26 27
22 23 25 28
33 36 46 47
34 35 45 48
37 40 42 43
38 39 41 44
49 52 62 63
50 51 61 64
53 56 58 59
54 55 57 60
1 4 17 20
2 3 18 19
5 8 21 24
6 7 22 23
9 12 25 28
10 11 26 27
13 16 29 32
14 15 30 31
33 36 49 52
34 35 50 51
37 40 53 56
38 39 54 55
41 44 57 60
42 43 58 59
45 48 61 64
46 47 62 63
1 4 18 19
2 3 17 20
5 8 22 23
6 7 21 24
9 12 26 27
10 11 25 28
13 16 30 31
14 15 29 32
33 36 50 51
34 35 49 52
37 40 54 55
38 39 53 56
41 44 58 59
42 43 57 60
45 48 62 63
46 47 61 64
1 4 21 24
2 3 22 23
5 8 17 20
6 7 18 19
9 12 29 32
10 11 30 31
13 16 25 28
14 15 26 27
33 36 53 56
34 35 54 55
37 40 49 52
38 39 50 51
41 44 61 64
42 43 62 63
45 48 57 60
46 47 58 59
1 4 22 23
2 3 21 24
5 8 18 19
6 7 17 20
9 12 30 31
10 11 29 32
13 16 26 27
14 15 25 28
33 36 54 55
34 35 53 56
37 40 50 51
38 39 49 52
41 44 62 63
42 43 61 64
45 48 58 59
46 47 57 60
1 4 25 28
2 3 26 27
5 8 29 32
6 7 30 31
9 12 17 20
10 11 18 19
13 16 21 24
14 15 22 23
33 36 57 60
34 35 58 59
37 40 61 64
38 39 62 63
41 44 49 52
42 43 50 51
45 48 53 56
46 47 54 55
1 4 26 27
2 3 25 28
5 8 30 31
6 7 29 32
9 12 18 19
10 11 17 20
13 16 22 23
14 15 21 24
33 36 58 59
34 35 57 60
37 40 62 63
38 39 61 64
41 44 50 51
42 43 49 52
45 48 54 55
46 47 53 56
1 4 29 32
2 3 30 31
5 8 25 28
6 7 26 27
9 12 21 24
10 11 22 23
13 16 17 20
14 15 18 19
33 36 61 64
34 35 62 63
37 40 57 60
38 39 58 59
41 44 53 56
42 43 54 55
45 48 49 52
46 47 50 51
1 4 30 31
2 3 29 32
5 8 26 27
6 7 25 28
9 12 22 23
10 11 21 24
13 16 18 19
14 15 17 20
33 36 62 63
34 35 61 64
37 40 58 59
38 39 57 60
41 44 54 55
42 43 53 56
45 48 50 51
46 47 49 52
1 4 33 36
2 3 34 35
5 8 37 40
6 7 38 39
9 12 41 44
10 11 42 43
13 16 45 48
14 15 46 47
17 20 49 52
18 19 50 51
21 24 53 56
22 23 54 55
25 28 57 60
26 27 58 59
29 32 61 64
30 31 62 63
1 4 34 35
2 3 33 36
5 8 38 39
6 7 37 40
9 12 42 43
10 11 41 44
13 16 46 47
14 15 45 48
17 20 50 51
18 19 49 52
21 24 54 55
22 23 53 56
25 28 58 59
26 27 57 60
29 32 62 63
30 31 61 64
1 4 37 40
2 3 38 39
5 8 33 36
6 7 34 35
9 12 45 48
10 11 46 47
13 16 41 44
14 15 42 43
17 20 53 56
18 19 54 55
21 24 49 52
22 23 50 51
25 28 61 64
26 27 62 63
29 32 57 60
30 31 58 59
1 4 38 39
2 3 37 40
5 8 34 35
6 7 33 36
9 12 46 47
10 11 45 48
13 16 42 43
14 15 41 44
17 20 54 55
18 19 53 56
21 24 50 51
22 23 49 52
25 28 62 63
26 27 61 64
29 32 58 59
30 31 57 60
1 4 41 44
2 3 42 43
5 8 45 48
6 7 46 47
9 12 33 36
10 11 34 35
13 16 37 40
14 15 38 39
17 20 57 60
18 19 58 59
21 24 61 64
22 23 62 63
25 28 49 52
26 27 50 51
29 32 53 56
30 31 54 55
1 4 42 43
2 3 41 44
5 8 46 47
6 7 45 48
9 12 34 35
10 11 33 36
13 16 38 39
14 15 37 40
17 20 58 59
18 19 57 60
21 24 62 63
22 23 61 64
25 28 50 51
26 27 49 52
29 32 54 55
30 31 53 56
1 4 45 48
2 3 46 47
5 8 41 44
6 7 42 43
9 12 37 40
10 11 38 39
13 16 33 36
14 15 34 35
17 20 61 64
18 19 62 63
21 24 57 60
22 23 58 59
25 28 53 56
26 27 54 55
29 32 49 52
30 31 50 51
1 4 46 47
2 3 45 48
5 8 42 43
6 7 41 44
9 12 38 39
10 11 37 40
13 16 34 35
14 15 33 36
17 20 62 63
18 19 61 64
21 24 58 59
22 23 57 60
25 28 54 55
26 27 53 56
29 32 50 51
30 31 49 52
1 4 49 52
2 3 50 51
5 8 53 56
6 7 54 55
9 12 57 60
10 11 58 59
13 16 61 64
14 15 62 63
17 20 33 36
18 19 34 35
21 24 37 40
22 23 38 39
25 28 41 44
26 27 42 43
29 32 45 48
30 31 46 47
1 4 50 51
2 3 49 52
5 8 54 55
6 7 53 56
9 12 58 59
10 11 57 60
13 16 62 63
14 15 61 64
17 20 34 35
18 19 33 36
21 24 38 39
22 23 37 40
25 28 42 43
26 27 41 44
29 32 46 47
30 31 45 48
1 4 53 56
2 3 54 55
5 8 49 52
6 7 50 51
9 12 61 64
10 11 62 63
13 16 57 60
14 15 58 59
17 20 37 40
18 19 38 39
21 24 33 36
22 23 34 35
25 28 45 48
26 27 46 47
29 32 41 44
30 31 42 43
1 4 54 55
2 3 53 56
5 8 50 51
6 7 49 52
9 12 62 63
10 11 61 64
13 16 58 59
14 15 57 60
17 20 38 39
18 19 37 40
21 24 34 35
22 23 33 36
25 28 46 47
26 27 45 48
29 32 42 43
30 31 41 44
1 4 57 60
2 3 58 59
5 8 61 64
6 7 62 63
9 12 49 52
10 11 50 51
13 16 53 56
14 15 54 55
17 20 41 44
18 19 42 43
21 24 45 48
22 23 46 47
25 28 33 36
26 27 34 35
29 32 37 40
30 31 38 39
1 4 58 59
2 3 57 60
5 8 62 63
6 7 61 64
9 12 50 51
10 11 49 52
13 16 54 55
14 15 53 56
17 20 42 43
18 19 41 44
21 24 46 47
22 23 45 48
25 28 34 35
26 27 33 36
29 32 38 39
30 31 37 40
1 4 61 64
2 3 62 63
5 8 57 60
6 7 58 59
9 12 53 56
10 11 54 55
13 16 49 52
14 15 50 51
17 20 45 48
18 19 46 47
21 24 41 44
22 23 42 43
25 28 37 40
26 27 38 39
29 32 33 36
30 31 34 35
1 4 62 63
2 3 61 64
5 8 58 59
6 7 57 60
9 12 54 55
10 11 53 56
13 16 50 51
14 15 49 52
17 20 46 47
18 19 45 48
21 24 42 43
22 23 41 44
25 28 38 39
26 27 37 40
29 32 34 35
30 31 33 36
1 5 9 13
2 6 10 14
3 7 11 15
4 8 12 16
17 21 25 29
18 22 26 30
19 23 27 31
20 24 28 32
33 37 41 45
34 38 42 46
35 39 43 47
36 40 44 48
49 53 57 61
50 54 58 62
51 55 59 63
52 56 60 64
1 5 10 14
2 6 9 13
3 7 12 16
4 8 11 15
17 21 26 30
18 22 25 29
19 23 28 32
20 24 27 31
33 37 42 46
34 38 41 45
35 39 44 48
36 40 43 47
49 53 58 62
50 54 57 61
51 55 60 64
52 56 59 63
1 5 11 15
2 6 12 16
3 7 9 13
4 8 10 14
17 21 27 31
18 22 28 32
19 23 25 29
20 24 26 30
33 37 43 47
34 38 44 48
35 39 41 45
36 40 42 46
49 53 59 63
50 54 60 64
51 55 57 61
52 56 58 62
1 5 12 16
2 6 11 15
3 7 10 14
4 8 9 13
17 21 28 32
18 22 27 31
19 23 26 30
20 24 25 29
33 37 44 48
34 38 43 47
35 39 42 46
36 40 41 45
49 53 60 64
50 54 59 63
51 55 58 62
52 56 57 61
1 5 17 21
2 6 18 22
3 7 19 23
4 8 20 24
9 13 25 29
10 14 26 30
11 15 27 31
12 16 28 32
33 37 49 53
34 38 50 54
35 39 51 55
36 40 52 56
41 45 57 61
42 46 58 62
43 47 59 63
44 48 60 64
1 5 18 22
2 6 17 21
3 7 20 24
4 8 19 23
9 13 26 30
10 14 25 29
11 15 28 32
12 16 27 31
33 37 50 54
34 38 49 53
35 39 52 56
36 40 51 55
41 45 58 62
42 46 57 61
43 47 60 64
44 48 59 63
1 5 19 23
2 6 20 24
3 7 17 21
4 8 18 22
9 13 27 31
10 14 28 32
11 15 25 29
12 16 26 30
33 37 51 55
34 38 52 56
35 39 49 53
36 40 50 54
41 45 59 63
42 46 60 64
43 47 57 61
44 48 58 62
1 5 20 24
2 6 19 23
3 7 18 22
4 8 17 21
9 13 28 32
10 14 27 31
11 15 26 30
12 16 25 29
33 37 52 56
34 38 51 55
35 39 50 54
36 40 49 53
41 45 60 64
42 46 59 63
43 47 58 62
44 48 57 61
1 5 25 29
2 6 26 30
3 7 27 31
4 8 28 32
9 13 17 21
10 14 18 22
11 15 19 23
12 16 20 24
33 37 57 61
34 38 58 62
35 39 59 63
36 40 60 64
41 45 49 53
42 46 50 54
43 47 51 55
44 48 52 56
1 5 26 30
2 6 25 29
3 7 28 32
4 8 27 31
9 13 18 22
10 14 17 21
11 15 20 24
12 16 19 23
33 37 58 62
34 38 57 61
35 39 60 64
36 40 59 63
41 45 50 54
42 46 49 53
43 47 52 56
44 48 51 55
1 5 27 31
2 6 28 32
3 7 25 29
4 8 26 30
9 13 19 23
10 14 20 24
11 15 17 21
12 16 18 22
33 37 59 63
34 38 60 64
35 39 57 61
36 40 58 62
41 45 51 55
42 46 52 56
43 47 49 53
44 48 50 54
1 5 28 32
2 6 27 31
3 7 26 30
4 8 25 29
9 13 20 24
10 14 19 23
11 15 18 22
12 16 17 21
33 37 60 64
34 38 59 63
35 39 58 62
36 40 57 61
41 45 52 56
42 46 51 55
43 47 50 54
44 48 49 53
1 5 33 37
2 6 34 38
3 7 35 39
4 8 36 40
9 13 41 45
10 14 42 46
11 15 43 47
12 16 44 48
17 21 49 53
18 22 50 54
19 23 51 55
20 24 52 56
25 29 57 61
26 30 58 62
27 31 59 63
28 32 60 64
1 5 34 38
2 6 33 37
3 7 36 40
4 8 35 39
9 13 42 46
10 14 41 45
11 15 44 48
12 16 43 47
17 21 50 54
18 22 49 53
19 23 52 56
20 24 51 55
25 29 58 62
26 30 57 61
27 31 60 64
28 32 59 63
1 5 35 39
2 6 36 40
3 7 33 37
4 8 34 38
9 13 43 47
10 14 44 48
11 15 41 45
12 16 42 46
17 21 51 55
18 22 52 56
19 23 49 53
20 24 50 54
25 29 59 63
26 30 60 64
27 31 57 61
28 32 58 62
1 5 36 40
2 6 35 39
3 7 34 38
4 8 33 37
9 13 44 48
10 14 43 47
11 15 42 46
12 16 41 45
17 21 52 56
18 22 51 55
19 23 50 54
20 24 49 53
25 29 60 64
26 30 59 63
27 31 58 62
28 32 57 61
1 5 41 45
2 6 42 46
3 7 43 47
4 8 44 48
9 13 33 37
10 14 34 38
11 15 35 39
12 16 36 40
17 21 57 61
18 22 58 62
19 23 59 63
20 24 60 64
25 29 49 53
26 30 50 54
27 31 51 55
28 32 52 56
1 5 42 46
2 6 41 45
3 7 44 48
4 8 43 47
9 13 34 38
10 14 33 37
11 15 36 40
12 16 35 39
17 21 58 62
18 22 57 61
19 23 60 64
20 24 59 63
25 29 50 54
26 30 49 53
27 31 52 56
28 32 51 55
1 5 43 47
2 6 44 48
3 7 41 45
4 8 42 46
9 13 35 39
10 14 36 40
11 15 33 37
12 16 34 38
17 21 59 63
18 22 60 64
19 23 57 61
20 24 58 62
25 29 51 55
26 30 52 56
27 31 49 53
28 32 50 54
1 5 44 48
2 6 43 47
3 7 42 46
4 8 41 45
9 13 36 40
10 14 35 39
11 15 34 38
12 16 33 37
17 21 60 64
18 22 59 63
19 23 58 62
20 24 57 61
25 29 52 56
26 30 51 55
27 31 50 54
28 32 49 53
1 5 49 53
2 6 50 54
3 7 51 55
4 8 52 56
9 13 57 61
10 14 58 62
11 15 59 63
12 16 60 64
17 21 33 37
18 22 34 38
19 23 35 39
20 24 36 40
25 29 41 45
26 30 42 46
27 31 43 47
28 32 44 48
1 5 50 54
2 6 49 53
3 7 52 56
4 8 51 55
9 13 58 62
10 14 57 61
11 15 60 64
12 16 59 63
17 21 34 38
18 22 33 37
19 23 36 40
20 24 35 39
25 29 42 46
26 30 41 45
27 31 44 48
28 32 43 47
1 5 51 55
2 6 52 56
3 7 49 53
4 8 50 54
9 13 59 63
10 14 60 64
11 15 57 61
12 16 58 62
17 21 35 39
18 22 36 40
19 23 33 37
20 24 34 38
25 29 43 47
26 30 44 48
27 31 41 45
28 32 42 46
1 5 52 56
2 6 51 55
3 7 50 54
4 8 49 53
9 13 60 64
10 14 59 63
11 15 58 62
12 16 57 61
17 21 36 40
18 22 35 39
19 23 34 38
20 24 33 37
25 29 44 48
26 30 43 47
27 31 42 46
28 32 41 45
1 5 57 61
2 6 58 62
3 7 59 63
4 8 60 64
9 13 49 53
10 14 50 54
11 15 51 55
12 16 52 56
17 21 41 45
18 22 42 46
19 23 43 47
20 24 44 48
25 29 33 37
26 30 34 38
27 31 35 39
28 32 36 40
1 5 58 62
2 6 57 61
3 7 60 64
4 8 59 63
9 13 50 54
10 14 49 53
11 15 52 56
12 16 51 55
17 21 42 46
18 22 41 45
19 23 44 48
20 24 43 47
25 29 34 38
26 30 33 37
27 31 36 40
28 32 35 39
1 5 59 63
2 6 60 64
3 7 57 61
4 8 58 62
9 13 51 55
10 14 52 56
11 15 49 53
12 16 50 54
17 21 43 47
18 22 44 48
19 23 41 45
20 24 42 46
25 29 35 39
26 30 36 40
27 31 33 37
28 32 34 38
1 5 60 64
2 6 59 63
3 7 58 62
4 8 57 61
9 13 52 56
10 14 51 55
11 15 50 54
12 16 49 53
17 21 44 48
18 22 43 47
19 23 42 46
20 24 41 45
25 29 36 40
26 30 35 39
27 31 34 38
28 32 33 37
1 6 9 14
2 5 10 13
3 8 11 16
4 7 12 15
17 22 25 30
18 21 26 29
19 24 27 32
20 23 28 31
33 38 41 46
34 37 42 45
35 40 43 48
36 39 44 47
49 54 57 62
50 53 58 61
51 56 59 64
52 55 60 63
1 6 10 13
2 5 9 14
3 8 12 15
4 7 11 16
17 22 26 29
18 21 25 30
19 24 28 31
20 23 27 32
33 38 42 45
34 37 41 46
35 40 44 47
36 39 43 48
49 54 58 61
50 53 57 62
51 56 60 63
52 55 59 64
1 6 11 16
2 5 12 15
3 8 9 14
4 7 10 13
17 22 27 32
18 21 28 31
19 24 25 30
20 23 26 29
33 38 43 48
34 37 44 47
35 40 41 46
36 39 42 45
49 54 59 64
50 53 60 63
51 56 57 62
52 55 58 61
1 6 12 15
2 5 11 16
3 8 10 13
4 7 9 14
17 22 28 31
18 21 27 32
19 24 26 29
20 23 25 30
33 38 44 47
34 37 43 48
35 40 42 45
36 39 41 46
49 54 60 63
50 53 59 64
51 56 58 61
52 55 57 62
1 6 17 22
2 5 18 21
3 8 19 24
4 7 20 23
9 14 25 30
10 13 26 29
11 16 27 32
12 15 28 31
33 38 49 54
34 37 50 53
35 40 51 56
36 39 52 55
41 46 57 62
42 45 58 61
43 48 59 64
44 47 60 63
1 6 18 21
2 5 17 22
3 8 20 23
4 7 19 24
9 14 26 29
10 13 25 30
11 16 28 31
12 15 27 32
33 38 50 53
34 37 49 54
35 40 52 55
36 39 51 56
41 46 58 61
42 45 57 62
43 48 60 63
44 47 59 64
1 6 19 24
2 5 20 23
3 8 17 22
4 7 18 21
9 14 27 32
10 13 28 31
11 16 25 30
12 15 26 29
33 38 51 56
34 37 52 55
35 40 49 54
36 39 50 53
41 46 59 64
42 45 60 63
43 48 57 62
44 47 58 61
1 6 20 23
2 5 19 24
3 8 18 21
4 7 17 22
9 14 28 31
10 13 27 32
11 16 26 29
12 15 25 30
33 38 52 55
34 37 51 56
35 40 50 53
36 39 49 54
41 46 60 63
42 45 59 64
43 48 58 61
44 47 57 62
1 6 25 30
2 5 26 29
3 8 27 32
4 7 28 31
9 14 17 22
10 13 18 21
11 16 19 24
12 15 20 23
33 38 57 62
34 37 58 61
35 40 59 64
36 39 60 63
41 46 49 54
42 45 50 53
43 48 51 56
44 47 52 55
1 6 26 29
2 5 25 30
3 8 28 31
4 7 27 32
9 14 18 21
10 13 17 22
11 16 20 23
12 15 19 24
33 38 58 61
34 37 57 62
35 40 60 63
36 39 59 64
41 46 50 53
42 45 49 54
43 48 52 55
44 47 51 56
1 6 27 32
2 5 28 31
3 8 25 30
4 7 26 29
9 14 19 24
10 13 20 23
11 16 17 22
12 15 18 21
33 38 59 64
34 37 60 63
35 40 57 62
36 39 58 61
41 46 51 56
42 45 52 55
43 48 49 54
44 47 50 53
1 6 28 31
2 5 27 32
3 8 26 29
4 7 25 30
9 14 20 23
10 13 19 24
11 16 18 21
12 15 17 22
33 38 60 63
34 37 59 64
35 40 58 61
36 39 57 62
41 46 52 55
42 45 51 56
43 48 50 53
44 47 49 54
1 6 33 38
2 5 34 37
3 8 35 40
4 7 36 39
9 14 41 46
10 13 42 45
11 16 43 48
12 15 44 47
17 22 49 54
18 21 50 53
19 24 51 56
20 23 52 55
25 30 57 62
26 29 58 61
27 32 59 64
28 31 60 63
1 6 34 37
2 5 33 38
3 8 36 39
4 7 35 40
9 14 42 45
10 13 41 46
11 16 44 47
12 15 43 48
17 22 50 53
18 21 49 54
19 24 52 55
20 23 51 56
25 30 58 61
26 29 57 62
27 32 60 63
28 31 59 64
1 6 35 40
2 5 36 39
3 8 33 38
4 7 34 37
9 14 43 48
10 13 44 47
11 16 41 46
12 15 42 45
17 22 51 56
18 21 52 55
19 24 49 54
20 23 50 53
25 30 59 64
26 29 60 63
27 32 57 62
28 31 58 61
1 6 36 39
2 5 35 40
3 8 34 37
4 7 33 38
9 14 44 47
10 13 43 48
11 16 42 45
12 15 41 46
17 22 52 55
18 21 51 56
19 24 50 53
20 23 49 54
25 30 60 63
26 29 59 64
27 32 58 61
28 31 57 62
1 6 41 46
2 5 42 45
3 8 43 48
4 7 44 47
9 14 33 38
10 13 34 37
11 16 35 40
12 15 36 39
17 22 57 62
18 21 58 61
19 24 59 64
20 23 60 63
25 30 49 54
26 29 50 53
27 32 51 56
28 31 52 55
1 6 42 45
2 5 41 46
3 8 44 47
4 7 43 48
9 14 34 37
10 13 33 38
11 16 36 39
12 15 35 40
17 22 58 61
18 21 57 62
19 24 60 63
20 23 59 64
25 30 50 53
26 29 49 54
27 32 52 55
28 31 51 56
1 6 43 48
2 5 44 47
3 8 41 46
4 7 42 45
9 14 35 40
10 13 36 39
11 16 33 38
12 15 34 37
17 22 59 64
18 21 60 63
19 24 57 62
20 23 58 61
25 30 51 56
26 29 52 55
27 32 49 54
28 31 50 53
1 6 44 47
2 5 43 48
3 8 42 45
4 7 41 46
9 14 36 39
10 13 35 40
11 16 34 37
12 15 33 38
17 22 60 63
18 21 59 64
19 24 58 61
20 23 57 62
25 30 52 55
26 29 51 56
27 32 50 53
28 31 49 54
1 6 49 54
2 5 50 53
3 8 51 56
4 7 52 55
9 14 57 62
10 13 58 61
11 16 59 64
12 15 60 63
17 22 33 38
18 21 34 37
19 24 35 40
20 23 36 39
25 30 41 46
26 29 42 45
27 32 43 48
28 31 44 47
1 6 50 53
2 5 49 54
3 8 52 55
4 7 51 56
9 14 58 61
10 13 57 62
11 16 60 63
12 15 59 64
17 22 34 37
18 21 33 38
19 24 36 39
20 23 35 40
25 30 42 45
26 29 41 46
27 32 44 47
28 31 43 48
1 6 51 56
2 5 52 55
3 8 49 54
4 7 50 53
9 14 59 64
10 13 60 63
11 16 57 62
12 15 58 61
17 22 35 40
18 21 36 39
19 24 33 38
20 23 34 37
25 30 43 48
26 29 44 47
27 32 41 46
28 31 42 45
1 6 52 55
2 5 51 56
3 8 50 53
4 7 49 54
9 14 60 63
10 13 59 64
11 16 58 61
12 15 57 62
17 22 36 39
18 21 35 40
19 24 34 37
20 23 33 38
25 30 44 47
26 29 43 48
27 32 42 45
28 31 41 46
1 6 57 62
2 5 58 61
3 8 59 64
4 7 60 63
9 14 49 54
10 13 50 53
11 16 51 56
12 15 52 55
17 22 41 46
18 21 42 45
19 24 43 48
20 23 44 47
25 30 33 38
26 29 34 37
27 32 35 40
28 31 36 39
1 6 58 61
2 5 57 62
3 8 60 63
4 7 59 64
9 14 50 53
10 13 49 54
11 16 52 55
12 15 51 56
17 22 42 45
18 21 41 46
19 24 44 47
20 23 43 48
25 30 34 37
26 29 33 38
27 32 36 39
28 31 35 40
1 6 59 64
2 5 60 63
3 8 57 62
4 7 58 61
9 14 51 56
10 13 52 55
11 16 49 54
12 15 50 53
17 22 43 48
18 21 44 47
19 24 41 46
20 23 42 45
25 30 35 40
26 29 36 39
27 32 33 38
28 31 34 37
1 6 60 63
2 5 59 64
3 8 58 61
4 7 57 62
9 14 52 55
10 13 51 56
11 16 50 53
12 15 49 54
17 22 44 47
18 21 43 48
19 24 42 45
20 23 41 46
25 30 36 39
26 29 35 40
27 32 34 37
28 31 33 38
1 7 9 15
2 8 10 16
3 5 11 13
4 6 12 14
17 23 25 31
18 24 26 32
19 21 27 29
20 22 28 30
33 39 41 47
34 40 42 48
35 37 43 45
36 38 44 46
49 55 57 63
50 56 58 64
51 53 59 61
52 54 60 62
1 7 10 16
2 8 9 15
3 5 12 14
4 6 11 13
17 23 26 32
18 24 25 31
19 21 28 30
20 22 27 29
33 39 42 48
34 40 41 47
35 37 44 46
36 38 43 45
49 55 58 64
50 56 57 63
51 53 60 62
52 54 59 61
1 7 11 13
2 8 12 14
3 5 9 15
4 6 10 16
17 23 27 29
18 24 28 30
19 21 25 31
20 22 26 32
33 39 43 45
34 40 44 46
35 37 41 47
36 38 42 48
49 55 59 61
50 56 60 62
51 53 57 63
52 54 58 64
1 7 12 14
2 8 11 13
3 5 10 16
4 6 9 15
17 23 28 30
18 24 27 29
19 21 26 32
20 22 25 31
33 39 44 46
34 40 43 45
35 37 42 48
36 38 41 47
49 55 60 62
50 56 59 61
51 53 58 64
52 54 57 63
1 7 17 23
2 8 18 24
3 5 19 21
4 6 20 22
9 15 25 31
10 16 26 32
11 13 27 29
12 14 28 30
33 39 49 55
34 40 50 56
35 37 51 53
36 38 52 54
41 47 57 63
42 48 58 64
43 45 59 61
44 46 60 62
1 7 18 24
2 8 17 23
3 5 20 22
4 6 19 21
9 15 26 32
10 16 25 31
11 13 28 30
12 14 27 29
33 39 50 56
34 40 49 55
35 37 52 54
36 38 51 53
41 47 58 64
42 48 57 63
43 45 60 62
44 46 59 61
1 7 19 21
2 8 20 22
3 5 17 23
4 6 18 24
9 15 27 29
10 16 28 30
11 13 25 31
12 14 26 32
33 39 51 53
34 40 52 54
35 37 49 55
36 38 50 56
41 47 59 61
42 48 60 62
43 45 57 63
44 46 58 64
1 7 20 22
2 8 19 21
3 5 18 24
4 6 17 23
9 15 28 30
10 16 27 29
11 13 26 32
12 14 25 31
33 39 52 54
34 40 51 53
35 37 50 56
36 38 49 55
41 47 60 62
42 48 59 61
43 45 58 64
44 46 57 63
1 7 25 31
2 8 26 32
3 5 27 29
4 6 28 30
9 15 17 23
10 16 18 24
11 13 19 21
12 14 20 22
33 39 57 63
34 40 58 64
35 37 59 61
36 38 60 62
41 47 49 55
42 48 50 56
43 45 51 53
44 46 52 54
1 7 26 32
2 8 25 31
3 5 28 30
4 6 27 29
9 15 18 24
10 16 17 23
11 13 20 22
12 14 19 21
33 39 58 64
34 40 57 63
35 37 60 62
36 38 59 61
41 47 50 56
42 48 49 55
43 45 52 54
44 46 51 53
1 7 27 29
2 8 28 30
3 5 25 31
4 6 26 32
9 15 19 21
10 16 20 22
11 13 17 23
12 14 18 24
33 39 59 61
34 40 60 62
35 37 57 63
36 38 58 64
41 47 51 53
42 48 52 54
43 45 49 55
44 46 50 56
1 7 28 30
2 8 27 29
3 5 26 32
4 6 25 31
9 15 20 22
10 16 19 21
11 13 18 24
12 14 17 23
33 39 60 62
34 40 59 61
35 37 58 64
36 38 57 63
41 47 52 54
42 48 51 53
43 45 50 56
44 46 49 55
1 7 33 39
2 8 34 40
3 5 35 37
4 6 36 38
9 15 41 47
10 16 42 48
11 13 43 45
12 14 44 46
17 23 49 55
18 24 50 56
19 21 51 53
20 22 52 54
25 31 57 63
26 32 58 64
27 29 59 61
28 30 60 62
1 7 34 40
2 8 33 39
3 5 36 38
4 6 35 37
9 15 42 48
10 16 41 47
11 13 44 46
12 14 43 45
17 23 50 56
18 24 49 55
19 21 52 54
20 22 51 53
25 31 58 64
26 32 57 63
27 29 60 62
28 30 59 61
1 7 35 37
2 8 36 38
3 5 33 39
4 6 34 40
9 15 43 45
10 16 44 46
11 13 41 47
12 14 42 48
17 23 51 53
18 24 52 54
19 21 49 55
20 22 50 56
25 31 59 61
26 32 60 62
27 29 57 63
28 30 58 64
1 7 36 38
2 8 35 37
3 5 34 40
4 6 33 39
9 15 44 46
10 16 43 45
11 13 42 48
12 14 41 47
17 23 52 54
18 24 51 53
19 21 50 56
20 22 49 55
25 31 60 62
26 32 59 61
27 29 58 64
28 30 57 63
1 7 41 47
2 8 42 48
3 5 43 45
4 6 44 46
9 15 33 39
10 16 34 40
11 13 35 37
12 14 36 38
17 23 57 63
18 24 58 64
19 21 59 61
20 22 60 62
25 31 49 55
26 32 50 56
27 29 51 53
28 30 52 54
1 7 42 48
2 8 41 47
3 5 44 46
4 6 43 45
9 15 34 40
10 16 33 39
11 13 36 38
12 14 35 37
17 23 58 64
18 24 57 63
19 21 60 62
20 22 59 61
25 31 50 56
26 32 49 55
27 29 52 54
28 30 51 53
1 7 43 45
2 8 44 46
3 5 41 47
4 6 42 48
9 15 35 37
10 16 36 38
11 13 33 39
12 14 34 40
17 23 59 61
18 24 60 62
19 21 57 63
20 22 58 64
25 31 51 53
26 32 52 54
27 29 49 55
28 30 50 56
1 7 44 46
2 8 43 45
3 5 42 48
4 6 41 47
9 15 36 38
10 16 35 37
11 13 34 40
12 14 33 39
17 23 60 62
18 24 59 61
19 21 58 64
20 22 57 63
25 31 52 54
26 32 51 53
27 29 50 56
28 30 49 55
1 7 49 55
2 8 50 56
3 5 51 53
4 6 52 54
9 15 57 63
10 16 58 64
11 13 59 61
12 14 60 62
17 23 33 39
18 24 34 40
19 21 35 37
20 22 36 38
25 31 41 47
26 32 42 48
27 29 43 45
28 30 44 46
1 7 50 56
2 8 49 55
3 5 52 54
4 6 51 53
9 15 58 64
10 16 57 63
11 13 60 62
12 14 59 61
17 23 34 40
18 24 33 39
19 21 36 38
20 22 35 37
25 31 42 48
26 32 41 47
27 29 44 46
28 30 43 45
1 7 51 53
2 8 52 54
3 5 49 55
4 6 50 56
9 15 59 61
10 16 60 62
11 13 57 63
12 14 58 64
17 23 35 37
18 24 36 38
19 21 33 39
20 22 34 40
25 31 43 45
26 32 44 46
27 29 41 47
28 30 42 48
1 7 52 54
2 8 51 53
3 5 50 56
4 6 49 55
9 15 60 62
10 16 59 61
11 13 58 64
12 14 57 63
17 23 36 38
18 24 35 37
19 21 34 40
20 22 33 39
25 31 44 46
26 32 43 45
27 29 42 48
28 30 41 47
1 7 57 63
2 8 58 64
3 5 59 61
4 6 60 62
9 15 49 55
10 16 50 56
11 13 51 53
12 14 52 54
17 23 41 47
18 24 42 48
19 21 43 45
20 22 44 46
25 31 33 39
26 32 34 40
27 29 35 37
28 30 36 38
1 7 58 64
2 8 57 63
3 5 60 62
4 6 59 61
9 15 50 56
10 16 49 55
11 13 52 54
12 14 51 53
17 23 42 48
18 24 41 47
19 21 44 46
20 22 43 45
25 31 34 40
26 32 33 39
27 29 36 38
28 30 35 37
1 7 59 61
2 8 60 62
3 5 57 63
4 6 58 64
9 15 51 53
10 16 52 54
11 13 49 55
12 14 50 56
17 23 43 45
18 24 44 46
19 21 41 47
20 22 42 48
25 31 35 37
26 32 36 38
27 29 33 39
28 30 34 40
1 7 60 62
2 8 59 61
3 5 58 64
4 6 57 63
9 15 52 54
10 16 51 53
11 13 50 56
12 14 49 55
17 23 44 46
18 24 43 45
19 21 42 48
20 22 41 47
25 31 36 38
26 32 35 37
27 29 34 40
28 30 33 39
1 8 9 16
2 7 10 15
3 6 11 14
4 5 12 13
17 24 25 32
18 23 26 31
19 22 27 30
20 21 28 29
33 40 41 48
34 39 42 47
35 38 43 46
36 37 44 45
49 56 57 64
50 55 58 63
51 54 59 62
52 53 60 61
1 8 10 15
2 7 9 16
3 6 12 13
4 5 11 14
17 24 26 31
18 23 25 32
19 22 28 29
20 21 27 30
33 40 42 47
34 39 41 48
35 38 44 45
36 37 43 46
49 56 58 63
50 55 57 64
51 54 60 61
52 53 59 62
1 8 11 14
2 7 12 13
3 6 9 16
4 5 10 15
17 24 27 30
18 23 28 29
19 22 25 32
20 21 26 31
33 40 43 46
34 39 44 45
35 38 41 48
36 37 42 47
49 56 59 62
50 55 60 61
51 54 57 64
52 53 58 63
1 8 12 13
2 7 11 14
3 6 10 15
4 5 9 16
17 24 28 29
18 23 27 30
19 22 26 31
20 21 25 32
33 40 44 45
34 39 43 46
35 38 42 47
36 37 41 48
49 56 60 61
50 55 59 62
51 54 58 63
52 53 57 64
1 8 17 24
2 7 18 23
3 6 19 22
4 5 20 21
9 16 25 32
10 15 26 31
11 14 27 30
12 13 28 29
33 40 49 56
34 39 50 55
35 38 51 54
36 37 52 53
41 48 57 64
42 47 58 63
43 46 59 62
44 45 60 61
1 8 18 23
2 7 17 24
3 6 20 21
4 5 19 22
9 16 26 31
10 15 25 32
11 14 28 29
12 13 27 30
33 40 50 55
34 39 49 56
35 38 52 53
36 37 51 54
41 48 58 63
42 47 57 64
43 46 60 61
44 45 59 62
1 8 19 22
2 7 20 21
3 6 17 24
4 5 18 23
9 16 27 30
10 15 28 29
11 14 25 32
12 13 26 31
33 40 51 54
34 39 52 53
35 38 49 56
36 37 50 55
41 48 59 62
42 47 60 61
43 46 57 64
44 45 58 63
1 8 20 21
2 7 19 22
3 6 18 23
4 5 17 24
9 16 28 29
10 15 27 30
11 14 26 31
12 13 25 32
33 40 52 53
34 39 51 54
35 38 50 55
36 37 49 56
41 48 60 61
42 47 59 62
43 46 58 63
44 45 57 64
1 8 25 32
2 7 26 31
3 6 27 30
4 5 28 29
9 16 17 24
10 15 18 23
11 14 19 22
12 13 20 21
33 40 57 64
34 39 58 63
35 38 59 62
36 37 60 61
41 48 49 56
42 47 50 55
43 46 51 54
44 45 52 53
1 8 26 31
2 7 25 32
3 6 28 29
4 5 27 30
9 16 18 23
10 15 17 24
11 14 20 21
12 13 19 22
33 40 58 63
34 39 57 64
35 38 60 61
36 37 59 62
41 48 50 55
42 47 49 56
43 46 52 53
44 45 51 54
1 8 27 30
2 7 28 29
3 6 25 32
4 5 26 31
9 16 19 22
10 15 20 21
11 14 17 24
12 13 18 23
33 40 59 62
34 39 60 61
35 38 57 64
36 37 58 63
41 48 51 54
42 47 52 53
43 46 49 56
44 45 50 55
1 8 28 29
2 7 27 30
3 6 26 31
4 5 25 32
9 16 20 21
10 15 19 22
11 14 18 23
12 13 17 24
33 40 60 61
34 39 59 62
35 38 58 63
36 37 57 64
41 48 52 53
42 47 51 54
43 46 50 55
44 45 49 56
1 8 33 40
2 7 34 39
3 6 35 38
4 5 36 37
9 16 41 48
10 15 42 47
11 14 43 46
12 13 44 45
17 24 49 56
18 23 50 55
19 22 51 54
20 21 52 53
25 32 57 64
26 31 58 63
27 30 59 62
28 29 60 61
1 8 34 39
2 7 33 40
3 6 36 37
4 5 35 38
9 16 42 47
10 15 41 48
11 14 44 45
12 13 43 46
17 24 50 55
18 23 49 56
19 22 52 53
20 21 51 54
25 32 58 63
26 31 57 64
27 30 60 61
28 29 59 62
1 8 35 38
2 7 36 37
3 6 33 40
4 5 34 39
9 16 43 46
10 15 44 45
11 14 41 48
12 13 42 47
17 24 51 54
18 23 52 53
19 22 49 56
20 21 50 55
25 32 59 62
26 31 60 61
27 30 57 64
28 29 58 63
1 8 36 37
2 7 35 38
3 6 34 39
4 5 33 40
9 16 44 45
10 15 43 46
11 14 42 47
12 13 41 48
17 24 52 53
18 23 51 54
19 22 50 55
20 21 49 56
25 32 60 61
26 31 59 62
27 30 58 63
28 29 57 64
1 8 41 48
2 7 42 47
3 6 43 46
4 5 44 45
9 16 33 40
10 15 34 39
11 14 35 38
12 13 36 37
17 24 57 64
18 23 58 63
19 22 59 62
20 21 60 61
25 32 49 56
26 31 50 55
27 30 51 54
28 29 52 53
1 8 42 47
2 7 41 48
3 6 44 45
4 5 43 46
9 16 34 39
10 15 33 40
11 14 36 37
12 13 35 38
17 24 58 63
18 23 57 64
19 22 60 61
20 21 59 62
25 32 50 55
26 31 49 56
27 30 52 53
28 29 51 54
1 8 43 46
2 7 44 45
3 6 41 48
4 5 42 47
9 16 35 38
10 15 36 37
11 14 33 40
12 13 34 39
17 24 59 62
18 23 60 61
19 22 57 64
20 21 58 63
25 32 51 54
26 31 52 53
27 30 49 56
28 29 50 55
1 8 44 45
2 7 43 46
3 6 42 47
4 5 41 48
9 16 36 37
10 15 35 38
11 14 34 39
12 13 33 40
17 24 60 61
18 23 59 62
19 22 58 63
20 21 57 64
25 32 52 53
26 31 51 54
27 30 50 55
28 29 49 56
1 8 49 56
2 7 50 55
3 6 51 54
4 5 52 53
9 16 57 64
10 15 58 63
11 14 59 62
12 13 60 61
17 24 33 40
18 23 34 39
19 22 35 38
20 21 36 37
25 32 41 48
26 31 42 47
27 30 43 46
28 29 44 45
1 8 50 55
2 7 49 56
3 6 52 53
4 5 51 54
9 16 58 63
10 15 57 64
11 14 60 61
12 13 59 62
17 24 34 39
18 23 33 40
19 22 36 37
20 21 35 38
25 32 42 47
26 31 41 48
27 30 44 45
28 29 43 46
1 8 51 54
2 7 52 53
3 6 49 56
4 5 50 55
9 16 59 62
10 15 60 61
11 14 57 64
12 13 58 63
17 24 35 38
18 23 36 37
19 22 33 40
20 21 34 39
25 32 43 46
26 31 44 45
27 30 41 48
28 29 42 47
1 8 52 53
2 7 51 54
3 6 50 55
4 5 49 56
9 16 60 61
10 15 59 62
11 14 58 63
12 13 57 64
17 24 36 37
18 23 35 38
19 22 34 39
20 21 33 40
25 32 44 45
26 31 43 46
27 30 42 47
28 29 41 48
1 8 57 64
2 7 58 63
3 6 59 62
4 5 60 61
9 16 49 56
10 15 50 55
11 14 51 54
12 13 52 53
17 24 41 48
18 23 42 47
19 22 43 46
20 21 44 45
25 32 33 40
26 31 34 39
27 30 35 38
28 29 36 37
1 8 58 63
2 7 57 64
3 6 60 61
4 5 59 62
9 16 50 55
10 15 49 56
11 14 52 53
12 13 51 54
17 24 42 47
18 23 41 48
19 22 44 45
20 21 43 46
25 32 34 39
26 31 33 40
27 30 36 37
28 29 35 38
1 8 59 62
2 7 60 61
3 6 57 64
4 5 58 63
9 16 51 54
10 15 52 53
11 14 49 56
12 13 50 55
17 24 43 46
18 23 44 45
19 22 41 48
20 21 42 47
25 32 35 38
26 31 36 37
27 30 33 40
28 29 34 39
1 8 60 61
2 7 59 62
3 6 58 63
4 5 57 64
9 16 52 53
10 15 51 54
11 14 50 55
12 13 49 56
17 24 44 45
18 23 43 46
19 22 42 47
20 21 41 48
25 32 36 37
26 31 35 38
27 30 34 39
28 29 33 40
1 9 17 25
2 10 18 26
3 11 19 27
4 12 20 28
5 13 21 29
6 14 22 30
7 15 23 31
8 16 24 32
33 41 49 57
34 42 50 58
35 43 51 59
36 44 52 60
37 45 53 61
38 46 54 62
39 47 55 63
40 48 56 64
1 9 18 26
2 10 17 25
3 11 20 28
4 12 19 27
5 13 22 30
6 14 21 29
7 15 24 32
8 16 23 31
33 41 50 58
34 42 49 57
35 43 52 60
36 44 51 59
37 45 54 62
38 46 53 61
39 47 56 64
40 48 55 63
1 9 19 27
2 10 20 28
3 11 17 25
4 12 18 26
5 13 23 31
6 14 24 32
7 15 21 29
8 16 22 30
33 41 51 59
34 42 52 60
35 43 49 57
36 44 50 58
37 45 55 63
38 46 56 64
39 47 53 61
40 48 54 62
1 9 20 28
2 10 19 27
3 11 18 26
4 12 17 25
5 13 24 32
6 14 23 31
7 15 22 30
8 16 21 29
33 41 52 60
34 42 51 59
35 43 50 58
36 44 49 57
37 45 56 64
38 46 55 63
39 47 54 62
40 48 53 61
1 9 21 29
2 10 22 30
3 11 23 31
4 12 24 32
5 13 17 25
6 14 18 26
7 15 19 27
8 16 20 28
33 41 53 61
34 42 54 62
35 43 55 63
36 44 56 64
37 45 49 57
38 46 50 58
39 47 51 59
40 48 52 60
1 9 22 30
2 10 21 29
3 11 24 32
4 12 23 31
5 13 18 26
6 14 17 25
7 15 20 28
8 16 19 27
33 41 54 62
34 42 53 61
35 43 56 64
36 44 55 63
37 45 50 58
38 46 49 57
39 47 52 60
40 48 51 59
1 9 23 31
2 10 24 32
3 11 21 29
4 12 22 30
5 13 19 27
6 14 20 28
7 15 17 25
8 16 18 26
33 41 55 63
34 42 56 64
35 43 53 61
36 44 54 62
37 45 51 59
38 46 52 60
39 47 49 57
40 48 50 58
1 9 24 32
2 10 23 31
3 11 22 30
4 12 21 29
5 13 20 28
6 14 19 27
7 15 18 26
8 16 17 25
33 41 56 64
34 42 55 63
35 43 54 62
36 44 53 61
37 45 52 60
38 46 51 59
39 47 50 58
40 48 49 57
1 9 33 41
2 10 34 42
3 11 35 43
4 12 36 44
5 13 37 45
6 14 38 46
7 15 39 47
8 16 40 48
17 25 49 57
18 26 50 58
19 27 51 59
20 28 52 60
21 29 53 61
22 30 54 62
23 31 55 63
24 32 56 64
1 9 34 42
2 10 33 41
3 11 36 44
4 12 35 43
5 13 38 46
6 14 37 45
7 15 40 48
8 16 39 47
17 25 50 58
18 26 49 57
19 27 52 60
20 28 51 59
21 29 54 62
22 30 53 61
23 31 56 64
24 32 55 63
1 9 35 43
2 10 36 44
3 11 33 41
4 12 34 42
5 13 39 47
6 14 40 48
7 15 37 45
8 16 38 46
17 25 51 59
18 26 52 60
19 27 49 57
20 28 50 58
21 29 55 63
22 30 56 64
23 31 53 61
24 32 54 62
1 9 36 44
2 10 35 43
3 11 34 42
4 12 33 41
5 13 40 48
6 14 39 47
7 15 38 46
8 16 37 45
17 25 52 60
18 26 51 59
19 27 50 58
20 28 49 57
21 29 56 64
22 30 55 63
23 31 54 62
24 32 53 61
1 9 37 45
2 10 38 46
3 11 39 47
4 12 40 48
5 13 33 41
6 14 34 42
7 15 35 43
8 16 36 44
17 25 53 61
18 26 54 62
19 27 55 63
20 28 56 64
21 29 49 57
22 30 50 58
23 31 51 59
24 32 52 60
1 9 38 46
2 10 37 45
3 11 40 48
4 12 39 47
5 13 34 42
6 14 33 41
7 15 36 44
8 16 35 43
17 25 54 62
18 26 53 61
19 27 56 64
20 28 55 63
21 29 50 58
22 30 49 57
23 31 52 60
24 32 51 59
1 9 39 47
2 10 40 48
3 11 37 45
4 12 38 46
5 13 35 43
6 14 36 44
7 15 33 41
8 16 34 42
17 25 55 63
18 26 56 64
19 27 53 61
20 28 54 62
21 29 51 59
22 30 52 60
23 31 49 57
24 32 50 58
1 9 40 48
2 10 39 47
3 11 38 46
4 12 37 45
5 13 36 44
6 14 35 43
7 15 34 42
8 16 33 41
17 25 56 64
18 26 55 63
19 27 54 62
20 28 53 61
21 29 52 60
22 30 51 59
23 31 50 58
24 32 49 57
1 9 49 57
2 10 50 58
3 11 51 59
4 12 52 60
5 13 53 61
6 14 54 62
7 15 55 63
8 16 56 64
17 25 33 41
18 26 34 42
19 27 35 43
20 28 36 44
21 29 37 45
22 30 38 46
23 31 39 47
24 32 40 48
1 9 50 58
2 10 49 57
3 11 52 60
4 12 51 59
5 13 54 62
6 14 53 61
7 15 56 64
8 16 55 63
17 25 34 42
18 26 33 41
19 27 36 44
20 28 35 43
21 29 38 46
22 30 37 45
23 31 40 48
24 32 39 47
1 9 51 59
2 10 52 60
3 11 49 57
4 12 50 58
5 13 55 63
6 14 56 64
7 15 53 61
8 16 54 62
17 25 35 43
18 26 36 44
19 27 33 41
20 28 34 42
21 29 39 47
22 30 40 48
23 31 37 45
24 32 38 46
1 9 52 60
2 10 51 59
3 11 50 58
4 12 49 57
5 13 56 64
6 14 55 63
7 15 54 62
8 16 53 61
17 25 36 44
18 26 35 43
19 27 34 42
20 28 33 41
21 29 40 48
22 30 39 47
23 31 38 46
24 32 37 45
1 9 53 61
2 10 54 62
3 11 55 63
4 12 56 64
5 13 49 57
6 14 50 58
7 15 51 59
8 16 52 60
17 25 37 45
18 26 38 46
19 27 39 47
20 28 40 48
21 29 33 41
22 30 34 42
23 31 35 43
24 32 36 44
1 9 54 62
2 10 53 61
3 11 56 64
4 12 55 63
5 13 50 58
6 14 49 57
7 15 52 60
8 16 51 59
17 25 38 46
18 26 37 45
19 27 40 48
20 28 39 47
21 29 34 42
22 30 33 41
23 31 36 44
24 32 35 43
1 9 55 63
2 10 56 64
3 11 53 61
4 12 54 62
5 13 51 59
6 14 52 60
7 15 49 57
8 16 50 58
17 25 39 47
18 26 40 48
19 27 37 45
20 28 38 46
21 29 35 43
22 30 36 44
23 31 33 41
24 32 34 42
1 9 56 64
2 10 55 63
3 11 54 62
4 12 53 61
5 13 52 60
6 14 51 59
7 15 50 58
8 16 49 57
17 25 40 48
18 26 39 47
19 27 38 46
20 28 37 45
21 29 36 44
22 30 35 43
23 31 34 42
24 32 33 41
1 10 17 26
2 9 18 25
3 12 19 28
4 11 20 27
5 14 21 30
6 13 22 29
7 16 23 32
8 15 24 31
33 42 49 58
34 41 50 57
35 44 51 60
36 43 52 59
37 46 53 62
38 45 54 61
39 48 55 64
40 47 56 63
1 10 18 25
2 9 17 26
3 12 20 27
4 11 19 28
5 14 22 29
6 13 21 30
7 16 24 31
8 15 23 32
33 42 50 57
34 41 49 58
35 44 52 59
36 43 51 60
37 46 54 61
38 45 53 62
39 48 56 63
40 47 55 64
1 10 19 28
2 9 20 27
3 12 17 26
4 11 18 25
5 14 23 32
6 13 24 31
7 16 21 30
8 15 22 29
33 42 51 60
34 41 52 59
35 44 49 58
36 43 50 57
37 46 55 64
38 45 56 63
39 48 53 62
40 47 54 61
1 10 20 27
2 9 19 28
3 12 18 25
4 11 17 26
5 14 24 31
6 13 23 32
7 16 22 29
8 15 21 30
33 42 52 59
34 41 51 60
35 44 50 57
36 43 49 58
37 46 56 63
38 45 55 64
39 48 54 61
40 47 53 62
1 10 21 30
2 9 22 29
3 12 23 32
4 11 24 31
5 14 17 26
6 13 18 25
7 16 19 28
8 15 20 27
33 42 53 62
34 41 54 61
35 44 55 64
36 43 56 63
37 46 49 58
38 45 50 57
39 48 51 60
40 47 52 59
1 10 22 29
2 9 21 30
3 12 24 31
4 11 23 32
5 14 18 25
6 13 17 26
7 16 20 27
8 15 19 28
33 42 54 61
34 41 53 62
35 44 56 63
36 43 55 64
37 46 50 57
38 45 49 58
39 48 52 59
40 47 51 60
1 10 23 32
2 9 24 31
3 12 21 30
4 11 22 29
5 14 19 28
6 13 20 27
7 16 17 26
8 15 18 25
33 42 55 64
34 41 56 63
35 44 53 62
36 43 54 61
37 46 51 60
38 45 52 59
39 48 49 58
40 47 50 57
1 10 24 31
2 9 23 32
3 12 22 29
4 11 21 30
5 14 20 27
6 13 19 28
7 16 18 25
8 15 17 26
33 42 56 63
34 41 55 64
35 44 54 61
36 43 53 62
37 46 52 59
38 45 51 60
39 48 50 57
40 47 49 58
1 10 33 42
2 9 34 41
3 12 35 44
4 11 36 43
5 14 37 46
6 13 38 45
7 16 39 48
8 15 40 47
17 26 49 58
18 25 50 57
19 28 51 60
20 27 52 59
21 30 53 62
22 29 54 61
23 32 55 64
24 31 56 63
1 10 34 41
2 9 33 42
3 12 36 43
4 11 35 44
5 14 38 45
6 13 37 46
7 16 40 47
8 15 39 48
17 26 50 57
18 25 49 58
19 28 52 59
20 27 51 60
21 30 54 61
22 29 53 62
23 32 56 63
24 31 55 64
1 10 35 44
2 9 36 43
3 12 33 42
4 11 34 41
5 14 39 48
6 13 40 47
7 16 37 46
8 15 38 45
17 26 51 60
18 25 52 59
19 28 49 58
20 27 50 57
21 30 55 64
22 29 56 63
23 32 53 62
24 31 54 61
1 10 36 43
2 9 35 44
3 12 34 41
4 11 33 42
5 14 40 47
6 13 39 48
7 16 38 45
8 15 37 46
17 26 52 59
18 25 51 60
19 28 50 57
20 27 49 58
21 30 56 63
22 29 55 64
23 32 54 61
24 31 53 62
1 10 37 46
2 9 38 45
3 12 39 48
4 11 40 47
5 14 33 42
6 13 34 41
7 16 35 44
8 15 36 43
17 26 53 62
18 25 54 61
19 28 55 64
20 27 56 63
21 30 49 58
22 29 50 57
23 32 51 60
24 31 52 59
1 10 38 45
2 9 37 46
3 12 40 47
4 11 39 48
5 14 34 41
6 13 33 42
7 16 36 43
8 15 35 44
17 26 54 61
18 25 53 62
19 28 56 63
20 27 55 64
21 30 50 57
22 29 49 58
23 32 52 59
24 31 51 60
1 10 39 48
2 9 40 47
3 12 37 46
4 11 38 45
5 14 35 44
6 13 36 43
7 16 33 42
8 15 34 41
17 26 55 64
18 25 56 63
19 28 53 62
20 27 54 61
21 30 51 60
22 29 52 59
23 32 49 58
24 31 50 57
1 10 40 47
2 9 39 48
3 12 38 45
4 11 37 46
5 14 36 43
6 13 35 44
7 16 34 41
8 15 33 42
17 26 56 63
18 25 55 64
19 28 54 61
20 27 53 62
21 30 52 59
22 29 51 60
23 32 50 57
24 31 49 58
1 10 49 58
2 9 50 57
3 12 51 60
4 11 52 59
5 14 53 62
6 13 54 61
7 16 55 64
8 15 56 63
17 26 33 42
18 25 34 41
19 28 35 44
20 27 36 43
21 30 37 46
22 29 38 45
23 32 39 48
24 31 40 47
1 10 50 57
2 9 49 58
3 12 52 59
4 11 51 60
5 14 54 61
6 13 53 62
7 16 56 63
8 15 55 64
17 26 34 41
18 25 33 42
19 28 36 43
20 27 35 44
21 30 38 45
22 29 37 46
23 32 40 47
24 31 39 48
1 10 51 60
2 9 52 59
3 12 49 58
4 11 50 57
5 14 55 64
6 13 56 63
7 16 53 62
8 15 54 61
17 26 35 44
18 25 36 43
19 28 33 42
20 27 34 41
21 30 39 48
22 29 40 47
23 32 37 46
24 31 38 45
1 10 52 59
2 9 51 60
3 12 50 57
4 11 49 58
5 14 56 63
6 13 55 64
7 16 54 61
8 15 53 62
17 26 36 43
18 25 35 44
19 28 34 41
20 27 33 42
21 30 40 47
22 29 39 48
23 32 38 45
24 31 37 46
1 10 53 62
2 9 54 61
3 12 55 64
4 11 56 63
5 14 49 58
6 13 50 57
7 16 51 60
8 15 52 59
17 26 37 46
18 25 38 45
19 28 39 48
20 27 40 47
21 30 33 42
22 29 34 41
23 32 35 44
24 31 36 43
1 10 54 61
2 9 53 62
3 12 56 63
4 11 55 64
5 14 50 57
6 13 49 58
7 16 52 59
8 15 51 60
17 26 38 45
18 25 37 46
19 28 40 47
20 27 39 48
21 30 34 41
22 29 33 42
23 32 36 43
24 31 35 44
1 10 55 64
2 9 56 63
3 12 53 62
4 11 54 61
5 14 51 60
6 13 52 59
7 16 49 58
8 15 50 57
17 26 39 48
18 25 40 47
19 28 37 46
20 27 38 45
21 30 35 44
22 29 36 43
23 32 33 42
24 31 34 41
1 10 56 63
2 9 55 64
3 12 54 61
4 11 53 62
5 14 52 59
6 13 51 60
7 16 50 57
8 15 49 58
17 26 40 47
18 25 39 48
19 28 38 45
20 27 37 46
21 30 36 43
22 29 35 44
23 32 34 41
24 31 33 42
1 11 17 27
2 12 18 28
3 9 19 25
4 10 20 26
5 15 21 31
6 16 22 32
7 13 23 29
8 14 24 30
33 43 49 59
34 44 50 60
35 41 51 57
36 42 52 58
37 47 53 63
38 48 54 64
39 45 55 61
40 46 56 62
1 11 18 28
2 12 17 27
3 9 20 26
4 10 19 25
5 15 22 32
6 16 21 31
7 13 24 30
8 14 23 29
33 43 50 60
34 44 49 59
35 41 52 58
36 42 51 57
37 47 54 64
38 48 53 63
39 45 56 62
40 46 55 61
1 11 19 25
2 12 20 26
3 9 17 27
4 10 18 28
5 15 23 29
6 16 24 30
7 13 21 31
8 14 22 32
33 43 51 57
34 44 52 58
35 41 49 59
36 42 50 60
37 47 55 61
38 48 56 62
39 45 53 63
40 46 54 64
1 11 20 26
2 12 19 25
3 9 18 28
4 10 17 27
5 15 24 30
6 16 23 29
7 13 22 32
8 14 21 31
33 43 52 58
34 44 51 57
35 41 50 60
36 42 49 59
37 47 56 62
38 48 55 61
39 45 54 64
40 46 53 63
1 11 21 31
2 12 22 32
3 9 23 29
4 10 24 30
5 15 17 27
6 16 18 28
7 13 19 25
8 14 20 26
33 43 53 63
34 44 54 64
35 41 55 61
36 42 56 62
37 47 49 59
38 48 50 60
39 45 51 57
40 46 52 58
1 11 22 32
2 12 21 31
3 9 24 30
4 10 23 29
5 15 18 28
6 16 17 27
7 13 20 26
8 14 19 25
33 43 54 64
34 44 53 63
35 41 56 62
36 42 55 61
37 47 50 60
38 48 49 59
39 45 52 58
40 46 51 57
1 11 23 29
2 12 24 30
3 9 21 31
4 10 22 32
5 15 19 25
6 16 20 26
7 13 17 27
8 14 18 28
33 43 55 61
34 44 56 62
35 41 53 63
36 42 54 64
37 47 51 57
38 48 52 58
39 45 49 59
40 46 50 60
1 11 24 30
2 12 23 29
3 9 22 32
4 10 21 31
5 15 20 26
6 16 19 25
7 13 18 28
8 14 17 27
33 43 56 62
34 44 55 61
35 41 54 64
36 42 53 63
37 47 52 58
38 48 51 57
39 45 50 60
40 46 49 59
1 11 33 43
2 12 34 44
3 9 35 41
4 10 36 42
5 15 37 47
6 16 38 48
7 13 39 45
8 14 40 46
17 27 49 59
18 28 50 60
19 25 51 57
20 26 52 58
21 31 53 63
22 32 54 64
23 29 55 61
24 30 56 62
1 11 34 44
2 12 33 43
3 9 36 42
4 10 35 41
5 15 38 48
6 16 37 47
7 13 40 46
8 14 39 45
17 27 50 60
18 28 49 59
19 25 52 58
20 26 51 57
21 31 54 64
22 32 53 63
23 29 56 62
24 30 55 61
1 11 35 41
2 12 36 42
3 9 33 43
4 10 34 44
5 15 39 45
6 16 40 46
7 13 37 47
8 14 38 48
17 27 51 57
18 28 52 58
19 25 49 59
20 26 50 60
21 31 55 61
22 32 56 62
23 29 53 63
24 30 54 64
1 11 36 42
2 12 35 41
3 9 34 44
4 10 33 43
5 15 40 46
6 16 39 45
7 13 38 48
8 14 37 47
17 27 52 58
18 28 51 57
19 25 50 60
20 26 49 59
21 31 56 62
22 32 55 61
23 29 54 64
24 30 53 63
1 11 37 47
2 12 38 48
3 9 39 45
4 10 40 46
5 15 33 43
6 16 34 44
7 13 35 41
8 14 36 42
17 27 53 63
18 28 54 64
19 25 55 61
20 26 56 62
21 31 49 59
22 32 50 60
23 29 51 57
24 30 52 58
1 11 38 48
2 12 37 47
3 9 40 46
4 10 39 45
5 15 34 44
6 16 33 43
7 13 36 42
8 14 35 41
17 27 54 64
18 28 53 63
19 25 56 62
20 26 55 61
21 31 50 60
22 32 49 59
23 29 52 58
24 30 51 57
1 11 39 45
2 12 40 46
3 9 37 47
4 10 38 48
5 15 35 41
6 16 36 42
7 13 33 43
8 14 34 44
17 27 55 61
18 28 56 62
19 25 53 63
20 26 54 64
21 31 51 57
22 32 52 58
23 29 49 59
24 30 50 60
1 11 40 46
2 12 39 45
3 9 38 48
4 10 37 47
5 15 36 42
6 16 35 41
7 13 34 44
8 14 33 43
17 27 56 62
18 28 55 61
19 25 54 64
20 26 53 63
21 31 52 58
22 32 51 57
23 29 50 60
24 30 49 59
1 11 49 59
2 12 50 60
3 9 51 57
4 10 52 58
5 15 53 63
6 16 54 64
7 13 55 61
8 14 56 62
17 27 33 43
18 28 34 44
19 25 35 41
20 26 36 42
21 31 37 47
22 32 38 48
23 29 39 45
24 30 40 46
1 11 50 60
2 12 49 59
3 9 52 58
4 10 51 57
5 15 54 64
6 16 53 63
7 13 56 62
8 14 55 61
17 27 34 44
18 28 33 43
19 25 36 42
20 26 35 41
21 31 38 48
22 32 37 47
23 29 40 46
24 30 39 45
1 11 51 57
2 12 52 58
3 9 49 59
4 10 50 60
5 15 55 61
6 16 56 62
7 13 53 63
8 14 54 64
17 27 35 41
18 28 36 42
19 25 33 43
20 26 34 44
21 31 39 45
22 32 40 46
23 29 37 47
24 30 38 48
1 11 52 58
2 12 51 57
3 9 50 60
4 10 49 59
5 15 56 62
6 16 55 61
7 13 54 64
8 14 53 63
17 27 36 42
18 28 35 41
19 25 34 44
20 26 33 43
21 31 40 46
22 32 39 45
23 29 38 48
24 30 37 47
1 11 53 63
2 12 54 64
3 9 55 61
4 10 56 62
5 15 49 59
6 16 50 60
7 13 51 57
8 14 52 58
17 27 37 47
18 28 38 48
19 25 39 45
20 26 40 46
21 31 33 43
22 32 34 44
23 29 35 41
24 30 36 42
1 11 54 64
2 12 53 63
3 9 56 62
4 10 55 61
5 15 50 60
6 16 49 59
7 13 52 58
8 14 51 57
17 27 38 48
18 28 37 47
19 25 40 46
20 26 39 45
21 31 34 44
22 32 33 43
23 29 36 42
24 30 35 41
1 11 55 61
2 12 56 62
3 9 53 63
4 10 54 64
5 15 51 57
6 16 52 58
7 13 49 59
8 14 50 60
17 27 39 45
18 28 40 46
19 25 37 47
20 26 38 48
21 31 35 41
22 32 36 42
23 29 33 43
24 30 34 44
1 11 56 62
2 12 55 61
3 9 54 64
4 10 53 63
5 15 52 58
6 16 51 57
7 13 50 60
8 14 49 59
17 27 40 46
18 28 39 45
19 25 38 48
20 26 37 47
21 31 36 42
22 32 35 41
23 29 34 44
24 30 33 43
1 12 17 28
2 11 18 27
3 10 19 26
4 9 20 25
5 16 21 32
6 15 22 31
7 14 23 30
8 13 24 29
33 44 49 60
34 43 50 59
35 42 51 58
36 41 52 57
37 48 53 64
38 47 54 63
39 46 55 62
40 45 56 61
1 12 18 27
2 11 17 28
3 10 20 25
4 9 19 26
5 16 22 31
6 15 21 32
7 14 24 29
8 13 23 30
33 44 50 59
34 43 49 60
35 42 52 57
36 41 51 58
37 48 54 63
38 47 53 64
39 46 56 61
40 45 55 62
1 12 19 26
2 11 20 25
3 10 17 28
4 9 18 27
5 16 23 30
6 15 24 29
7 14 21 32
8 13 22 31
33 44 51 58
34 43 52 57
35 42 49 60
36 41 50 59
37 48 55 62
38 47 56 61
39 46 53 64
40 45 54 63
1 12 20 25
2 11 19 26
3 10 18 27
4 9 17 28
5 16 24 29
6 15 23 30
7 14 22 31
8 13 21 32
33 44 52 57
34 43 51 58
35 42 50 59
36 41 49 60
37 48 56 61
38 47 55 62
39 46 54 63
40 45 53 64
1 12 21 32
2 11 22 31
3 10 23 30
4 9 24 29
5 16 17 28
6 15 18 27
7 14 19 26
8 13 20 25
33 44 53 64
34 43 54 63
35 42 55 62
36 41 56 61
37 48 49 60
38 47 50 59
39 46 51 58
40 45 52 57
1 12 22 31
2 11 21 32
3 10 24 29
4 9 23 30
5 16 18 27
6 15 17 28
7 14 20 25
8 13 19 26
33 44 54 63
34 43 53 64
35 42 56 61
36 41 55 62
37 48 50 59
38 47 49 60
39 46 52 57
40 45 51 58
1 12 23 30
2 11 24 29
3 10 21 32
4 9 22 31
5 16 19 26
6 15 20 25
7 14 17 28
8 13 18 27
33 44 55 62
34 43 56 61
35 42 53 64
36 41 54 63
37 48 51 58
38 47 52 57
39 46 49 60
40 45 50 59
1 12 24 29
2 11 23 30
3 10 22 31
4 9 21 32
5 16 20 25
6 15 19 26
7 14 18 27
8 13 17 28
33 44 56 61
34 43 55 62
35 42 54 63
36 41 53 64
37 48 52 57
38 47 51 58
39 46 50 59
40 45 49 60
1 12 33 44
2 11 34 43
3 10 35 42
4 9 36 41
5 16 37 48
6 15 38 47
7 14 39 46
8 13 40 45
17 28 49 60
18 27 50 59
19 26 51 58
20 25 52 57
21 32 53 64
22 31 54 63
23 30 55 62
24 29 56 61
1 12 34 43
2 11 33 44
3 10 36 41
4 9 35 42
5 16 38 47
6 15 37 48
7 14 40 45
8 13 39 46
17 28 50 59
18 27 49 60
19 26 52 57
20 25 51 58
21 32 54 63
22 31 53 64
23 30 56 61
24 29 55 62
1 12 35 42
2 11 36 41
3 10 33 44
4 9 34 43
5 16 39 46
6 15 40 45
7 14 37 48
8 13 38 47
17 28 51 58
18 27 52 57
19 26 49 60
20 25 50 59
21 32 55 62
22 31 56 61
23 30 53 64
24 29 54 63
1 12 36 41
2 11 35 42
3 10 34 43
4 9 33 44
5 16 40 45
6 15 39 46
7 14 38 47
8 13 37 48
17 28 52 57
18 27 51 58
19 26 50 59
20 25 49 60
21 32 56 61
22 31 55 62
23 30 54 63
24 29 53 64
1 12 37 48
2 11 38 47
3 10 39 46
4 9 40 45
5 16 33 44
6 15 34 43
7 14 35 42
8 13 36 41
17 28 53 64
18 27 54 63
19 26 55 62
20 25 56 61
21 32 49 60
22 31 50 59
23 30 51 58
24 29 52 57
1 12 38 47
2 11 37 48
3 10 40 45
4 9 39 46
5 16 34 43
6 15 33 44
7 14 36 41
8 13 35 42
17 28 54 63
18 27 53 64
19 26 56 61
20 25 55 62
21 32 50 59
22 31 49 60
23 30 52 57
24 29 51 58
1 12 39 46
2 11 40 45
3 10 37 48
4 9 38 47
5 16 35 42
6 15 36 41
7 14 33 44
8 13 34 43
17 28 55 62
18 27 56 61
19 26 53 64
20 25 54 63
21 32 51 58
22 31 52 57
23 30 49 60
24 29 50 59
1 12 40 45
2 11 39 46
3 10 38 47
4 9 37 48
5 16 36 41
6 15 35 42
7 14 34 43
8 13 33 44
17 28 56 61
18 27 55 62
19 26 54 63
20 25 53 64
21 32 52 57
22 31 51 58
23 30 50 59
24 29 49 60
1 12 49 60
2 11 50 59
3 10 51 58
4 9 52 57
5 16 53 64
6 15 54 63
7 14 55 62
8 13 56 61
17 28 33 44
18 27 34 43
19 26 35 42
20 25 36 41
21 32 37 48
22 31 38 47
23 30 39 46
24 29 40 45
1 12 50 59
2 11 49 60
3 10 52 57
4 9 51 58
5 16 54 63
6 15 53 64
7 14 56 61
8 13 55 62
17 28 34 43
18 27 33 44
19 26 36 41
20 25 35 42
21 32 38 47
22 31 37 48
23 30 40 45
24 29 39 46
1 12 51 58
2 11 52 57
3 10 49 60
4 9 50 59
5 16 55 62
6 15 56 61
7 14 53 64
8 13 54 63
17 28 35 42
18 27 36 41
19 26 33 44
20 25 34 43
21 32 39 46
22 31 40 45
23 30 37 48
24 29 38 47
1 12 52 57
2 11 51 58
3 10 50 59
4 9 49 60
5 16 56 61
6 15 55 62
7 14 54 63
8 13 53 64
17 28 36 41
18 27 35 42
19 26 34 43
20 25 33 44
21 32 40 45
22 31 39 46
23 30 38 47
24 29 37 48
1 12 53 64
2 11 54 63
3 10 55 62
4 9 56 61
5 16 49 60
6 15 50 59
7 14 51 58
8 13 52 57
17 28 37 48
18 27 38 47
19 26 39 46
20 25 40 45
21 32 33 44
22 31 34 43
23 30 35 42
24 29 36 41
1 12 54 63
2 11 53 64
3 10 56 61
4 9 55 62
5 16 50 59
6 15 49 60
7 14 52 57
8 13 51 58
17 28 38 47
18 27 37 48
19 26 40 45
20 25 39 46
21 32 34 43
22 31 33 44
23 30 36 41
24 29 35 42
1 12 55 62
2 11 56 61
3 10 53 64
4 9 54 63
5 16 51 58
6 15 52 57
7 14 49 60
8 13 50 59
17 28 39 46
18 27 40 45
19 26 37 48
20 25 38 47
21 32 35 42
22 31 36 41
23 30 33 44
24 29 34 43
1 12 56 61
2 11 55 62
3 10 54 63
4 9 53 64
5 16 52 57
6 15 51 58
7 14 50 59
8 13 49 60
17 28 40 45
18 27 39 46
19 26 38 47
20 25 37 48
21 32 36 41
22 31 35 42
23 30 34 43
24 29 33 44
1 13 17 29
2 14 18 30
3 15 19 31
4 16 20 32
5 9 21 25
6 10 22 26
7 11 23 27
8 12 24 28
33 45 49 61
34 46 50 62
35 47 51 63
36 48 52 64
37 41 53 57
38 42 54 58
39 43 55 59
40 44 56 60
1 13 18 30
2 14 17 29
3 15 20 32
4 16 19 31
5 9 22 26
6 10 21 25
7 11 24 28
8 12 23 27
33 45 50 62
34 46 49 61
35 47 52 64
36 48 51 63
37 41 54 58
38 42 53 57
39 43 56 60
40 44 55 59
1 13 19 31
2 14 20 32
3 15 17 29
4 16 18 30
5 9 23 27
6 10 24 28
7 11 21 25
8 12 22 26
33 45 51 63
34 46 52 64
35 47 49 61
36 48 50 62
37 41 55 59
38 42 56 60
39 43 53 57
40 44 54 58
1 13 20 32
2 14 19 31
3 15 18 30
4 16 17 29
5 9 24 28
6 10 23 27
7 11 22 26
8 12 21 25
33 45 52 64
34 46 51 63
35 47 50 62
36 48 49 61
37 41 56 60
38 42 55 59
39 43 54 58
40 44 53 57
1 13 21 25
2 14 22 26
3 15 23 27
4 16 24 28
5 9 17 29
6 10 18 30
7 11 19 31
8 12 20 32
33 45 53 57
34 46 54 58
35 47 55 59
36 48 56 60
37 41 49 61
38 42 50 62
39 43 51 63
40 44 52 64
1 13 22 26
2 14 21 25
3 15 24 28
4 16 23 27
5 9 18 30
6 10 17 29
7 11 20 32
8 12 19 31
33 45 54 58
34 46 53 57
35 47 56 60
36 48 55 59
37 41 50 62
38 42 49 61
39 43 52 64
40 44 51 63
1 13 23 27
2 14 24 28
3 15 21 25
4 16 22 26
5 9 19 31
6 10 20 32
7 11 17 29
8 12 18 30
33 45 55 59
34 46 56 60
35 47 53 57
36 48 54 58
37 41 51 63
38 42 52 64
39 43 49 61
40 44 50 62
1 13 24 28
2 14 23 27
3 15 22 26
4 16 21 25
5 9 20 32
6 10 19 31
7 11 18 30
8 12 17 29
33 45 56 60
34 46 55 59
35 47 54 58
36 48 53 57
37 41 52 64
38 42 51 63
39 43 50 62
40 44 49 61
1 13 33 45
2 14 34 46
3 15 35 47
4 16 36 48
5 9 37 41
6 10 38 42
7 11 39 43
8 12 40 44
17 29 49 61
18 30 50 62
19 31 51 63
20 32 52 64
21 25 53 57
22 26 54 58
23 27 55 59
24 28 56 60
1 13 34 46
2 14 33 45
3 15 36 48
4 16 35 47
5 9 38 42
6 10 37 41
7 11 40 44
8 12 39 43
17 29 50 62
18 30 49 61
19 31 52 64
20 32 51 63
21 25 54 58
22 26 53 57
23 27 56 60
24 28 55 59
1 13 35 47
2 14 36 48
3 15 33 45
4 16 34 46
5 9 39 43
6 10 40 44
7 11 37 41
8 12 38 42
17 29 51 63
18 30 52 64
19 31 49 61
20 32 50 62
21 25 55 59
22 26 56 60
23 27 53 57
24 28 54 58
1 13 36 48
2 14 35 47
3 15 34 46
4 16 33 45
5 9 40 44
6 10 39 43
7 11 38 42
8 12 37 41
17 29 52 64
18 30 51 63
19 31 50 62
20 32 49 61
21 25 56 60
22 26 55 59
23 27 54 58
24 28 53 57
1 13 37 41
2 14 38 42
3 15 39 43
4 16 40 44
5 9 33 45
6 10 34 46
7 11 35 47
8 12 36 48
17 29 53 57
18 30 54 58
19 31 55 59
20 32 56 60
21 25 49 61
22 26 50 62
23 27 51 63
24 28 52 64
1 13 38 42
2 14 37 41
3 15 40 44
4 16 39 43
5 9 34 46
6 10 33 45
7 11 36 48
8 12 35 47
17 29 54 58
18 30 53 57
19 31 56 60
20 32 55 59
21 25 50 62
22 26 49 61
23 27 52 64
24 28 51 63
1 13 39 43
2 14 40 44
3 15 37 41
4 16 38 42
5 9 35 47
6 10 36 48
7 11 33 45
8 12 34 46
17 29 55 59
18 30 56 60
19 31 53 57
20 32 54 58
21 25 51 63
22 26 52 64
23 27 49 61
24 28 50 62
1 13 40 44
2 14 39 43
3 15 38 42
4 16 37 41
5 9 36 48
6 10 35 47
7 11 34 46
8 12 33 45
17 29 56 60
18 30 55 59
19 31 54 58
20 32 53 57
21 25 52 64
22 26 51 63
23 27 50 62
24 28 49 61
1 13 49 61
2 14 50 62
3 15 51 63
4 16 52 64
5 9 53 57
6 10 54 58
7 11 55 59
8 12 56 60
17 29 33 45
18 30 34 46
19 31 35 47
20 32 36 48
21 25 37 41
22 26 38 42
23 27 39 43
24 28 40 44
1 13 50 62
2 14 49 61
3 15 52 64
4 16 51 63
5 9 54 58
6 10 53 57
7 11 56 60
8 12 55 59
17 29 34 46
18 30 33 45
19 31 36 48
20 32 35 47
21 25 38 42
22 26 37 41
23 27 40 44
24 28 39 43
1 13 51 63
2 14 52 64
3 15 49 61
4 16 50 62
5 9 55 59
6 10 56 60
7 11 53 57
8 12 54 58
17 29 35 47
18 30 36 48
19 31 33 45
20 32 34 46
21 25 39 43
22 26 40 44
23 27 37 41
24 28 38 42
1 13 52 64
2 14 51 63
3 15 50 62
4 16 49 61
5 9 56 60
6 10 55 59
7 11 54 58
8 12 53 57
17 29 36 48
18 30 35 47
19 31 34 46
20 32 33 45
21 25 40 44
22 26 39 43
23 27 38 42
24 28 37 41
1 13 53 57
2 14 54 58
3 15 55 59
4 16 56 60
5 9 49 61
6 10 50 62
7 11 51 63
8 12 52 64
17 29 37 41
18 30 38 42
19 31 39 43
20 32 40 44
21 25 33 45
22 26 34 46
23 27 35 47
24 28 36 48
1 13 54 58
2 14 53 57
3 15 56 60
4 16 55 59
5 9 50 62
6 10 49 61
7 11 52 64
8 12 51 63
17 29 38 42
18 30 37 41
19 31 40 44
20 32 39 43
21 25 34 46
22 26 33 45
23 27 36 48
24 28 35 47
1 13 55 59
2 14 56 60
3 15 53 57
4 16 54 58
5 9 51 63
6 10 52 64
7 11 49 61
8 12 50 62
17 29 39 43
18 30 40 44
19 31 37 41
20 32 38 42
21 25 35 47
22 26 36 48
23 27 33 45
24 28 34 46
1 13 56 60
2 14 55 59
3 15 54 58
4 16 53 57
5 9 52 64
6 10 51 63
7 11 50 62
8 12 49 61
17 29 40 44
18 30 39 43
19 31 38 42
20 32 37 41
21 25 36 48
22 26 35 47
23 27 34 46
24 28 33 45
1 14 17 30
2 13 18 29
3 16 19 32
4 15 20 31
5 10 21 26
6 9 22 25
7 12 23 28
8 11 24 27
33 46 49 62
34 45 50 61
35 48 51 64
36 47 52 63
37 42 53 58
38 41 54 57
39 44 55 60
40 43 56 59
1 14 18 29
2 13 17 30
3 16 20 31
4 15 19 32
5 10 22 25
6 9 21 26
7 12 24 27
8 11 23 28
33 46 50 61
34 45 49 62
35 48 52 63
36 47 51 64
37 42 54 57
38 41 53 58
39 44 56 59
40 43 55 60
1 14 19 32
2 13 20 31
3 16 17 30
4 15 18 29
5 10 23 28
6 9 24 27
7 12 21 26
8 11 22 25
33 46 51 64
34 45 52 63
35 48 49 62
36 47 50 61
37 42 55 60
38 41 56 59
39 44 53 58
40 43 54 57
1 14 20 31
2 13 19 32
3 16 18 29
4 15 17 30
5 10 24 27
6 9 23 28
7 12 22 25
8 11 21 26
33 46 52 63
34 45 51 64
35 48 50 61
36 47 49 62
37 42 56 59
38 41 55 60
39 44 54 57
40 43 53 58
1 14 21 26
2 13 22 25
3 16 23 28
4 15 24 27
5 10 17 30
6 9 18 29
7 12 19 32
8 11 20 31
33 46 53 58
34 45 54 57
35 48 55 60
36 47 56 59
37 42 49 62
38 41 50 61
39 44 51 64
40 43 52 63
1 14 22 25
2 13 21 26
3 16 24 27
4 15 23 28
5 10 18 29
6 9 17 30
7 12 20 31
8 11 19 32
33 46 54 57
34 45 53 58
35 48 56 59
36 47 55 60
37 42 50 61
38 41 49 62
39 44 52 63
40 43 51 64
1 14 23 28
2 13 24 27
3 16 21 26
4 15 22 25
5 10 19 32
6 9 20 31
7 12 17 30
8 11 18 29
33 46 55 60
34 45 56 59
35 48 53 58
36 47 54 57
37 42 51 64
38 41 52 63
39 44 49 62
40 43 50 61
1 14 24 27
2 13 23 28
3 16 22 25
4 15 21 26
5 10 20 31
6 9 19 32
7 12 18 29
8 11 17 30
33 46 56 59
34 45 55 60
35 48 54 57
36 47 53 58
37 42 52 63
38 41 51 64
39 44 50 61
40 43 49 62
1 14 33 46
2 13 34 45
3 16 35 48
4 15 36 47
5 10 37 42
6 9 38 41
7 12 39 44
8 11 40 43
17 30 49 62
18 29 50 61
19 32 51 64
20 31 52 63
21 26 53 58
22 25 54 57
23 28 55 60
24 27 56 59
1 14 34 45
2 13 33 46
3 16 36 47
4 15 35 48
5 10 38 41
6 9 37 42
7 12 40 43
8 11 39 44
17 30 50 61
18 29 49 62
19 32 52 63
20 31 51 64
21 26 54 57
22 25 53 58
23 28 56 59
24 27 55 60
1 14 35 48
2 13 36 47
3 16 33 46
4 15 34 45
5 10 39 44
6 9 40 43
7 12 37 42
8 11 38 41
17 30 51 64
18 29 52 63
19 32 49 62
20 31 50 61
21 26 55 60
22 25 56 59
23 28 53 58
24 27 54 57
1 14 36 47
2 13 35 48
3 16 34 45
4 15 33 46
5 10 40 43
6 9 39 44
7 12 38 41
8 11 37 42
17 30 52 63
18 29 51 64
19 32 50 61
20 31 49 62
21 26 56 59
22 25 55 60
23 28 54 57
24 27 53 58
1 14 37 42
2 13 38 41
3 16 39 44
4 15 40 43
5 10 33 46
6 9 34 45
7 12 35 48
8 11 36 47
17 30 53 58
18 29 54 57
19 32 55 60
20 31 56 59
21 26 49 62
22 25 50 61
23 28 51 64
24 27 52 63
1 14 38 41
2 13 37 42
3 16 40 43
4 15 39 44
5 10 34 45
6 9 33 46
7 12 36 47
8 11 35 48
17 30 54 57
18 29 53 58
19 32 56 59
20 31 55 60
21 26 50 61
22 25 49 62
23 28 52 63
24 27 51 64
1 14 39 44
2 13 40 43
3 16 37 42
4 15 38 41
5 10 35 48
6 9 36 47
7 12 33 46
8 11 34 45
17 30 55 60
18 29 56 59
19 32 53 58
20 31 54 57
21 26 51 64
22 25 52 63
23 28 49 62
24 27 50 61
1 14 40 43
2 13 39 44
3 16 38 41
4 15 37 42
5 10 36 47
6 9 35 48
7 12 34 45
8 11 33 46
17 30 56 59
18 29 55 60
19 32 54 57
20 31 53 58
21 26 52 63
22 25 51 64
23 28 50 61
24 27 49 62
1 14 49 62
2 13 50 61
3 16 51 64
4 15 52 63
5 10 53 58
6 9 54 57
7 12 55 60
8 11 56 59
17 30 33 46
18 29 34 45
19 32 35 48
20 31 36 47
21 26 37 42
22 25 38 41
23 28 39 44
24 27 40 43
1 14 50 61
2 13 49 62
3 16 52 63
4 15 51 64
5 10 54 57
6 9 53 58
7 12 56 59
8 11 55 60
17 30 34 45
18 29 33 46
19 32 36 47
20 31 35 48
21 26 38 41
22 25 37 42
23 28 40 43
24 27 39 44
1 14 51 64
2 13 52 63
3 16 49 62
4 15 50 61
5 10 55 60
6 9 56 59
7 12 53 58
8 11 54 57
17 30 35 48
18 29 36 47
19 32 33 46
20 31 34 45
21 26 39 44
22 25 40 43
23 28 37 42
24 27 38 41
1 14 52 63
2 13 51 64
3 16 50 61
4 15 49 62
5 10 56 59
6 9 55 60
7 12 54 57
8 11 53 58
17 30 36 47
18 29 35 48
19 32 34 45
20 31 33 46
21 26 40 43
22 25 39 44
23 28 38 41
24 27 37 42
1 14 53 58
2 13 54 57
3 16 55 60
4 15 56 59
5 10 49 62
6 9 50 61
7 12 51 64
8 11 52 63
17 30 37 42
18 29 38 41
19 32 39 44
20 31 40 43
21 26 33 46
22 25 34 45
23 28 35 48
24 27 36 47
1 14 54 57
2 13 53 58
3 16 56 59
4 15 55 60
5 10 50 61
6 9 49 62
7 12 52 63
8 11 51 64
17 30 38 41
18 29 37 42
19 32 40 43
20 31 39 44
21 26 34 45
22 25 33 46
23 28 36 47
24 27 35 48
1 14 55 60
2 13 56 59
3 16 53 58
4 15 54 57
5 10 51 64
6 9 52 63
7 12 49 62
8 11 50 61
17 30 39 44
18 29 40 43
19 32 37 42
20 31 38 41
21 26 35 48
22 25 36 47
23 28 33 46
24 27 34 45
1 14 56 59
2 13 55 60
3 16 54 57
4 15 53 58
5 10 52 63
6 9 51 64
7 12 50 61
8 11 49 62
17 30 40 43
18 29 39 44
19 32 38 41
20 31 37 42
21 26 36 47
22 25 35 48
23 28 34 45
24 27 33 46
1 15 17 31
2 16 18 32
3 13 19 29
4 14 20 30
5 11 21 27
6 12 22 28
7 9 23 25
8 10 24 26
33 47 49 63
34 48 50 64
35 45 51 61
36 46 52 62
37 43 53 59
38 44 54 60
39 41 55 57
40 42 56 58
1 15 18 32
2 16 17 31
3 13 20 30
4 14 19 29
5 11 22 28
6 12 21 27
7 9 24 26
8 10 23 25
33 47 50 64
34 48 49 63
35 45 52 62
36 46 51 61
37 43 54 60
38 44 53 59
39 41 56 58
40 42 55 57
1 15 19 29
2 16 20 30
3 13 17 31
4 14 18 32
5 11 23 25
6 12 24 26
7 9 21 27
8 10 22 28
33 47 51 61
34 48 52 62
35 45 49 63
36 46 50 64
37 43 55 57
38 44 56 58
39 41 53 59
40 42 54 60
1 15 20 30
2 16 19 29
3 13 18 32
4 14 17 31
5 11 24 26
6 12 23 25
7 9 22 28
8 10 21 27
33 47 52 62
34 48 51 61
35 45 50 64
36 46 49 63
37 43 56 58
38 44 55 57
39 41 54 60
40 42 53 59
1 15 21 27
2 16 22 28
3 13 23 25
4 14 24 26
5 11 17 31
6 12 18 32
7 9 19 29
8 10 20 30
33 47 53 59
34 48 54 60
35 45 55 57
36 46 56 58
37 43 49 63
38 44 50 64
39 41 51 61
40 42 52 62
1 15 22 28
2 16 21 27
3 13 24 26
4 14 23 25
5 11 18 32
6 12 17 31
7 9 20 30
8 10 19 29
33 47 54 60
34 48 53 59
35 45 56 58
36 46 55 57
37 43 50 64
38 44 49 63
39 41 52 62
40 42 51 61
1 15 23 25
2 16 24 26
3 13 21 27
4 14 22 28
5 11 19 29
6 12 20 30
7 9 17 31
8 10 18 32
33 47 55 57
34 48 56 58
35 45 53 59
36 46 54 60
37 43 51 61
38 44 52 62
39 41 49 63
40 42 50 64
1 15 24 26
2 16 23 25
3 13 22 28
4 14 21 27
5 11 20 30
6 12 19 29
7 9 18 32
8 10 17 31
33 47 56 58
34 48 55 57
35 45 54 60
36 46 53 59
37 43 52 62
38 44 51 61
39 41 50 64
40 42 49 63
1 15 33 47
2 16 34 48
3 13 35 45
4 14 36 46
5 11 37 43
6 12 38 44
7 9 39 41
8 10 40 42
17 31 49 63
18 32 50 64
19 29 51 61
20 30 52 62
21 27 53 59
22 28 54 60
23 25 55 57
24 26 56 58
1 15 34 48
2 16 33 47
3 13 36 46
4 14 35 45
5 11 38 44
6 12 37 43
7 9 40 42
8 10 39 41
17 31 50 64
18 32 49 63
19 29 52 62
20 30 51 61
21 27 54 60
22 28 53 59
23 25 56 58
24 26 55 57
1 15 35 45
2 16 36 46
3 13 33 47
4 14 34 48
5 11 39 41
6 12 40 42
7 9 37 43
8 10 38 44
17 31 51 61
18 32 52 62
19 29 49 63
20 30 50 64
21 27 55 57
22 28 56 58
23 25 53 59
24 26 54 60
1 15 36 46
2 16 35 45
3 13 34 48
4 14 33 47
5 11 40 42
6 12 39 41
7 9 38 44
8 10 37 43
17 31 52 62
18 32 51 61
19 29 50 64
20 30 49 63
21 27 56 58
22 28 55 57
23 25 54 60
24 26 53 59
1 15 37 43
2 16 38 44
3 13 39 41
4 14 40 42
5 11 33 47
6 12 34 48
7 9 35 45
8 10 36 46
17 31 53 59
18 32 54 60
19 29 55 57
20 30 56 58
21 27 49 63
22 28 50 64
23 25 51 61
24 26 52 62
1 15 38 44
2 16 37 43
3 13 40 42
4 14 39 41
5 11 34 48
6 12 33 47
7 9 36 46
8 10 35 45
17 31 54 60
18 32 53 59
19 29 56 58
20 30 55 57
21 27 50 64
22 28 49 63
23 25 52 62
24 26 51 61
1 15 39 41
2 16 40 42
3 13 37 43
4 14 38 44
5 11 35 45
6 12 36 46
7 9 33 47
8 10 34 48
17 31 55 57
18 32 56 58
19 29 53 59
20 30 54 60
21 27 51 61
22 28 52 62
23 25 49 63
24 26 50 64
1 15 40 42
2 16 39 41
3 13 38 44
4 14 37 43
5 11 36 46
6 12 35 45
7 9 34 48
8 10 33 47
17 31 56 58
18 32 55 57
19 29 54 60
20 30 53 59
21 27 52 62
22 28 51 61
23 25 50 64
24 26 49 63
1 15 49 63
2 16 50 64
3 13 51 61
4 14 52 62
5 11 53 59
6 12 54 60
7 9 55 57
8 10 56 58
17 31 33 47
18 32 34 48
19 29 35 45
20 30 36 46
21 27 37 43
22 28 38 44
23 25 39 41
24 26 40 42
1 15 50 64
2 16 49 63
3 13 52 62
4 14 51 61
5 11 54 60
6 12 53 59
7 9 56 58
8 10 55 57
17 31 34 48
18 32 33 47
19 29 36 46
20 30 35 45
21 27 38 44
22 28 37 43
23 25 40 42
24 26 39 41
1 15 51 61
2 16 52 62
3 13 49 63
4 14 50 64
5 11 55 57
6 12 56 58
7 9 53 59
8 10 54 60
17 31 35 45
18 32 36 46
19 29 33 47
20 30 34 48
21 27 39 41
22 28 40 42
23 25 37 43
24 26 38 44
1 15 52 62
2 16 51 61
3 13 50 64
4 14 49 63
5 11 56 58
6 12 55 57
7 9 54 60
8 10 53 59
17 31 36 46
18 32 35 45
19 29 34 48
20 30 33 47
21 27 40 42
22 28 39 41
23 25 38 44
24 26 37 43
1 15 53 59
2 16 54 60
3 13 55 57
4 14 56 58
5 11 49 63
6 12 50 64
7 9 51 61
8 10 52 62
17 31 37 43
18 32 38 44
19 29 39 41
20 30 40 42
21 27 33 47
22 28 34 48
23 25 35 45
24 26 36 46
1 15 54 60
2 16 53 59
3 13 56 58
4 14 55 57
5 11 50 64
6 12 49 63
7 9 52 62
8 10 51 61
17 31 38 44
18 32 37 43
19 29 40 42
20 30 39 41
21 27 34 48
22 28 33 47
23 25 36 46
24 26 35 45
1 15 55 57
2 16 56 58
3 13 53 59
4 14 54 60
5 11 51 61
6 12 52 62
7 9 49 63
8 10 50 64
17 31 39 41
18 32 40 42
19 29 37 43
20 30 38 44
21 27 35 45
22 28 36 46
23 25 33 47
24 26 34 48
1 15 56 58
2 16 55 57
3 13 54 60
4 14 53 59
5 11 52 62
6 12 51 61
7 9 50 64
8 10 49 63
17 31 40 42
18 32 39 41
19 29 38 44
20 30 37 43
21 27 36 46
22 28 35 45
23 25 34 48
24 26 33 47
1 16 17 32
2 15 18 31
3 14 19 30
4 13 20 29
5 12 21 28
6 11 22 27
7 10 23 26
8 9 24 25
33 48 49 64
34 47 50 63
35 46 51 62
36 45 52 61
37 44 53 60
38 43 54 59
39 42 55 58
40 41 56 57
1 16 18 31
2 15 17 32
3 14 20 29
4 13 19 30
5 12 22 27
6 11 21 28
7 10 24 25
8 9 23 26
33 48 50 63
34 47 49 64
35 46 52 61
36 45 51 62
37 44 54 59
38 43 53 60
39 42 56 57
40 41 55 58
1 16 19 30
2 15 20 29
3 14 17 32
4 13 18 31
5 12 23 26
6 11 24 25
7 10 21 28
8 9 22 27
33 48 51 62
34 47 52 61
35 46 49 64
36 45 50 63
37 44 55 58
38 43 56 57
39 42 53 60
40 41 54 59
1 16 20 29
2 15 19 30
3 14 18 31
4 13 17 32
5 12 24 25
6 11 23 26
7 10 22 27
8 9 21 28
33 48 52 61
34 47 51 62
35 46 50 63
36 45 49 64
37 44 56 57
38 43 55 58
39 42 54 59
40 41 53 60
1 16 21 28
2 15 22 27
3 14 23 26
4 13 24 25
5 12 17 32
6 11 18 31
7 10 19 30
8 9 20 29
33 48 53 60
34 47 54 59
35 46 55 58
36 45 56 57
37 44 49 64
38 43 50 63
39 42 51 62
40 41 52 61
1 16 22 27
2 15 21 28
3 14 24 25
4 13 23 26
5 12 18 31
6 11 17 32
7 10 20 29
8 9 19 30
33 48 54 59
34 47 53 60
35 46 56 57
36 45 55 58
37 44 50 63
38 43 49 64
39 42 52 61
40 41 51 62
1 16 23 26
2 15 24 25
3 14 21 28
4 13 22 27
5 12 19 30
6 11 20 29
7 10 17 32
8 9 18 31
33 48 55 58
34 47 56 57
35 46 53 60
36 45 54 59
37 44 51 62
38 43 52 61
39 42 49 64
40 41 50 63
1 16 24 25
2 15 23 26
3 14 22 27
4 13 21 28
5 12 20 29
6 11 19 30
7 10 18 31
8 9 17 32
33 48 56 57
34 47 55 58
35 46 54 59
36 45 53 60
37 44 52 61
38 43 51 62
39 42 50 63
40 41 49 64
1 16 33 48
2 15 34 47
3 14 35 46
4 13 36 45
5 12 37 44
6 11 38 43
7 10 39 42
8 9 40 41
17 32 49 64
18 31 50 63
19 30 51 62
20 29 52 61
21 28 53 60
22 27 54 59
23 26 55 58
24 25 56 57
1 16 34 47
2 15 33 48
3 14 36 45
4 13 35 46
5 12 38 43
6 11 37 44
7 10 40 41
8 9 39 42
17 32 50 63
18 31 49 64
19 30 52 61
20 29 51 62
21 28 54 59
22 27 53 60
23 26 56 57
24 25 55 58
1 16 35 46
2 15 36 45
3 14 33 48
4 13 34 47
5 12 39 42
6 11 40 41
7 10 37 44
8 9 38 43
17 32 51 62
18 31 52 61
19 30 49 64
20 29 50 63
21 28 55 58
22 27 56 57
23 26 53 60
24 25 54 59
1 16 36 45
2 15 35 46
3 14 34 47
4 13 33 48
5 12 40 41
6 11 39 42
7 10 38 43
8 9 37 44
17 32 52 61
18 31 51 62
19 30 50 63
20 29 49 64
21 28 56 57
22 27 55 58
23 26 54 59
24 25 53 60
1 16 37 44
2 15 38 43
3 14 39 42
4 13 40 41
5 12 33 48
6 11 34 47
7 10 35 46
8 9 36 45
17 32 53 60
18 31 54 59
19 30 55 58
20 29 56 57
21 28 49 64
22 27 50 63
23 26 51 62
24 25 52 61
1 16 38 43
2 15 37 44
3 14 40 41
4 13 39 42
5 12 34 47
6 11 33 48
7 10 36 45
8 9 35 46
17 32 54 59
18 31 53 60
19 30 56 57
20 29 55 58
21 28 50 63
22 27 49 64
23 26 52 61
24 25 51 62
1 16 39 42
2 15 40 41
3 14 37 44
4 13 38 43
5 12 35 46
6 11 36 45
7 10 33 48
8 9 34 47
17 32 55 58
18 31 56 57
19 30 53 60
20 29 54 59
21 28 51 62
22 27 52 61
23 26 49 64
24 25 50 63
1 16 40 41
2 15 39 42
3 14 38 43
4 13 37 44
5 12 36 45
6 11 35 46
7 10 34 47
8 9 33 48
17 32 56 57
18 31 55 58
19 30 54 59
20 29 53 60
21 28 52 61
22 27 51 62
23 26 50 63
24 25 49 64
1 16 49 64
2 15 50 63
3 14 51 62
4 13 52 61
5 12 53 60
6 11 54 59
7 10 55 58
8 9 56 57
17 32 33 48
18 31 34 47
19 30 35 46
20 29 36 45
21 28 37 44
22 27 38 43
23 26 39 42
24 25 40 41
1 16 50 63
2 15 49 64
3 14 52 61
4 13 51 62
5 12 54 59
6 11 53 60
7 10 56 57
8 9 55 58
17 32 34 47
18 31 33 48
19 30 36 45
20 29 35 46
21 28 38 43
22 27 37 44
23 26 40 41
24 25 39 42
1 16 51 62
2 15 52 61
3 14 49 64
4 13 50 63
5 12 55 58
6 11 56 57
7 10 53 60
8 9 54 59
17 32 35 46
18 31 36 45
19 30 33 48
20 29 34 47
21 28 39 42
22 27 40 41
23 26 37 44
24 25 38 43
1 16 52 61
2 15 51 62
3 14 50 63
4 13 49 64
5 12 56 57
6 11 55 58
7 10 54 59
8 9 53 60
17 32 36 45
18 31 35 46
19 30 34 47
20 29 33 48
21 28 40 41
22 27 39 42
23 26 38 43
24 25 37 44
1 16 53 60
2 15 54 59
3 14 55 58
4 13 56 57
5 12 49 64
6 11 50 63
7 10 51 62
8 9 52 61
17 32 37 44
18 31 38 43
19 30 39 42
20 29 40 41
21 28 33 48
22 27 34 47
23 26 35 46
24 25 36 45
1 16 54 59
2 15 53 60
3 14 56 57
4 13 55 58
5 12 50 63
6 11 49 64
7 10 52 61
8 9 51 62
17 32 38 43
18 31 37 44
19 30 40 41
20 29 39 42
21 28 34 47
22 27 33 48
23 26 36 45
24 25 35 46
1 16 55 58
2 15 56 57
3 14 53 60
4 13 54 59
5 12 51 62
6 11 52 61
7 10 49 64
8 9 50 63
17 32 39 42
18 31 40 41
19 30 37 44
20 29 38 43
21 28 35 46
22 27 36 45
23 26 33 48
24 25 34 47
1 16 56 57
2 15 55 58
3 14 54 59
4 13 53 60
5 12 52 61
6 11 51 62
7 10 50 63
8 9 49 64
17 32 40 41
18 31 39 42
19 30 38 43
20 29 37 44
21 28 36 45
22 27 35 46
23 26 34 47
24 25 33 48
1 17 33 49
2 18 34 50
3 19 35 51
4 20 36 52
5 21 37 53
6 22 38 54
7 23 39 55
8 24 40 56
9 25 41 57
10 26 42 58
11 27 43 59
12 28 44 60
13 29 45 61
14 30 46 62
15 31 47 63
16 32 48 64
1 17 34 50
2 18 33 49
3 19 36 52
4 20 35 51
5 21 38 54
6 22 37 53
7 23 40 56
8 24 39 55
9 25 42 58
10 26 41 57
11 27 44 60
12 28 43 59
13 29 46 62
14 30 45 61
15 31 48 64
16 32 47 63
1 17 35 51
2 18 36 52
3 19 33 49
4 20 34 50
5 21 39 55
6 22 40 56
7 23 37 53
8 24 38 54
9 25 43 59
10 26 44 60
11 27 41 57
12 28 42 58
13 29 47 63
14 30 48 64
15 31 45 61
16 32 46 62
1 17 36 52
2 18 35 51
3 19 34 50
4 20 33 49
5 21 40 56
6 22 39 55
7 23 38 54
8 24 37 53
9 25 44 60
10 26 43 59
11 27 42 58
12 28 41 57
13 29 48 64
14 30 47 63
15 31 46 62
16 32 45 61
1 17 37 53
2 18 38 54
3 19 39 55
4 20 40 56
5 21 33 49
6 22 34 50
7 23 35 51
8 24 36 52
9 25 45 61
10 26 46 62
11 27 47 63
12 28 48 64
13 29 41 57
14 30 42 58
15 31 43 59
16 32 44 60
1 17 38 54
2 18 37 53
3 19 40 56
4 20 39 55
5 21 34 50
6 22 33 49
7 23 36 52
8 24 35 51
9 25 46 62
10 26 45 61
11 27 48 64
12 28 47 63
13 29 42 58
14 30 41 57
15 31 44 60
16 32 43 59
1 17 39 55
2 18 40 56
3 19 37 53
4 20 38 54
5 21 35 51
6 22 36 52
7 23 33 49
8 24 34 50
9 25 47 63
10 26 48 64
11 27 45 61
12 28 46 62
13 29 43 59
14 30 44 60
15 31 41 57
16 32 42 58
1 17 40 56
2 18 39 55
3 19 38 54
4 20 37 53
5 21 36 52
6 22 35 51
7 23 34 50
8 24 33 49
9 25 48 64
10 26 47 63
11 27 46 62
12 28 45 61
13 29 44 60
14 30 43 59
15 31 42 58
16 32 41 57
1 17 41 57
2 18 42 58
3 19 43 59
4 20 44 60
5 21 45 61
6 22 46 62
7 23 47 63
8 24 48 64
9 25 33 49
10 26 34 50
11 27 35 51
12 28 36 52
13 29 37 53
14 30 38 54
15 31 39 55
16 32 40 56
1 17 42 58
2 18 41 57
3 19 44 60
4 20 43 59
5 21 46 62
6 22 45 61
7 23 48 64
8 24 47 63
9 25 34 50
10 26 33 49
11 27 36 52
12 28 35 51
13 29 38 54
14 30 37 53
15 31 40 56
16 32 39 55
1 17 43 59
2 18 44 60
3 19 41 57
4 20 42 58
5 21 47 63
6 22 48 64
7 23 45 61
8 24 46 62
9 25 35 51
10 26 36 52
11 27 33 49
12 28 34 50
13 29 39 55
14 30 40 56
15 31 37 53
16 32 38 54
1 17 44 60
2 18 43 59
3 19 42 58
4 20 41 57
5 21 48 64
6 22 47 63
7 23 46 62
8 24 45 61
9 25 36 52
10 26 35 51
11 27 34 50
12 28 33 49
13 29 40 56
14 30 39 55
15 31 38 54
16 32 37 53
1 17 45 61
2 18 46 62
3 19 47 63
4 20 48 64
5 21 41 57
6 22 42 58
7 23 43 59
8 24 44 60
9 25 37 53
10 26 38 54
11 27 39 55
12 28 40 56
13 29 33 49
14 30 34 50
15 31 35 51
16 32 36 52
1 17 46 62
2 18 45 61
3 19 48 64
4 20 47 63
5 21 42 58
6 22 41 57
7 23 44 60
8 24 43 59
9 25 38 54
10 26 37 53
11 27 40 56
12 28 39 55
13 29 34 50
14 30 33 49
15 31 36 52
16 32 35 51
1 17 47 63
2 18 48 64
3 19 45 61
4 20 46 62
5 21 43 59
6 22 44 60
7 23 41 57
8 24 42 58
9 25 39 55
10 26 40 56
11 27 37 53
12 28 38 54
13 29 35 51
14 30 36 52
15 31 33 49
16 32 34 50
1 17 48 64
2 18 47 63
3 19 46 62
4 20 45 61
5 21 44 60
6 22 43 59
7 23 42 58
8 24 41 57
9 25 40 56
10 26 39 55
11 27 38 54
12 28 37 53
13 29 36 52
14 30 35 51
15 31 34 50
16 32 33 49
1 18 33 50
2 17 34 49
3 20 35 52
4 19 36 51
5 22 37 54
6 21 38 53
7 24 39 56
8 23 40 55
9 26 41 58
10 25 42 57
11 28 43 60
12 27 44 59
13 30 45 62
14 29 46 61
15 32 47 64
16 31 48 63
1 18 34 49
2 17 33 50
3 20 36 51
4 19 35 52
5 22 38 53
6 21 37 54
7 24 40 55
8 23 39 56
9 26 42 57
10 25 41 58
11 28 44 59
12 27 43 60
13 30 46 61
14 29 45 62
15 32 48 63
16 31 47 64
1 18 35 52
2 17 36 51
3 20 33 50
4 19 34 49
5 22 39 56
6 21 40 55
7 24 37 54
8 23 38 53
9 26 43 60
10 25 44 59
11 28 41 58
12 27 42 57
13 30 47 64
14 29 48 63
15 32 45 62
16 31 46 61
1 18 36 51
2 17 35 52
3 20 34 49
4 19 33 50
5 22 40 55
6 21 39 56
7 24 38 53
8 23 37 54
9 26 44 59
10 25 43 60
11 28 42 57
12 27 41 58
13 30 48 63
14 29 47 64
15 32 46 61
16 31 45 62
1 18 37 54
2 17 38 53
3 20 39 56
4 19 40 55
5 22 33 50
6 21 34 49
7 24 35 52
8 23 36 51
9 26 45 62
10 25 46 61
11 28 47 64
12 27 48 63
13 30 41 58
14 29 42 57
15 32 43 60
16 31 44 59
1 18 38 53
2 17 37 54
3 20 40 55
4 19 39 56
5 22 34 49
6 21 33 50
7 24 36 51
8 23 35 52
9 26 46 61
10 25 45 62
11 28 48 63
12 27 47 64
13 30 42 57
14 29 41 58
15 32 44 59
16 31 43 60
1 18 39 56
2 17 40 55
3 20 37 54
4 19 38 53
5 22 35 52
6 21 36 51
7 24 33 50
8 23 34 49
9 26 47 64
10 25 48 63
11 28 45 62
12 27 46 61
13 30 43 60
14 29 44 59
15 32 41 58
16 31 42 57
1 18 40 55
2 17 39 56
3 20 38 53
4 19 37 54
5 22 36 51
6 21 35 52
7 24 34 49
8 23 33 50
9 26 48 63
10 25 47 64
11 28 46 61
12 27 45 62
13 30 44 59
14 29 43 60
15 32 42 57
16 31 41 58
1 18 41 58
2 17 42 57
3 20 43 60
4 19 44 59
5 22 45 62
6 21 46 61
7 24 47 64
8 23 48 63
9 26 33 50
10 25 34 49
11 28 35 52
12 27 36 51
13 30 37 54
14 29 38 53
15 32 39 56
16 31 40 55
1 18 42 57
2 17 41 58
3 20 44 59
4 19 43 60
5 22 46 61
6 21 45 62
7 24 48 63
8 23 47 64
9 26 34 49
10 25 33 50
11 28 36 51
12 27 35 52
13 30 38 53
14 29 37 54
15 32 40 55
16 31 39 56
1 18 43 60
2 17 44 59
3 20 41 58
4 19 42 57
5 22 47 64
6 21 48 63
7 24 45 62
8 23 46 61
9 26 35 52
10 25 36 51
11 28 33 50
12 27 34 49
13 30 39 56
14 29 40 55
15 32 37 54
16 31 38 53
1 18 44 59
2 17 43 60
3 20 42 57
4 19 41 58
5 22 48 63
6 21 47 64
7 24 46 61
8 23 45 62
9 26 36 51
10 25 35 52
11 28 34 49
12 27 33 50
13 30 40 55
14 29 39 56
15 32 38 53
16 31 37 54
1 18 45 62
2 17 46 61
3 20 47 64
4 19 48 63
5 22 41 58
6 21 42 57
7 24 43 60
8 23 44 59
9 26 37 54
10 25 38 53
11 28 39 56
12 27 40 55
13 30 33 50
14 29 34 49
15 32 35 52
16 31 36 51
1 18 46 61
2 17 45 62
3 20 48 63
4 19 47 64
5 22 42 57
6 21 41 58
7 24 44 59
8 23 43 60
9 26 38 53
10 25 37 54
11 28 40 55
12 27 39 56
13 30 34 49
14 29 33 50
15 32 36 51
16 31 35 52
1 18 47 64
2 17 48 63
3 20 45 62
4 19 46 61
5 22 43 60
6 21 44 59
7 24 41 58
8 23 42 57
9 26 39 56
10 25 40 55
11 28 37 54
12 27 38 53
13 30 35 52
14 29 36 51
15 32 33 50
16 31 34 49
1 18 48 63
2 17 47 64
3 20 46 61
4 19 45 62
5 22 44 59
6 21 43 60
7 24 42 57
8 23 41 58
9 26 40 55
10 25 39 56
11 28 38 53
12 27 37 54
13 30 36 51
14 29 35 52
15 32 34 49
16 31 33 50
1 19 33 51
2 20 34 52
3 17 35 49
4 18 36 50
5 23 37 55
6 24 38 56
7 21 39 53
8 22 40 54
9 27 41 59
10 28 42 60
11 25 43 57
12 26 44 58
13 31 45 63
14 32 46 64
15 29 47 61
16 30 48 62
1 19 34 52
2 20 33 51
3 17 36 50
4 18 35 49
5 23 38 56
6 24 37 55
7 21 40 54
8 22 39 53
9 27 42 60
10 28 41 59
11 25 44 58
12 26 43 57
13 31 46 64
14 32 45 63
15 29 48 62
16 30 47 61
1 19 35 49
2 20 36 50
3 17 33 51
4 18 34 52
5 23 39 53
6 24 40 54
7 21 37 55
8 22 38 56
9 27 43 57
10 28 44 58
11 25 41 59
12 26 42 60
13 31 47 61
14 32 48 62
15 29 45 63
16 30 46 64
1 19 36 50
2 20 35 49
3 17 34 52
4 18 33 51
5 23 40 54
6 24 39 53
7 21 38 56
8 22 37 55
9 27 44 58
10 28 43 57
11 25 42 60
12 26 41 59
13 31 48 62
14 32 47 61
15 29 46 64
16 30 45 63
1 19 37 55
2 20 38 56
3 17 39 53
4 18 40 54
5 23 33 51
6 24 34 52
7 21 35 49
8 22 36 50
9 27 45 63
10 28 46 64
11 25 47 61
12 26 48 62
13 31 41 59
14 32 42 60
15 29 43 57
16 30 44 58
1 19 38 56
2 20 37 55
3 17 40 54
4 18 39 53
5 23 34 52
6 24 33 51
7 21 36 50
8 22 35 49
9 27 46 64
10 28 45 63
11 25 48 62
12 26 47 61
13 31 42 60
14 32 41 59
15 29 44 58
16 30 43 57
1 19 39 53
2 20 40 54
3 17 37 55
4 18 38 56
5 23 35 49
6 24 36 50
7 21 33 51
8 22 34 52
9 27 47 61
10 28 48 62
11 25 45 63
12 26 46 64
13 31 43 57
14 32 44 58
15 29 41 59
16 30 42 60
1 19 40 54
2 20 39 53
3 17 38 56
4 18 37 55
5 23 36 50
6 24 35 49
7 21 34 52
8 22 33 51
9 27 48 62
10 28 47 61
11 25 46 64
12 26 45 63
13 31 44 58
14 32 43 57
15 29 42 60
16 30 41 59
1 19 41 59
2 20 42 60
3 17 43 57
4 18 44 58
5 23 45 63
6 24 46 64
7 21 47 61
8 22 48 62
9 27 33 51
10 28 34 52
11 25 35 49
12 26 36 50
13 31 37 55
14 32 38 56
15 29 39 53
16 30 40 54
1 19 42 60
2 20 41 59
3 17 44 58
4 18 43 57
5 23 46 64
6 24 45 63
7 21 48 62
8 22 47 61
9 27 34 52
10 28 33 51
11 25 36 50
12 26 35 49
13 31 38 56
14 32 37 55
15 29 40 54
16 30 39 53
1 19 43 57
2 20 44 58
3 17 41 59
4 18 42 60
5 23 47 61
6 24 48 62
7 21 45 63
8 22 46 64
9 27 35 49
10 28 36 50
11 25 33 51
12 26 34 52
13 31 39 53
14 32 40 54
15 29 37 55
16 30 38 56
1 19 44 58
2 20 43 57
3 17 42 60
4 18 41 59
5 23 48 62
6 24 47 61
7 21 46 64
8 22 45 63
9 27 36 50
10 28 35 49
11 25 34 52
12 26 33 51
13 31 40 54
14 32 39 53
15 29 38 56
16 30 37 55
1 19 45 63
2 20 46 64
3 17 47 61
4 18 48 62
5 23 41 59
6 24 42 60
7 21 43 57
8 22 44 58
9 27 37 55
10 28 38 56
11 25 39 53
12 26 40 54
13 31 33 51
14 32 34 52
15 29 35 49
16 30 36 50
1 19 46 64
2 20 45 63
3 17 48 62
4 18 47 61
5 23 42 60
6 24 41 59
7 21 44 58
8 22 43 57
9 27 38 56
10 28 37 55
11 25 40 54
12 26 39 53
13 31 34 52
14 32 33 51
15 29 36 50
16 30 35 49
1 19 47 61
2 20 48 62
3 17 45 63
4 18 46 64
5 23 43 57
6 24 44 58
7 21 41 59
8 22 42 60
9 27 39 53
10 28 40 54
11 25 37 55
12 26 38 56
13 31 35 49
14 32 36 50
15 29 33 51
16 30 34 52
1 19 48 62
2 20 47 61
3 17 46 64
4 18 45 63
5 23 44 58
6 24 43 57
7 21 42 60
8 22 41 59
9 27 40 54
10 28 39 53
11 25 38 56
12 26 37 55
13 31 36 50
14 32 35 49
15 29 34 52
16 30 33 51
1 20 33 52
2 19 34 51
3 18 35 50
4 17 36 49
5 24 37 56
6 23 38 55
7 22 39 54
8 21 40 53
9 28 41 60
10 27 42 59
11 26 43 58
12 25 44 57
13 32 45 64
14 31 46 63
15 30 47 62
16 29 48 61
1 20 34 51
2 19 33 52
3 18 36 49
4 17 35 50
5 24 38 55
6 23 37 56
7 22 40 53
8 21 39 54
9 28 42 59
10 27 41 60
11 26 44 57
12 25 43 58
13 32 46 63
14 31 45 64
15 30 48 61
16 29 47 62
1 20 35 50
2 19 36 49
3 18 33 52
4 17 34 51
5 24 39 54
6 23 40 53
7 22 37 56
8 21 38 55
9 28 43 58
10 27 44 57
11 26 41 60
12 25 42 59
13 32 47 62
14 31 48 61
15 30 45 64
16 29 46 63
1 20 36 49
2 19 35 50
3 18 34 51
4 17 33 52
5 24 40 53
6 23 39 54
7 22 38 55
8 21 37 56
9 28 44 57
10 27 43 58
11 26 42 59
12 25 41 60
13 32 48 61
14 31 47 62
15 30 46 63
16 29 45 64
1 20 37 56
2 19 38 55
3 18 39 54
4 17 40 53
5 24 33 52
6 23 34 51
7 22 35 50
8 21 36 49
9 28 45 64
10 27 46 63
11 26 47 62
12 25 48 61
13 32 41 60
14 31 42 59
15 30 43 58
16 29 44 57
1 20 38 55
2 19 37 56
3 18 40 53
4 17 39 54
5 24 34 51
6 23 33 52
7 22 36 49
8 21 35 50
9 28 46 63
10 27 45 64
11 26 48 61
12 25 47 62
13 32 42 59
14 31 41 60
15 30 44 57
16 29 43 58
1 20 39 54
2 19 40 53
3 18 37 56
4 17 38 55
5 24 35 50
6 23 36 49
7 22 33 52
8 21 34 51
9 28 47 62
10 27 48 61
11 26 45 64
12 25 46 63
13 32 43 58
14 31 44 57
15 30 41 60
16 29 42 59
1 20 40 53
2 19 39 54
3 18 38 55
4 17 37 56
5 24 36 49
6 23 35 50
7 22 34 51
8 21 33 52
9 28 48 61
10 27 47 62
11 26 46 63
12 25 45 64
13 32 44 57
14 31 43 58
15 30 42 59
16 29 41 60
1 20 41 60
2 19 42 59
3 18 43 58
4 17 44 57
5 24 45 64
6 23 46 63
7 22 47 62
8 21 48 61
9 28 33 52
10 27 34 51
11 26 35 50
12 25 36 49
13 32 37 56
14 31 38 55
15 30 39 54
16 29 40 53
1 20 42 59
2 19 41 60
3 18 44 57
4 17 43 58
5 24 46 63
6 23 45 64
7 22 48 61
8 21 47 62
9 28 34 51
10 27 33 52
11 26 36 49
12 25 35 50
13 32 38 55
14 31 37 56
15 30 40 53
16 29 39 54
1 20 43 58
2 19 44 57
3 18 41 60
4 17 42 59
5 24 47 62
6 23 48 61
7 22 45 64
8 21 46 63
9 28 35 50
10 27 36 49
11 26 33 52
12 25 34 51
13 32 39 54
14 31 40 53
15 30 37 56
16 29 38 55
1 20 44 57
2 19 43 58
3 18 42 59
4 17 41 60
5 24 48 61
6 23 47 62
7 22 46 63
8 21 45 64
9 28 36 49
10 27 35 50
11 26 34 51
12 25 33 52
13 32 40 53
14 31 39 54
15 30 38 55
16 29 37 56
1 20 45 64
2 19 46 63
3 18 47 62
4 17 48 61
5 24 41 60
6 23 42 59
7 22 43 58
8 21 44 57
9 28 37 56
10 27 38 55
11 26 39 54
12 25 40 53
13 32 33 52
14 31 34 51
15 30 35 50
16 29 36 49
1 20 46 63
2 19 45 64
3 18 48 61
4 17 47 62
5 24 42 59
6 23 41 60
7 22 44 57
8 21 43 58
9 28 38 55
10 27 37 56
11 26 40 53
12 25 39 54
13 32 34 51
14 31 33 52
15 30 36 49
16 29 35 50
1 20 47 62
2 19 48 61
3 18 45 64
4 17 46 63
5 24 43 58
6 23 44 57
7 22 41 60
8 21 42 59
9 28 39 54
10 27 40 53
11 26 37 56
12 25 38 55
13 32 35 50
14 31 36 49
15 30 33 52
16 29 34 51
1 20 48 61
2 19 47 62
3 18 46 63
4 17 45 64
5 24 44 57
6 23 43 58
7 22 42 59
8 21 41 60
9 28 40 53
10 27 39 54
11 26 38 55
12 25 37 56
13 32 36 49
14 31 35 50
15 30 34 51
16 29 33 52
1 21 33 53
2 22 34 54
3 23 35 55
4 24 36 56
5 17 37 49
6 18 38 50
7 19 39 51
8 20 40 52
9 29 41 61
10 30 42 62
11 31 43 63
12 32 44 64
13 25 45 57
14 26 46 58
15 27 47 59
16 28 48 60
1 21 34 54
2 22 33 53
3 23 36 56
4 24 35 55
5 17 38 50
6 18 37 49
7 19 40 52
8 20 39 51
9 29 42 62
10 30 41 61
11 31 44 64
12 32 43 63
13 25 46 58
14 26 45 57
15 27 48 60
16 28 47 59
1 21 35 55
2 22 36 56
3 23 33 53
4 24 34 54
5 17 39 51
6 18 40 52
7 19 37 49
8 20 38 50
9 29 43 63
10 30 44 64
11 31 41 61
12 32 42 62
13 25 47 59
14 26 48 60
15 27 45 57
16 28 46 58
1 21 36 56
2 22 35 55
3 23 34 54
4 24 33 53
5 17 40 52
6 18 39 51
7 19 38 50
8 20 37 49
9 29 44 64
10 30 43 63
11 31 42 62
12 32 41 61
13 25 48 60
14 26 47 59
15 27 46 58
16 28 45 57
1 21 37 49
2 22 38 50
3 23 39 51
4 24 40 52
5 17 33 53
6 18 34 54
7 19 35 55
8 20 36 56
9 29 45 57
10 30 46 58
11 31 47 59
12 32 48 60
13 25 41 61
14 26 42 62
15 27 43 63
16 28 44 64
1 21 38 50
2 22 37 49
3 23 40 52
4 24 39 51
5 17 34 54
6 18 33 53
7 19 36 56
8 20 35 55
9 29 46 58
10 30 45 57
11 31 48 60
12 32 47 59
13 25 42 62
14 26 41 61
15 27 44 64
16 28 43 63
1 21 39 51
2 22 40 52
3 23 37 49
4 24 38 50
5 17 35 55
6 18 36 56
7 19 33 53
8 20 34 54
9 29 47 59
10 30 48 60
11 31 45 57
12 32 46 58
13 25 43 63
14 26 44 64
15 27 41 61
16 28 42 62
1 21 40 52
2 22 39 51
3 23 38 50
4 24 37 49
5 17 36 56
6 18 35 55
7 19 34 54
8 20 33 53
9 29 48 60
10 30 47 59
11 31 46 58
12 32 45 57
13 25 44 64
14 26 43 63
15 27 42 62
16 28 41 61
1 21 41 61
2 22 42 62
3 23 43 63
4 24 44 64
5 17 45 57
6 18 46 58
7 19 47 59
8 20 48 60
9 29 33 53
10 30 34 54
11 31 35 55
12 32 36 56
13 25 37 49
14 26 38 50
15 27 39 51
16 28 40 52
1 21 42 62
2 22 41 61
3 23 44 64
4 24 43 63
5 17 46 58
6 18 45 57
7 19 48 60
8 20 47 59
9 29 34 54
10 30 33 53
11 31 36 56
12 32 35 55
13 25 38 50
14 26 37 49
15 27 40 52
16 28 39 51
1 21 43 63
2 22 44 64
3 23 41 61
4 24 42 62
5 17 47 59
6 18 48 60
7 19 45 57
8 20 46 58
9 29 35 55
10 30 36 56
11 31 33 53
12 32 34 54
13 25 39 51
14 26 40 52
15 27 37 49
16 28 38 50
1 21 44 64
2 22 43 63
3 23 42 62
4 24 41 61
5 17 48 60
6 18 47 59
7 19 46 58
8 20 45 57
9 29 36 56
10 30 35 55
11 31 34 54
12 32 33 53
13 25 40 52
14 26 39 51
15 27 38 50
16 28 37 49
1 21 45 57
2 22 46 58
3 23 47 59
4 24 48 60
5 17 41 61
6 18 42 62
7 19 43 63
8 20 44 64
9 29 37 49
10 30 38 50
11 31 39 51
12 32 40 52
13 25 33 53
14 26 34 54
15 27 35 55
16 28 36 56
1 21 46 58
2 22 45 57
3 23 48 60
4 24 47 59
5 17 42 62
6 18 41 61
7 19 44 64
8 20 43 63
9 29 38 50
10 30 37 49
11 31 40 52
12 32 39 51
13 25 34 54
14 26 33 53
15 27 36 56
16 28 35 55
1 21 47 59
2 22 48 60
3 23 45 57
4 24 46 58
5 17 43 63
6 18 44 64
7 19 41 61
8 20 42 62
9 29 39 51
10 30 40 52
11 31 37 49
12 32 38 50
13 25 35 55
14 26 36 56
15 27 33 53
16 28 34 54
1 21 48 60
2 22 47 59
3 23 46 58
4 24 45 57
5 17 44 64
6 18 43 63
7 19 42 62
8 20 41 61
9 29 40 52
10 30 39 51
11 31 38 50
12 32 37 49
13 25 36 56
14 26 35 55
15 27 34 54
16 28 33 53
1 22 33 54
2 21 34 53
3 24 35 56
4 23 36 55
5 18 37 50
6 17 38 49
7 20 39 52
8 19 40 51
9 30 41 62
10 29 42 61
11 32 43 64
12 31 44 63
13 26 45 58
14 25 46 57
15 28 47 60
16 27 48 59
1 22 34 53
2 21 33 54
3 24 36 55
4 23 35 56
5 18 38 49
6 17 37 50
7 20 40 51
8 19 39 52
9 30 42 61
10 29 41 62
11 32 44 63
12 31 43 64
13 26 46 57
14 25 45 58
15 28 48 59
16 27 47 60
1 22 35 56
2 21 36 55
3 24 33 54
4 23 34 53
5 18 39 52
6 17 40 51
7 20 37 50
8 19 38 49
9 30 43 64
10 29 44 63
11 32 41 62
12 31 42 61
13 26 47 60
14 25 48 59
15 28 45 58
16 27 46 57
1 22 36 55
2 21 35 56
3 24 34 53
4 23 33 54
5 18 40 51
6 17 39 52
7 20 38 49
8 19 37 50
9 30 44 63
10 29 43 64
11 32 42 61
12 31 41 62
13 26 48 59
14 25 47 60
15 28 46 57
16 27 45 58
1 22 37 50
2 21 38 49
3 24 39 52
4 23 40 51
5 18 33 54
6 17 34 53
7 20 35 56
8 19 36 55
9 30 45 58
10 29 46 57
11 32 47 60
12 31 48 59
13 26 41 62
14 25 42 61
15 28 43 64
16 27 44 63
1 22 38 49
2 21 37 50
3 24 40 51
4 23 39 52
5 18 34 53
6 17 33 54
7 20 36 55
8 19 35 56
9 30 46 57
10 29 45 58
11 32 48 59
12 31 47 60
13 26 42 61
14 25 41 62
15 28 44 63
16 27 43 64
1 22 39 52
2 21 40 51
3 24 37 50
4 23 38 49
5 18 35 56
6 17 36 55
7 20 33 54
8 19 34 53
9 30 47 60
10 29 48 59
11 32 45 58
12 31 46 57
13 26 43 64
14 25 44 63
15 28 41 62
16 27 42 61
1 22 40 51
2 21 39 52
3 24 38 49
4 23 37 50
5 18 36 55
6 17 35 56
7 20 34 53
8 19 33 54
9 30 48 59
10 29 47 60
11 32 46 57
12 31 45 58
13 26 44 63
14 25 43 64
15 28 42 61
16 27 41 62
1 22 41 62
2 21 42 61
3 24 43 64
4 23 44 63
5 18 45 58
6 17 46 57
7 20 47 60
8 19 48 59
9 30 33 54
10 29 34 53
11 32 35 56
12 31 36 55
13 26 37 50
14 25 38 49
15 28 39 52
16 27 40 51
1 22 42 61
2 21 41 62
3 24 44 63
4 23 43 64
5 18 46 57
6 17 45 58
7 20 48 59
8 19 47 60
9 30 34 53
10 29 33 54
11 32 36 55
12 31 35 56
13 26 38 49
14 25 37 50
15 28 40 51
16 27 39 52
1 22 43 64
2 21 44 63
3 24 41 62
4 23 42 61
5 18 47 60
6 17 48 59
7 20 45 58
8 19 46 57
9 30 35 56
10 29 36 55
11 32 33 54
12 31 34 53
13 26 39 52
14 25 40 51
15 28 37 50
16 27 38 49
1 22 44 63
2 21 43 64
3 24 42 61
4 23 41 62
5 18 48 59
6 17 47 60
7 20 46 57
8 19 45 58
9 30 36 55
10 29 35 56
11 32 34 53
12 31 33 54
13 26 40 51
14 25 39 52
15 28 38 49
16 27 37 50
1 22 45 58
2 21 46 57
3 24 47 60
4 23 48 59
5 18 41 62
6 17 42 61
7 20 43 64
8 19 44 63
9 30 37 50
10 29 38 49
11 32 39 52
12 31 40 51
13 26 33 54
14 25 34 53
15 28 35 56
16 27 36 55
1 22 46 57
2 21 45 58
3 24 48 59
4 23 47 60
5 18 42 61
6 17 41 62
7 20 44 63
8 19 43 64
9 30 38 49
10 29 37 50
11 32 40 51
12 31 39 52
13 26 34 53
14 25 33 54
15 28 36 55
16 27 35 56
1 22 47 60
2 21 48 59
3 24 45 58
4 23 46 57
5 18 43 64
6 17 44 63
7 20 41 62
8 19 42 61
9 30 39 52
10 29 40 51
11 32 37 50
12 31 38 49
13 26 35 56
14 25 36 55
15 28 33 54
16 27 34 53
1 22 48 59
2 21 47 60
3 24 46 57
4 23 45 58
5 18 44 63
6 17 43 64
7 20 42 61
8 19 41 62
9 30 40 51
10 29 39 52
11 32 38 49
12 31 37 50
13 26 36 55
14 25 35 56
15 28 34 53
16 27 33 54
1 23 33 55
2 24 34 56
3 21 35 53
4 22 36 54
5 19 37 51
6 20 38 52
7 17 39 49
8 18 40 50
9 31 41 63
10 32 42 64
11 29 43 61
12 30 44 62
13 27 45 59
14 28 46 60
15 25 47 57
16 26 48 58
1 23 34 56
2 24 33 55
3 21 36 54
4 22 35 53
5 19 38 52
6 20 37 51
7 17 40 50
8 18 39 49
9 31 42 64
10 32 41 63
11 29 44 62
12 30 43 61
13 27 46 60
14 28 45 59
15 25 48 58
16 26 47 57
1 23 35 53
2 24 36 54
3 21 33 55
4 22 34 56
5 19 39 49
6 20 40 50
7 17 37 51
8 18 38 52
9 31 43 61
10 32 44 62
11 29 41 63
12 30 42 64
13 27 47 57
14 28 48 58
15 25 45 59
16 26 46 60
1 23 36 54
2 24 35 53
3 21 34 56
4 22 33 55
5 19 40 50
6 20 39 49
7 17 38 52
8 18 37 51
9 31 44 62
10 32 43 61
11 29 42 64
12 30 41 63
13 27 48 58
14 28 47 57
15 25 46 60
16 26 45 59
1 23 37 51
2 24 38 52
3 21 39 49
4 22 40 50
5 19 33 55
6 20 34 56
7 17 35 53
8 18 36 54
9 31 45 59
10 32 46 60
11 29 47 57
12 30 48 58
13 27 41 63
14 28 42 64
15 25 43 61
16 26 44 62
1 23 38 52
2 24 37 51
3 21 40 50
4 22 39 49
5 19 34 56
6 20 33 55
7 17 36 54
8 18 35 53
9 31 46 60
10 32 45 59
11 29 48 58
12 30 47 57
13 27 42 64
14 28 41 63
15 25 44 62
16 26 43 61
1 23 39 49
2 24 40 50
3 21 37 51
4 22 38 52
5 19 35 53
6 20 36 54
7 17 33 55
8 18 34 56
9 31 47 57
10 32 48 58
11 29 45 59
12 30 46 60
13 27 43 61
14 28 44 62
15 25 41 63
16 26 42 64
1 23 40 50
2 24 39 49
3 21 38 52
4 22 37 51
5 19 36 54
6 20 35 53
7 17 34 56
8 18 33 55
9 31 48 58
10 32 47 57
11 29 46 60
12 30 45 59
13 27 44 62
14 28 43 61
15 25 42 64
16 26 41 63
1 23 41 63
2 24 42 64
3 21 43 61
4 22 44 62
5 19 45 59
6 20 46 60
7 17 47 57
8 18 48 58
9 31 33 55
10 32 34 56
11 29 35 53
12 30 36 54
13 27 37 51
14 28 38 52
15 25 39 49
16 26 40 50
1 23 42 64
2 24 41 63
3 21 44 62
4 22 43 61
5 19 46 60
6 20 45 59
7 17 48 58
8 18 47 57
9 31 34 56
10 32 33 55
11 29 36 54
12 30 35 53
13 27 38 52
14 28 37 51
15 25 40 50
16 26 39 49
1 23 43 61
2 24 44 62
3 21 41 63
4 22 42 64
5 19 47 57
6 20 48 58
7 17 45 59
8 18 46 60
9 31 35 53
10 32 36 54
11 29 33 55
12 30 34 56
13 27 39 49
14 28 40 50
15 25 37 51
16 26 38 52
1 23 44 62
2 24 43 61
3 21 42 64
4 22 41 63
5 19 48 58
6 20 47 57
7 17 46 60
8 18 45 59
9 31 36 54
10 32 35 53
11 29 34 56
12 30 33 55
13 27 40 50
14 28 39 49
15 25 38 52
16 26 37 51
1 23 45 59
2 24 46 60
3 21 47 57
4 22 48 58
5 19 41 63
6 20 42 64
7 17 43 61
8 18 44 62
9 31 37 51
10 32 38 52
11 29 39 49
12 30 40 50
13 27 33 55
14 28 34 56
15 25 35 53
16 26 36 54
1 23 46 60
2 24 45 59
3 21 48 58
4 22 47 57
5 19 42 64
6 20 41 63
7 17 44 62
8 18 43 61
9 31 38 52
10 32 37 51
11 29 40 50
12 30 39 49
13 27 34 56
14 28 33 55
15 25 36 54
16 26 35 53
1 23 47 57
2 24 48 58
3 21 45 59
4 22 46 60
5 19 43 61
6 20 44 62
7 17 41 63
8 18 42 64
9 31 39 49
10 32 40 50
11 29 37 51
12 30 38 52
13 27 35 53
14 28 36 54
15 25 33 55
16 26 34 56
1 23 48 58
2 24 47 57
3 21 46 60
4 22 45 59
5 19 44 62
6 20 43 61
7 17 42 64
8 18 41 63
9 31 40 50
10 32 39 49
11 29 38 52
12 30 37 51
13 27 36 54
14 28 35 53
15 25 34 56
16 26 33 55
1 24 33 56
2 23 34 55
3 22 35 54
4 21 36 53
5 20 37 52
6 19 38 51
7 18 39 50
8 17 40 49
9 32 41 64
10 31 42 63
11 30 43 62
12 29 44 61
13 28 45 60
14 27 46 59
15 26 47 58
16 25 48 57
1 24 34 55
2 23 33 56
3 22 36 53
4 21 35 54
5 20 38 51
6 19 37 52
7 18 40 49
8 17 39 50
9 32 42 63
10 31 41 64
11 30 44 61
12 29 43 62
13 28 46 59
14 27 45 60
15 26 48 57
16 25 47 58
1 24 35 54
2 23 36 53
3 22 33 56
4 21 34 55
5 20 39 50
6 19 40 49
7 18 37 52
8 17 38 51
9 32 43 62
10 31 44 61
11 30 41 64
12 29 42 63
13 28 47 58
14 27 48 57
15 26 45 60
16 25 46 59
1 24 36 53
2 23 35 54
3 22 34 55
4 21 33 56
5 20 40 49
6 19 39 50
7 18 38 51
8 17 37 52
9 32 44 61
10 31 43 62
11 30 42 63
12 29 41 64
13 28 48 57
14 27 47 58
15 26 46 59
16 25 45 60
1 24 37 52
2 23 38 51
3 22 39 50
4 21 40 49
5 20 33 56
6 19 34 55
7 18 35 54
8 17 36 53
9 32 45 60
10 31 46 59
11 30 47 58
12 29 48 57
13 28 41 64
14 27 42 63
15 26 43 62
16 25 44 61
1 24 38 51
2 23 37 52
3 22 40 49
4 21 39 50
5 20 34 55
6 19 33 56
7 18 36 53
8 17 35 54
9 32 46 59
10 31 45 60
11 30 48 57
12 29 47 58
13 28 42 63
14 27 41 64
15 26 44 61
16 25 43 62
1 24 39 50
2 23 40 49
3 22 37 52
4 21 38 51
5 20 35 54
6 19 36 53
7 18 33 56
8 17 34 55
9 32 47 58
10 31 48 57
11 30 45 60
12 29 46 59
13 28 43 62
14 27 44 61
15 26 41 64
16 25 42 63
1 24 40 49
2 23 39 50
3 22 38 51
4 21 37 52
5 20 36 53
6 19 35 54
7 18 34 55
8 17 33 56
9 32 48 57
10 31 47 58
11 30 46 59
12 29 45 60
13 28 44 61
14 27 43 62
15 26 42 63
16 25 41 64
1 24 41 64
2 23 42 63
3 22 43 62
4 21 44 61
5 20 45 60
6 19 46 59
7 18 47 58
8 17 48 57
9 32 33 56
10 31 34 55
11 30 35 54
12 29 36 53
13 28 37 52
14 27 38 51
15 26 39 50
16 25 40 49
1 24 42 63
2 23 41 64
3 22 44 61
4 21 43 62
5 20 46 59
6 19 45 60
7 18 48 57
8 17 47 58
9 32 34 55
10 31 33 56
11 30 36 53
12 29 35 54
13 28 38 51
14 27 37 52
15 26 40 49
16 25 39 50
1 24 43 62
2 23 44 61
3 22 41 64
4 21 42 63
5 20 47 58
6 19 48 57
7 18 45 60
8 17 46 59
9 32 35 54
10 31 36 53
11 30 33 56
12 29 34 55
13 28 39 50
14 27 40 49
15 26 37 52
16 25 38 51
1 24 44 61
2 23 43 62
3 22 42 63
4 21 41 64
5 20 48 57
6 19 47 58
7 18 46 59
8 17 45 60
9 32 36 53
10 31 35 54
11 30 34 55
12 29 33 56
13 28 40 49
14 27 39 50
15 26 38 51
16 25 37 52
1 24 45 60
2 23 46 59
3 22 47 58
4 21 48 57
5 20 41 64
6 19 42 63
7 18 43 62
8 17 44 61
9 32 37 52
10 31 38 51
11 30 39 50
12 29 40 49
13 28 33 56
14 27 34 55
15 26 35 54
16 25 36 53
1 24 46 59
2 23 45 60
3 22 48 57
4 21 47 58
5 20 42 63
6 19 41 64
7 18 44 61
8 17 43 62
9 32 38 51
10 31 37 52
11 30 40 49
12 29 39 50
13 28 34 55
14 27 33 56
15 26 36 53
16 25 35 54
1 24 47 58
2 23 48 57
3 22 45 60
4 21 46 59
5 20 43 62
6 19 44 61
7 18 41 64
8 17 42 63
9 32 39 50
10 31 40 49
11 30 37 52
12 29 38 51
13 28 35 54
14 27 36 53
15 26 33 56
16 25 34 55
1 24 48 57
2 23 47 58
3 22 46 59
4 21 45 60
5 20 44 61
6 19 43 62
7 18 42 63
8 17 41 64
9 32 40 49
10 31 39 50
11 30 38 51
12 29 37 52
13 28 36 53
14 27 35 54
15 26 34 55
16 25 33 56
1 25 33 57
2 26 34 58
3 27 35 59
4 28 36 60
5 29 37 61
6 30 38 62
7 31 39 63
8 32 40 64
9 17 41 49
10 18 42 50
11 19 43 51
12 20 44 52
13 21 45 53
14 22 46 54
15 23 47 55
16 24 48 56
1 25 34 58
2 26 33 57
3 27 36 60
4 28 35 59
5 29 38 62
6 30 37 61
7 31 40 64
8 32 39 63
9 17 42 50
10 18 41 49
11 19 44 52
12 20 43 51
13 21 46 54
14 22 45 53
15 23 48 56
16 24 47 55
1 25 35 59
2 26 36 60
3 27 33 57
4 28 34 58
5 29 39 63
6 30 40 64
7 31 37 61
8 32 38 62
9 17 43 51
10 18 44 52
11 19 41 49
12 20 42 50
13 21 47 55
14 22 48 56
15 23 45 53
16 24 46 54
1 25 36 60
2 26 35 59
3 27 34 58
4 28 33 57
5 29 40 64
6 30 39 63
7 31 38 62
8 32 37 61
9 17 44 52
10 18 43 51
11 19 42 50
12 20 41 49
13 21 48 56
14 22 47 55
15 23 46 54
16 24 45 53
1 25 37 61
2 26 38 62
3 27 39 63
4 28 40 64
5 29 33 57
6 30 34 58
7 31 35 59
8 32 36 60
9 17 45 53
10 18 46 54
11 19 47 55
12 20 48 56
13 21 41 49
14 22 42 50
15 23 43 51
16 24 44 52
1 25 38 62
2 26 37 61
3 27 40 64
4 28 39 63
5 29 34 58
6 30 33 57
7 31 36 60
8 32 35 59
9 17 46 54
10 18 45 53
11 19 48 56
12 20 47 55
13 21 42 50
14 22 41 49
15 23 44 52
16 24 43 51
1 25 39 63
2 26 40 64
3 27 37 61
4 28 38 62
5 29 35 59
6 30 36 60
7 31 33 57
8 32 34 58
9 17 47 55
10 18 48 56
11 19 45 53
12 20 46 54
13 21 43 51
14 22 44 52
15 23 41 49
16 24 42 50
1 25 40 64
2 26 39 63
3 27 38 62
4 28 37 61
5 29 36 60
6 30 35 59
7 31 34 58
8 32 33 57
9 17 48 56
10 18 47 55
11 19 46 54
12 20 45 53
13 21 44 52
14 22 43 51
15 23 42 50
16 24 41 49
1 25 41 49
2 26 42 50
3 27 43 51
4 28 44 52
5 29 45 53
6 30 46 54
7 31 47 55
8 32 48 56
9 17 33 57
10 18 34 58
11 19 35 59
12 20 36 60
13 21 37 61
14 22 38 62
15 23 39 63
16 24 40 64
1 25 42 50
2 26 41 49
3 27 44 52
4 28 43 51
5 29 46 54
6 30 45 53
7 31 48 56
8 32 47 55
9 17 34 58
10 18 33 57
11 19 36 60
12 20 35 59
13 21 38 62
14 22 37 61
15 23 40 64
16 24 39 63
1 25 43 51
2 26 44 52
3 27 41 49
4 28 42 50
5 29 47 55
6 30 48 56
7 31 45 53
8 32 46 54
9 17 35 59
10 18 36 60
11 19 33 57
12 20 34 58
13 21 39 63
14 22 40 64
15 23 37 61
16 24 38 62
1 25 44 52
2 26 43 51
3 27 42 50
4 28 41 49
5 29 48 56
6 30 47 55
7 31 46 54
8 32 45 53
9 17 36 60
10 18 35 59
11 19 34 58
12 20 33 57
13 21 40 64
14 22 39 63
15 23 38 62
16 24 37 61
1 25 45 53
2 26 46 54
3 27 47 55
4 28 48 56
5 29 41 49
6 30 42 50
7 31 43 51
8 32 44 52
9 17 37 61
10 18 38 62
11 19 39 63
12 20 40 64
13 21 33 57
14 22 34 58
15 23 35 59
16 24 36 60
1 25 46 54
2 26 45 53
3 27 48 56
4 28 47 55
5 29 42 50
6 30 41 49
7 31 44 52
8 32 43 51
9 17 38 62
10 18 37 61
11 19 40 64
12 20 39 63
13 21 34 58
14 22 33 57
15 23 36 60
16 24 35 59
1 25 47 55
2 26 48 56
3 27 45 53
4 28 46 54
5 29 43 51
6 30 44 52
7 31 41 49
8 32 42 50
9 17 39 63
10 18 40 64
11 19 37 61
12 20 38 62
13 21 35 59
14 22 36 60
15 23 33 57
16 24 34 58
1 25 48 56
2 26 47 55
3 27 46 54
4 28 45 53
5 29 44 52
6 30 43 51
7 31 42 50
8 32 41 49
9 17 40 64
10 18 39 63
11 19 38 62
12 20 37 61
13 21 36 60
14 22 35 59
15 23 34 58
16 24 33 57
1 26 33 58
2 25 34 57
3 28 35 60
4 27 36 59
5 30 37 62
6 29 38 61
7 32 39 64
8 31 40 63
9 18 41 50
10 17 42 49
11 20 43 52
12 19 44 51
13 22 45 54
14 21 46 53
15 24 47 56
16 23 48 55
1 26 34 57
2 25 33 58
3 28 36 59
4 27 35 60
5 30 38 61
6 29 37 62
7 32 40 63
8 31 39 64
9 18 42 49
10 17 41 50
11 20 44 51
12 19 43 52
13 22 46 53
14 21 45 54
15 24 48 55
16 23 47 56
1 26 35 60
2 25 36 59
3 28 33 58
4 27 34 57
5 30 39 64
6 29 40 63
7 32 37 62
8 31 38 61
9 18 43 52
10 17 44 51
11 20 41 50
12 19 42 49
13 22 47 56
14 21 48 55
15 24 45 54
16 23 46 53
1 26 36 59
2 25 35 60
3 28 34 57
4 27 33 58
5 30 40 63
6 29 39 64
7 32 38 61
8 31 37 62
9 18 44 51
10 17 43 52
11 20 42 49
12 19 41 50
13 22 48 55
14 21 47 56
15 24 46 53
16 23 45 54
1 26 37 62
2 25 38 61
3 28 39 64
4 27 40 63
5 30 33 58
6 29 34 57
7 32 35 60
8 31 36 59
9 18 45 54
10 17 46 53
11 20 47 56
12 19 48 55
13 22 41 50
14 21 42 49
15 24 43 52
16 23 44 51
1 26 38 61
2 25 37 62
3 28 40 63
4 27 39 64
5 30 34 57
6 29 33 58
7 32 36 59
8 31 35 60
9 18 46 53
10 17 45 54
11 20 48 55
12 19 47 56
13 22 42 49
14 21 41 50
15 24 44 51
16 23 43 52
1 26 39 64
2 25 40 63
3 28 37 62
4 27 38 61
5 30 35 60
6 29 36 59
7 32 33 58
8 31 34 57
9 18 47 56
10 17 48 55
11 20 45 54
12 19 46 53
13 22 43 52
14 21 44 51
15 24 41 50
16 23 42 49
1 26 40 63
2 25 39 64
3 28 38 61
4 27 37 62
5 30 36 59
6 29 35 60
7 32 34 57
8 31 33 58
9 18 48 55
10 17 47 56
11 20 46 53
12 19 45 54
13 22 44 51
14 21 43 52
15 24 42 49
16 23 41 50
1 26 41 50
2 25 42 49
3 28 43 52
4 27 44 51
5 30 45 54
6 29 46 53
7 32 47 56
8 31 48 55
9 18 33 58
10 17 34 57
11 20 35 60
12 19 36 59
13 22 37 62
14 21 38 61
15 24 39 64
16 23 40 63
1 26 42 49
2 25 41 50
3 28 44 51
4 27 43 52
5 30 46 53
6 29 45 54
7 32 48 55
8 31 47 56
9 18 34 57
10 17 33 58
11 20 36 59
12 19 35 60
13 22 38 61
14 21 37 62
15 24 40 63
16 23 39 64
1 26 43 52
2 25 44 51
3 28 41 50
4 27 42 49
5 30 47 56
6 29 48 55
7 32 45 54
8 31 46 53
9 18 35 60
10 17 36 59
11 20 33 58
12 19 34 57
13 22 39 64
14 21 40 63
15 24 37 62
16 23 38 61
1 26 44 51
2 25 43 52
3 28 42 49
4 27 41 50
5 30 48 55
6 29 47 56
7 32 46 53
8 31 45 54
9 18 36 59
10 17 35 60
11 20 34 57
12 19 33 58
13 22 40 63
14 21 39 64
15 24 38 61
16 23 37 62
1 26 45 54
2 25 46 53
3 28 47 56
4 27 48 55
5 30 41 50
6 29 42 49
7 32 43 52
8 31 44 51
9 18 37 62
10 17 38 61
11 20 39 64
12 19 40 63
13 22 33 58
14 21 34 57
15 24 35 60
16 23 36 59
1 26 46 53
2 25 45 54
3 28 48 55
4 27 47 56
5 30 42 49
6 29 41 50
7 32 44 51
8 31 43 52
9 18 38 61
10 17 37 62
11 20 40 63
12 19 39 64
13 22 34 57
14 21 33 58
15 24 36 59
16 23 35 60
1 26 47 56
2 25 48 55
3 28 45 54
4 27 46 53
5 30 43 52
6 29 44 51
7 32 41 50
8 31 42 49
9 18 39 64
10 17 40 63
11 20 37 62
12 19 38 61
13 22 35 60
14 21 36 59
15 24 33 58
16 23 34 57
1 26 48 55
2 25 47 56
3 28 46 53
4 27 45 54
5 30 44 51
6 29 43 52
7 32 42 49
8 31 41 50
9 18 40 63
10 17 39 64
11 20 38 61
12 19 37 62
13 22 36 59
14 21 35 60
15 24 34 57
16 23 33 58
1 27 33 59
2 28 34 60
3 25 35 57
4 26 36 58
5 31 37 63
6 32 38 64
7 29 39 61
8 30 40 62
9 19 41 51
10 20 42 52
11 17 43 49
12 18 44 50
13 23 45 55
14 24 46 56
15 21 47 53
16 22 48 54
1 27 34 60
2 28 33 59
3 25 36 58
4 26 35 57
5 31 38 64
6 32 37 63
7 29 40 62
8 30 39 61
9 19 42 52
10 20 41 51
11 17 44 50
12 18 43 49
13 23 46 56
14 24 45 55
15 21 48 54
16 22 47 53
1 27 35 57
2 28 36 58
3 25 33 59
4 26 34 60
5 31 39 61
6 32 40 62
7 29 37 63
8 30 38 64
9 19 43 49
10 20 44 50
11 17 41 51
12 18 42 52
13 23 47 53
14 24 48 54
15 21 45 55
16 22 46 56
1 27 36 58
2 28 35 57
3 25 34 60
4 26 33 59
5 31 40 62
6 32 39 61
7 29 38 64
8 30 37 63
9 19 44 50
10 20 43 49
11 17 42 52
12 18 41 51
13 23 48 54
14 24 47 53
15 21 46 56
16 22 45 55
1 27 37 63
2 28 38 64
3 25 39 61
4 26 40 62
5 31 33 59
6 32 34 60
7 29 35 57
8 30 36 58
9 19 45 55
10 20 46 56
11 17 47 53
12 18 48 54
13 23 41 51
14 24 42 52
15 21 43 49
16 22 44 50
1 27 38 64
2 28 37 63
3 25 40 62
4 26 39 61
5 31 34 60
6 32 33 59
7 29 36 58
8 30 35 57
9 19 46 56
10 20 45 55
11 17 48 54
12 18 47 53
13 23 42 52
14 24 41 51
15 21 44 50
16 22 43 49
1 27 39 61
2 28 40 62
3 25 37 63
4 26 38 64
5 31 35 57
6 32 36 58
7 29 33 59
8 30 34 60
9 19 47 53
10 20 48 54
11 17 45 55
12 18 46 56
13 23 43 49
14 24 44 50
15 21 41 51
16 22 42 52
1 27 40 62
2 28 39 61
3 25 38 64
4 26 37 63
5 31 36 58
6 32 35 57
7 29 34 60
8 30 33 59
9 19 48 54
10 20 47 53
11 17 46 56
12 18 45 55
13 23 44 50
14 24 43 49
15 21 42 52
16 22 41 51
1 27 41 51
2 28 42 52
3 25 43 49
4 26 44 50
5 31 45 55
6 32 46 56
7 29 47 53
8 30 48 54
9 19 33 59
10 20 34 60
11 17 35 57
12 18 36 58
13 23 37 63
14 24 38 64
15 21 39 61
16 22 40 62
1 27 42 52
2 28 41 51
3 25 44 50
4 26 43 49
5 31 46 56
6 32 45 55
7 29 48 54
8 30 47 53
9 19 34 60
10 20 33 59
11 17 36 58
12 18 35 57
13 23 38 64
14 24 37 63
15 21 40 62
16 22 39 61
1 27 43 49
2 28 44 50
3 25 41 51
4 26 42 52
5 31 47 53
6 32 48 54
7 29 45 55
8 30 46 56
9 19 35 57
10 20 36 58
11 17 33 59
12 18 34 60
13 23 39 61
14 24 40 62
15 21 37 63
16 22 38 64
1 27 44 50
2 28 43 49
3 25 42 52
4 26 41 51
5 31 48 54
6 32 47 53
7 29 46 56
8 30 45 55
9 19 36 58
10 20 35 57
11 17 34 60
12 18 33 59
13 23 40 62
14 24 39 61
15 21 38 64
16 22 37 63
1 27 45 55
2 28 46 56
3 25 47 53
4 26 48 54
5 31 41 51
6 32 42 52
7 29 43 49
8 30 44 50
9 19 37 63
10 20 38 64
11 17 39 61
12 18 40 62
13 23 33 59
14 24 34 60
15 21 35 57
16 22 36 58
1 27 46 56
2 28 45 55
3 25 48 54
4 26 47 53
5 31 42 52
6 32 41 51
7 29 44 50
8 30 43 49
9 19 38 64
10 20 37 63
11 17 40 62
12 18 39 61
13 23 34 60
14 24 33 59
15 21 36 58
16 22 35 57
1 27 47 53
2 28 48 54
3 25 45 55
4 26 46 56
5 31 43 49
6 32 44 50
7 29 41 51
8 30 42 52
9 19 39 61
10 20 40 62
11 17 37 63
12 18 38 64
13 23 35 57
14 24 36 58
15 21 33 59
16 22 34 60
1 27 48 54
2 28 47 53
3 25 46 56
4 26 45 55
5 31 44 50
6 32 43 49
7 29 42 52
8 30 41 51
9 19 40 62
10 20 39 61
11 17 38 64
12 18 37 63
13 23 36 58
14 24 35 57
15 21 34 60
16 22 33 59
1 28 33 60
2 27 34 59
3 26 35 58
4 25 36 57
5 32 37 64
6 31 38 63
7 30 39 62
8 29 40 61
9 20 41 52
10 19 42 51
11 18 43 50
12 17 44 49
13 24 45 56
14 23 46 55
15 22 47 54
16 21 48 53
1 28 34 59
2 27 33 60
3 26 36 57
4 25 35 58
5 32 38 63
6 31 37 64
7 30 40 61
8 29 39 62
9 20 42 51
10 19 41 52
11 18 44 49
12 17 43 50
13 24 46 55
14 23 45 56
15 22 48 53
16 21 47 54
1 28 35 58
2 27 36 57
3 26 33 60
4 25 34 59
5 32 39 62
6 31 40 61
7 30 37 64
8 29 38 63
9 20 43 50
10 19 44 49
11 18 41 52
12 17 42 51
13 24 47 54
14 23 48 53
15 22 45 56
16 21 46 55
1 28 36 57
2 27 35 58
3 26 34 59
4 25 33 60
5 32 40 61
6 31 39 62
7 30 38 63
8 29 37 64
9 20 44 49
10 19 43 50
11 18 42 51
12 17 41 52
13 24 48 53
14 23 47 54
15 22 46 55
16 21 45 56
1 28 37 64
2 27 38 63
3 26 39 62
4 25 40 61
5 32 33 60
6 31 34 59
7 30 35 58
8 29 36 57
9 20 45 56
10 19 46 55
11 18 47 54
12 17 48 53
13 24 41 52
14 23 42 51
15 22 43 50
16 21 44 49
1 28 38 63
2 27 37 64
3 26 40 61
4 25 39 62
5 32 34 59
6 31 33 60
7 30 36 57
8 29 35 58
9 20 46 55
10 19 45 56
11 18 48 53
12 17 47 54
13 24 42 51
14 23 41 52
15 22 44 49
16 21 43 50
1 28 39 62
2 27 40 61
3 26 37 64
4 25 38 63
5 32 35 58
6 31 36 57
7 30 33 60
8 29 34 59
9 20 47 54
10 19 48 53
11 18 45 56
12 17 46 55
13 24 43 50
14 23 44 49
15 22 41 52
16 21 42 51
1 28 40 61
2 27 39 62
3 26 38 63
4 25 37 64
5 32 36 57
6 31 35 58
7 30 34 59
8 29 33 60
9 20 48 53
10 19 47 54
11 18 46 55
12 17 45 56
13 24 44 49
14 23 43 50
15 22 42 51
16 21 41 52
1 28 41 52
2 27 42 51
3 26 43 50
4 25 44 49
5 32 45 56
6 31 46 55
7 30 47 54
8 29 48 53
9 20 33 60
10 19 34 59
11 18 35 58
12 17 36 57
13 24 37 64
14 23 38 63
15 22 39 62
16 21 40 61
1 28 42 51
2 27 41 52
3 26 44 49
4 25 43 50
5 32 46 55
6 31 45 56
7 30 48 53
8 29 47 54
9 20 34 59
10 19 33 60
11 18 36 57
12 17 35 58
13 24 38 63
14 23 37 64
15 22 40 61
16 21 39 62
1 28 43 50
2 27 44 49
3 26 41 52
4 25 42 51
5 32 47 54
6 31 48 53
7 30 45 56
8 29 46 55
9 20 35 58
10 19 36 57
11 18 33 60
12 17 34 59
13 24 39 62
14 23 40 61
15 22 37 64
16 21 38 63
1 28 44 49
2 27 43 50
3 26 42 51
4 25 41 52
5 32 48 53
6 31 47 54
7 30 46 55
8 29 45 56
9 20 36 57
10 19 35 58
11 18 34 59
12 17 33 60
13 24 40 61
14 23 39 62
15 22 38 63
16 21 37 64
1 28 45 56
2 27 46 55
3 26 47 54
4 25 48 53
5 32 41 52
6 31 42 51
7 30 43 50
8 29 44 49
9 20 37 64
10 19 38 63
11 18 39 62
12 17 40 61
13 24 33 60
14 23 34 59
15 22 35 58
16 21 36 57
1 28 46 55
2 27 45 56
3 26 48 53
4 25 47 54
5 32 42 51
6 31 41 52
7 30 44 49
8 29 43 50
9 20 38 63
10 19 37 64
11 18 40 61
12 17 39 62
13 24 34 59
14 23 33 60
15 22 36 57
16 21 35 58
1 28 47 54
2 27 48 53
3 26 45 56
4 25 46 55
5 32 43 50
6 31 44 49
7 30 41 52
8 29 42 51
9 20 39 62
10 19 40 61
11 18 37 64
12 17 38 63
13 24 35 58
14 23 36 57
15 22 33 60
16 21 34 59
1 28 48 53
2 27 47 54
3 26 46 55
4 25 45 56
5 32 44 49
6 31 43 50
7 30 42 51
8 29 41 52
9 20 40 61
10 19 39 62
11 18 38 63
12 17 37 64
13 24 36 57
14 23 35 58
15 22 34 59
16 21 33 60
1 29 33 61
2 30 34 62
3 31 35 63
4 32 36 64
5 25 37 57
6 26 38 58
7 27 39 59
8 28 40 60
9 21 41 53
10 22 42 54
11 23 43 55
12 24 44 56
13 17 45 49
14 18 46 50
15 19 47 51
16 20 48 52
1 29 34 62
2 30 33 61
3 31 36 64
4 32 35 63
5 25 38 58
6 26 37 57
7 27 40 60
8 28 39 59
9 21 42 54
10 22 41 53
11 23 44 56
12 24 43 55
13 17 46 50
14 18 45 49
15 19 48 52
16 20 47 51
1 29 35 63
2 30 36 64
3 31 33 61
4 32 34 62
5 25 39 59
6 26 40 60
7 27 37 57
8 28 38 58
9 21 43 55
10 22 44 56
11 23 41 53
12 24 42 54
13 17 47 51
14 18 48 52
15 19 45 49
16 20 46 50
1 29 36 64
2 30 35 63
3 31 34 62
4 32 33 61
5 25 40 60
6 26 39 59
7 27 38 58
8 28 37 57
9 21 44 56
10 22 43 55
11 23 42 54
12 24 41 53
13 17 48 52
14 18 47 51
15 19 46 50
16 20 45 49
1 29 37 57
2 30 38 58
3 31 39 59
4 32 40 60
5 25 33 61
6 26 34 62
7 27 35 63
8 28 36 64
9 21 45 49
10 22 46 50
11 23 47 51
12 24 48 52
13 17 41 53
14 18 42 54
15 19 43 55
16 20 44 56
1 29 38 58
2 30 37 57
3 31 40 60
4 32 39 59
5 25 34 62
6 26 33 61
7 27 36 64
8 28 35 63
9 21 46 50
10 22 45 49
11 23 48 52
12 24 47 51
13 17 42 54
14 18 41 53
15 19 44 56
16 20 43 55
1 29 39 59
2 30 40 60
3 31 37 57
4 32 38 58
5 25 35 63
6 26 36 64
7 27 33 61
8 28 34 62
9 21 47 51
10 22 48 52
11 23 45 49
12 24 46 50
13 17 43 55
14 18 44 56
15 19 41 53
16 20 42 54
1 29 40 60
2 30 39 59
3 31 38 58
4 32 37 57
5 25 36 64
6 26 35 63
7 27 34 62
8 28 33 61
9 21 48 52
10 22 47 51
11 23 46 50
12 24 45 49
13 17 44 56
14 18 43 55
15 19 42 54
16 20 41 53
1 29 41 53
2 30 42 54
3 31 43 55
4 32 44 56
5 25 45 49
6 26 46 50
7 27 47 51
8 28 48 52
9 21 33 61
10 22 34 62
11 23 35 63
12 24 36 64
13 17 37 57
14 18 38 58
15 19 39 59
16 20 40 60
1 29 42 54
2 30 41 53
3 31 44 56
4 32 43 55
5 25 46 50
6 26 45 49
7 27 48 52
8 28 47 51
9 21 34 62
10 22 33 61
11 23 36 64
12 24 35 63
13 17 38 58
14 18 37 57
15 19 40 60
16 20 39 59
1 29 43 55
2 30 44 56
3 31 41 53
4 32 42 54
5 25 47 51
6 26 48 52
7 27 45 49
8 28 46 50
9 21 35 63
10 22 36 64
11 23 33 61
12 24 34 62
13 17 39 59
14 18 40 60
15 19 37 57
16 20 38 58
1 29 44 56
2 30 43 55
3 31 42 54
4 32 41 53
5 25 48 52
6 26 47 51
7 27 46 50
8 28 45 49
9 21 36 64
10 22 35 63
11 23 34 62
12 24 33 61
13 17 40 60
14 18 39 59
15 19 38 58
16 20 37 57
1 29 45 49
2 30 46 50
3 31 47 51
4 32 48 52
5 25 41 53
6 26 42 54
7 27 43 55
8 28 44 56
9 21 37 57
10 22 38 58
11 23 39 59
12 24 40 60
13 17 33 61
14 18 34 62
15 19 35 63
16 20 36 64
1 29 46 50
2 30 45 49
3 31 48 52
4 32 47 51
5 25 42 54
6 26 41 53
7 27 44 56
8 28 43 55
9 21 38 58
10 22 37 57
11 23 40 60
12 24 39 59
13 17 34 62
14 18 33 61
15 19 36 64
16 20 35 63
1 29 47 51
2 30 48 52
3 31 45 49
4 32 46 50
5 25 43 55
6 26 44 56
7 27 41 53
8 28 42 54
9 21 39 59
10 22 40 60
11 23 37 57
12 24 38 58
13 17 35 63
14 18 36 64
15 19 33 61
16 20 34 62
1 29 48 52
2 30 47 51
3 31 46 50
4 32 45 49
5 25 44 56
6 26 43 55
7 27 42 54
8 28 41 53
9 21 40 60
10 22 39 59
11 23 38 58
12 24 37 57
13 17 36 64
14 18 35 63
15 19 34 62
16 20 33 61
1 30 33 62
2 29 34 61
3 32 35 64
4 31 36 63
5 26 37 58
6 25 38 57
7 28 39 60
8 27 40 59
9 22 41 54
10 21 42 53
11 24 43 56
12 23 44 55
13 18 45 50
14 17 46 49
15 20 47 52
16 19 48 51
1 30 34 61
2 29 33 62
3 32 36 63
4 31 35 64
5 26 38 57
6 25 37 58
7 28 40 59
8 27 39 60
9 22 42 53
10 21 41 54
11 24 44 55
12 23 43 56
13 18 46 49
14 17 45 50
15 20 48 51
16 19 47 52
1 30 35 64
2 29 36 63
3 32 33 62
4 31 34 61
5 26 39 60
6 25 40 59
7 28 37 58
8 27 38 57
9 22 43 56
10 21 44 55
11 24 41 54
12 23 42 53
13 18 47 52
14 17 48 51
15 20 45 50
16 19 46 49
1 30 36 63
2 29 35 64
3 32 34 61
4 31 33 62
5 26 40 59
6 25 39 60
7 28 38 57
8 27 37 58
9 22 44 55
10 21 43 56
11 24 42 53
12 23 41 54
13 18 48 51
14 17 47 52
15 20 46 49
16 19 45 50
1 30 37 58
2 29 38 57
3 32 39 60
4 31 40 59
5 26 33 62
6 25 34 61
7 28 35 64
8 27 36 63
9 22 45 50
10 21 46 49
11 24 47 52
12 23 48 51
13 18 41 54
14 17 42 53
15 20 43 56
16 19 44 55
1 30 38 57
2 29 37 58
3 32 40 59
4 31 39 60
5 26 34 61
6 25 33 62
7 28 36 63
8 27 35 64
9 22 46 49
10 21 45 50
11 24 48 51
12 23 47 52
13 18 42 53
14 17 41 54
15 20 44 55
16 19 43 56
1 30 39 60
2 29 40 59
3 32 37 58
4 31 38 57
5 26 35 64
6 25 36 63
7 28 33 62
8 27 34 61
9 22 47 52
10 21 48 51
11 24 45 50
12 23 46 49
13 18 43 56
14 17 44 55
15 20 41 54
16 19 42 53
1 30 40 59
2 29 39 60
3 32 38 57
4 31 37 58
5 26 36 63
6 25 35 64
7 28 34 61
8 27 33 62
9 22 48 51
10 21 47 52
11 24 46 49
12 23 45 50
13 18 44 55
14 17 43 56
15 20 42 53
16 19 41 54
1 30 41 54
2 29 42 53
3 32 43 56
4 31 44 55
5 26 45 50
6 25 46 49
7 28 47 52
8 27 48 51
9 22 33 62
10 21 34 61
11 24 35 64
12 23 36 63
13 18 37 58
14 17 38 57
15 20 39 60
16 19 40 59
1 30 42 53
2 29 41 54
3 32 44 55
4 31 43 56
5 26 46 49
6 25 45 50
7 28 48 51
8 27 47 52
9 22 34 61
10 21 33 62
11 24 36 63
12 23 35 64
13 18 38 57
14 17 37 58
15 20 40 59
16 19 39 60
1 30 43 56
2 29 44 55
3 32 41 54
4 31 42 53
5 26 47 52
6 25 48 51
7 28 45 50
8 27 46 49
9 22 35 64
10 21 36 63
11 24 33 62
12 23 34 61
13 18 39 60
14 17 40 59
15 20 37 58
16 19 38 57
1 30 44 55
2 29 43 56
3 32 42 53
4 31 41 54
5 26 48 51
6 25 47 52
7 28 46 49
8 27 45 50
9 22 36 63
10 21 35 64
11 24 34 61
12 23 33 62
13 18 40 59
14 17 39 60
15 20 38 57
16 19 37 58
1 30 45 50
2 29 46 49
3 32 47 52
4 31 48 51
5 26 41 54
6 25 42 53
7 28 43 56
8 27 44 55
9 22 37 58
10 21 38 57
11 24 39 60
12 23 40 59
13 18 33 62
14 17 34 61
15 20 35 64
16 19 36 63
1 30 46 49
2 29 45 50
3 32 48 51
4 31 47 52
5 26 42 53
6 25 41 54
7 28 44 55
8 27 43 56
9 22 38 57
10 21 37 58
11 24 40 59
12 23 39 60
13 18 34 61
14 17 33 62
15 20 36 63
16 19 35 64
1 30 47 52
2 29 48 51
3 32 45 50
4 31 46 49
5 26 43 56
6 25 44 55
7 28 41 54
8 27 42 53
9 22 39 60
10 21 40 59
11 24 37 58
12 23 38 57
13 18 35 64
14 17 36 63
15 20 33 62
16 19 34 61
1 30 48 51
2 29 47 52
3 32 46 49
4 31 45 50
5 26 44 55
6 25 43 56
7 28 42 53
8 27 41 54
9 22 40 59
10 21 39 60
11 24 38 57
12 23 37 58
13 18 36 63
14 17 35 64
15 20 34 61
16 19 33 62
1 31 33 63
2 32 34 64
3 29 35 61
4 30 36 62
5 27 37 59
6 28 38 60
7 25 39 57
8 26 40 58
9 23 41 55
10 24 42 56
11 21 43 53
12 22 44 54
13 19 45 51
14 20 46 52
15 17 47 49
16 18 48 50
1 31 34 64
2 32 33 63
3 29 36 62
4 30 35 61
5 27 38 60
6 28 37 59
7 25 40 58
8 26 39 57
9 23 42 56
10 24 41 55
11 21 44 54
12 22 43 53
13 19 46 52
14 20 45 51
15 17 48 50
16 18 47 49
1 31 35 61
2 32 36 62
3 29 33 63
4 30 34 64
5 27 39 57
6 28 40 58
7 25 37 59
8 26 38 60
9 23 43 53
10 24 44 54
11 21 41 55
12 22 42 56
13 19 47 49
14 20 48 50
15 17 45 51
16 18 46 52
1 31 36 62
2 32 35 61
3 29 34 64
4 30 33 63
5 27 40 58
6 28 39 57
7 25 38 60
8 26 37 59
9 23 44 54
10 24 43 53
11 21 42 56
12 22 41 55
13 19 48 50
14 20 47 49
15 17 46 52
16 18 45 51
1 31 37 59
2 32 38 60
3 29 39 57
4 30 40 58
5 27 33 63
6 28 34 64
7 25 35 61
8 26 36 62
9 23 45 51
10 24 46 52
11 21 47 49
12 22 48 50
13 19 41 55
14 20 42 56
15 17 43 53
16 18 44 54
1 31 38 60
2 32 37 59
3 29 40 58
4 30 39 57
5 27 34 64
6 28 33 63
7 25 36 62
8 26 35 61
9 23 46 52
10 24 45 51
11 21 48 50
12 22 47 49
13 19 42 56
14 20 41 55
15 17 44 54
16 18 43 53
1 31 39 57
2 32 40 58
3 29 37 59
4 30 38 60
5 27 35 61
6 28 36 62
7 25 33 63
8 26 34 64
9 23 47 49
10 24 48 50
11 21 45 51
12 22 46 52
13 19 43 53
14 20 44 54
15 17 41 55
16 18 42 56
1 31 40 58
2 32 39 57
3 29 38 60
4 30 37 59
5 27 36 62
6 28 35 61
7 25 34 64
8 26 33 63
9 23 48 50
10 24 47 49
11 21 46 52
12 22 45 51
13 19 44 54
14 20 43 53
15 17 42 56
16 18 41 55
1 31 41 55
2 32 42 56
3 29 43 53
4 30 44 54
5 27 45 51
6 28 46 52
7 25 47 49
8 26 48 50
9 23 33 63
10 24 34 64
11 21 35 61
12 22 36 62
13 19 37 59
14 20 38 60
15 17 39 57
16 18 40 58
1 31 42 56
2 32 41 55
3 29 44 54
4 30 43 53
5 27 46 52
6 28 45 51
7 25 48 50
8 26 47 49
9 23 34 64
10 24 33 63
11 21 36 62
12 22 35 61
13 19 38 60
14 20 37 59
15 17 40 58
16 18 39 57
1 31 43 53
2 32 44 54
3 29 41 55
4 30 42 56
5 27 47 49
6 28 48 50
7 25 45 51
8 26 46 52
9 23 35 61
10 24 36 62
11 21 33 63
12 22 34 64
13 19 39 57
14 20 40 58
15 17 37 59
16 18 38 60
1 31 44 54
2 32 43 53
3 29 42 56
4 30 41 55
5 27 48 50
6 28 47 49
7 25 46 52
8 26 45 51
9 23 36 62
10 24 35 61
11 21 34 64
12 22 33 63
13 19 40 58
14 20 39 57
15 17 38 60
16 18 37 59
1 31 45 51
2 32 46 52
3 29 47 49
4 30 48 50
5 27 41 55
6 28 42 56
7 25 43 53
8 26 44 54
9 23 37 59
10 24 38 60
11 21 39 57
12 22 40 58
13 19 33 63
14 20 34 64
15 17 35 61
16 18 36 62
1 31 46 52
2 32 45 51
3 29 48 50
4 30 47 49
5 27 42 56
6 28 41 55
7 25 44 54
8 26 43 53
9 23 38 60
10 24 37 59
11 21 40 58
12 22 39 57
13 19 34 64
14 20 33 63
15 17 36 62
16 18 35 61
1 31 47 49
2 32 48 50
3 29 45 51
4 30 46 52
5 27 43 53
6 28 44 54
7 25 41 55
8 26 42 56
9 23 39 57
10 24 40 58
11 21 37 59
12 22 38 60
13 19 35 61
14 20 36 62
15 17 33 63
16 18 34 64
1 31 48 50
2 32 47 49
3 29 46 52
4 30 45 51
5 27 44 54
6 28 43 53
7 25 42 56
8 26 41 55
9 23 40 58
10 24 39 57
11 21 38 60
12 22 37 59
13 19 36 62
14 20 35 61
15 17 34 64
16 18 33 63
1 32 33 64
2 31 34 63
3 30 35 62
4 29 36 61
5 28 37 60
6 27 38 59
7 26 39 58
8 25 40 57
9 24 41 56
10 23 42 55
11 22 43 54
12 21 44 53
13 20 45 52
14 19 46 51
15 18 47 50
16 17 48 49
1 32 34 63
2 31 33 64
3 30 36 61
4 29 35 62
5 28 38 59
6 27 37 60
7 26 40 57
8 25 39 58
9 24 42 55
10 23 41 56
11 22 44 53
12 21 43 54
13 20 46 51
14 19 45 52
15 18 48 49
16 17 47 50
1 32 35 62
2 31 36 61
3 30 33 64
4 29 34 63
5 28 39 58
6 27 40 57
7 26 37 60
8 25 38 59
9 24 43 54
10 23 44 53
11 22 41 56
12 21 42 55
13 20 47 50
14 19 48 49
15 18 45 52
16 17 46 51
1 32 36 61
2 31 35 62
3 30 34 63
4 29 33 64
5 28 40 57
6 27 39 58
7 26 38 59
8 25 37 60
9 24 44 53
10 23 43 54
11 22 42 55
12 21 41 56
13 20 48 49
14 19 47 50
15 18 46 51
16 17 45 52
1 32 37 60
2 31 38 59
3 30 39 58
4 29 40 57
5 28 33 64
6 27 34 63
7 26 35 62
8 25 36 61
9 24 45 52
10 23 46 51
11 22 47 50
12 21 48 49
13 20 41 56
14 19 42 55
15 18 43 54
16 17 44 53
1 32 38 59
2 31 37 60
3 30 40 57
4 29 39 58
5 28 34 63
6 27 33 64
7 26 36 61
8 25 35 62
9 24 46 51
10 23 45 52
11 22 48 49
12 21 47 50
13 20 42 55
14 19 41 56
15 18 44 53
16 17 43 54
1 32 39 58
2 31 40 57
3 30 37 60
4 29 38 59
5 28 35 62
6 27 36 61
7 26 33 64
8 25 34 63
9 24 47 50
10 23 48 49
11 22 45 52
12 21 46 51
13 20 43 54
14 19 44 53
15 18 41 56
16 17 42 55
1 32 40 57
2 31 39 58
3 30 38 59
4 29 37 60
5 28 36 61
6 27 35 62
7 26 34 63
8 25 33 64
9 24 48 49
10 23 47 50
11 22 46 51
12 21 45 52
13 20 44 53
14 19 43 54
15 18 42 55
16 17 41 56
1 32 41 56
2 31 42 55
3 30 43 54
4 29 44 53
5 28 45 52
6 27 46 51
7 26 47 50
8 25 48 49
9 24 33 64
10 23 34 63
11 22 35 62
12 21 36 61
13 20 37 60
14 19 38 59
15 18 39 58
16 17 40 57
1 32 42 55
2 31 41 56
3 30 44 53
4 29 43 54
5 28 46 51
6 27 45 52
7 26 48 49
8 25 47 50
9 24 34 63
10 23 33 64
11 22 36 61
12 21 35 62
13 20 38 59
14 19 37 60
15 18 40 57
16 17 39 58
1 32 43 54
2 31 44 53
3 30 41 56
4 29 42 55
5 28 47 50
6 27 48 49
7 26 45 52
8 25 46 51
9 24 35 62
10 23 36 61
11 22 33 64
12 21 34 63
13 20 39 58
14 19 40 57
15 18 37 60
16 17 38 59
1 32 44 53
2 31 43 54
3 30 42 55
4 29 41 56
5 28 48 49
6 27 47 50
7 26 46 51
8 25 45 52
9 24 36 61
10 23 35 62
11 22 34 63
12 21 33 64
13 20 40 57
14 19 39 58
15 18 38 59
16 17 37 60
1 32 45 52
2 31 46 51
3 30 47 50
4 29 48 49
5 28 41 56
6 27 42 55
7 26 43 54
8 25 44 53
9 24 37 60
10 23 38 59
11 22 39 58
12 21 40 57
13 20 33 64
14 19 34 63
15 18 35 62
16 17 36 61
1 32 46 51
2 31 45 52
3 30 48 49
4 29 47 50
5 28 42 55
6 27 41 56
7 26 44 53
8 25 43 54
9 24 38 59
10 23 37 60
11 22 40 57
12 21 39 58
13 20 34 63
14 19 33 64
15 18 36 61
16 17 35 62
1 32 47 50
2 31 48 49
3 30 45 52
4 29 46 51
5 28 43 54
6 27 44 53
7 26 41 56
8 25 42 55
9 24 39 58
10 23 40 57
11 22 37 60
12 21 38 59
13 20 35 62
14 19 36 61
15 18 33 64
16 17 34 63
1 32 48 49
2 31 47 50
3 30 46 51
4 29 45 52
5 28 44 53
6 27 43 54
7 26 42 55
8 25 41 56
9 24 40 57
10 23 39 58
11 22 38 59
12 21 37 60
13 20 36 61
14 19 35 62
15 18 34 63
16 17 33 64
